{
  "_invocations": {
    "210_thumbnailer_python_3_8": {
      "121370fe-3c8d-4c7c-8931-8de14655d633": {
        "billing": {
          "_billed_time": null,
          "_gb_seconds": 0,
          "_memory": null
        },
        "output": {
          "begin": "1731536129.103915",
          "cold_start_var": "",
          "container_id": "58f421a2",
          "end": "1731536136.805482",
          "is_cold": true,
          "request_id": "121370fe-3c8d-4c7c-8931-8de14655d633",
          "result": {
            "measurement": {
              "compute_time": 924806.0,
              "download_size": 2907386,
              "download_time": 718321.0,
              "upload_size": 3444,
              "upload_time": 180251.0
            },
            "output": {
              "bucket": "210.thumbnailer-0-output-508cd3a1-f6b0-45",
              "key": "5_asphalt-atmosphere-cloudy-sky-2739010.6d16dcfb..jpg"
            }
          },
          "results_time": 0
        },
        "provider_times": {
          "execution": 0,
          "initialization": 0
        },
        "request_id": "121370fe-3c8d-4c7c-8931-8de14655d633",
        "stats": {
          "cold_start": true,
          "failure": false,
          "memory_used": null
        },
        "times": {
          "benchmark": 7701567,
          "client": 8410427,
          "client_begin": "2024-11-13 22:15:28.413447",
          "client_end": "2024-11-13 22:15:36.823874",
          "http_first_byte_return": 8.41036,
          "http_startup": 0.357375,
          "initialization": 0
        }
      },
      "14886932-8e94-4131-823b-82aa1a34760a": {
        "billing": {
          "_billed_time": null,
          "_gb_seconds": 0,
          "_memory": null
        },
        "output": {
          "begin": "1731536129.132794",
          "cold_start_var": "",
          "container_id": "f0401f9c",
          "end": "1731536136.270103",
          "is_cold": true,
          "request_id": "14886932-8e94-4131-823b-82aa1a34760a",
          "result": {
            "measurement": {
              "compute_time": 924272.0,
              "download_size": 2907386,
              "download_time": 598409.0,
              "upload_size": 3444,
              "upload_time": 155797.0
            },
            "output": {
              "bucket": "210.thumbnailer-0-output-508cd3a1-f6b0-45",
              "key": "5_asphalt-atmosphere-cloudy-sky-2739010.abc64048..jpg"
            }
          },
          "results_time": 0
        },
        "provider_times": {
          "execution": 0,
          "initialization": 0
        },
        "request_id": "14886932-8e94-4131-823b-82aa1a34760a",
        "stats": {
          "cold_start": true,
          "failure": false,
          "memory_used": null
        },
        "times": {
          "benchmark": 7137309,
          "client": 8408797,
          "client_begin": "2024-11-13 22:15:28.397451",
          "client_end": "2024-11-13 22:15:36.806248",
          "http_first_byte_return": 8.408751,
          "http_startup": 0.370979,
          "initialization": 0
        }
      },
      "15519a2b-4c1e-4950-bb25-94dde8166a36": {
        "billing": {
          "_billed_time": null,
          "_gb_seconds": 0,
          "_memory": null
        },
        "output": {
          "begin": "1731536129.144684",
          "cold_start_var": "",
          "container_id": "d74d50f4",
          "end": "1731536136.711782",
          "is_cold": true,
          "request_id": "15519a2b-4c1e-4950-bb25-94dde8166a36",
          "result": {
            "measurement": {
              "compute_time": 926110.0,
              "download_size": 2907386,
              "download_time": 698373.0,
              "upload_size": 3444,
              "upload_time": 233805.0
            },
            "output": {
              "bucket": "210.thumbnailer-0-output-508cd3a1-f6b0-45",
              "key": "5_asphalt-atmosphere-cloudy-sky-2739010.a0f030a5..jpg"
            }
          },
          "results_time": 0
        },
        "provider_times": {
          "execution": 0,
          "initialization": 0
        },
        "request_id": "15519a2b-4c1e-4950-bb25-94dde8166a36",
        "stats": {
          "cold_start": true,
          "failure": false,
          "memory_used": null
        },
        "times": {
          "benchmark": 7567098,
          "client": 8401167,
          "client_begin": "2024-11-13 22:15:28.407071",
          "client_end": "2024-11-13 22:15:36.808238",
          "http_first_byte_return": 8.401049,
          "http_startup": 0.362839,
          "initialization": 0
        }
      },
      "16094934-4cb6-4e83-8e08-4b2839314673": {
        "billing": {
          "_billed_time": null,
          "_gb_seconds": 0,
          "_memory": null
        },
        "output": {
          "begin": "1731536128.902896",
          "cold_start_var": "",
          "container_id": "edf08a0b",
          "end": "1731536136.617626",
          "is_cold": true,
          "request_id": "16094934-4cb6-4e83-8e08-4b2839314673",
          "result": {
            "measurement": {
              "compute_time": 924509.0,
              "download_size": 2907386,
              "download_time": 718303.0,
              "upload_size": 3444,
              "upload_time": 195413.0
            },
            "output": {
              "bucket": "210.thumbnailer-0-output-508cd3a1-f6b0-45",
              "key": "5_asphalt-atmosphere-cloudy-sky-2739010.ecfae45e..jpg"
            }
          },
          "results_time": 0
        },
        "provider_times": {
          "execution": 0,
          "initialization": 0
        },
        "request_id": "16094934-4cb6-4e83-8e08-4b2839314673",
        "stats": {
          "cold_start": true,
          "failure": false,
          "memory_used": null
        },
        "times": {
          "benchmark": 7714730,
          "client": 8258723,
          "client_begin": "2024-11-13 22:15:28.423733",
          "client_end": "2024-11-13 22:15:36.682456",
          "http_first_byte_return": 8.258657,
          "http_startup": 0.129345,
          "initialization": 0
        }
      },
      "166a3cb2-c0bb-4977-a614-e05550f84ad3": {
        "billing": {
          "_billed_time": null,
          "_gb_seconds": 0,
          "_memory": null
        },
        "output": {
          "begin": "1731536129.053505",
          "cold_start_var": "",
          "container_id": "39781881",
          "end": "1731536136.749751",
          "is_cold": true,
          "request_id": "166a3cb2-c0bb-4977-a614-e05550f84ad3",
          "result": {
            "measurement": {
              "compute_time": 924975.0,
              "download_size": 2907386,
              "download_time": 678288.0,
              "upload_size": 3444,
              "upload_time": 194977.0
            },
            "output": {
              "bucket": "210.thumbnailer-0-output-508cd3a1-f6b0-45",
              "key": "5_asphalt-atmosphere-cloudy-sky-2739010.bfea7c99..jpg"
            }
          },
          "results_time": 0
        },
        "provider_times": {
          "execution": 0,
          "initialization": 0
        },
        "request_id": "166a3cb2-c0bb-4977-a614-e05550f84ad3",
        "stats": {
          "cold_start": true,
          "failure": false,
          "memory_used": null
        },
        "times": {
          "benchmark": 7696246,
          "client": 8391103,
          "client_begin": "2024-11-13 22:15:28.415498",
          "client_end": "2024-11-13 22:15:36.806601",
          "http_first_byte_return": 8.391048,
          "http_startup": 0.355269,
          "initialization": 0
        }
      },
      "1848d9ca-9ade-44ab-a936-549e2c26eb80": {
        "billing": {
          "_billed_time": null,
          "_gb_seconds": 0,
          "_memory": null
        },
        "output": {
          "begin": "1731536129.112126",
          "cold_start_var": "",
          "container_id": "3c2fb4a4",
          "end": "1731536136.716149",
          "is_cold": true,
          "request_id": "1848d9ca-9ade-44ab-a936-549e2c26eb80",
          "result": {
            "measurement": {
              "compute_time": 925603.0,
              "download_size": 2907386,
              "download_time": 738351.0,
              "upload_size": 3444,
              "upload_time": 194395.0
            },
            "output": {
              "bucket": "210.thumbnailer-0-output-508cd3a1-f6b0-45",
              "key": "5_asphalt-atmosphere-cloudy-sky-2739010.06490955..jpg"
            }
          },
          "results_time": 0
        },
        "provider_times": {
          "execution": 0,
          "initialization": 0
        },
        "request_id": "1848d9ca-9ade-44ab-a936-549e2c26eb80",
        "stats": {
          "cold_start": true,
          "failure": false,
          "memory_used": null
        },
        "times": {
          "benchmark": 7604023,
          "client": 8393481,
          "client_begin": "2024-11-13 22:15:28.450290",
          "client_end": "2024-11-13 22:15:36.843771",
          "http_first_byte_return": 8.353687,
          "http_startup": 0.316806,
          "initialization": 0
        }
      },
      "18f33737-123e-4ee8-ae4d-427cae55351d": {
        "billing": {
          "_billed_time": null,
          "_gb_seconds": 0,
          "_memory": null
        },
        "output": {
          "begin": "1731536129.049470",
          "cold_start_var": "",
          "container_id": "ca95c9cc",
          "end": "1731536136.705238",
          "is_cold": true,
          "request_id": "18f33737-123e-4ee8-ae4d-427cae55351d",
          "result": {
            "measurement": {
              "compute_time": 924487.0,
              "download_size": 2907386,
              "download_time": 698309.0,
              "upload_size": 3444,
              "upload_time": 175529.0
            },
            "output": {
              "bucket": "210.thumbnailer-0-output-508cd3a1-f6b0-45",
              "key": "5_asphalt-atmosphere-cloudy-sky-2739010.f204c2ae..jpg"
            }
          },
          "results_time": 0
        },
        "provider_times": {
          "execution": 0,
          "initialization": 0
        },
        "request_id": "18f33737-123e-4ee8-ae4d-427cae55351d",
        "stats": {
          "cold_start": true,
          "failure": false,
          "memory_used": null
        },
        "times": {
          "benchmark": 7655768,
          "client": 8365307,
          "client_begin": "2024-11-13 22:15:28.402055",
          "client_end": "2024-11-13 22:15:36.767362",
          "http_first_byte_return": 8.36524,
          "http_startup": 0.316656,
          "initialization": 0
        }
      },
      "1d760040-a3bd-4af9-9bca-b351b89b8c49": {
        "billing": {
          "_billed_time": null,
          "_gb_seconds": 0,
          "_memory": null
        },
        "output": {
          "begin": "1731536129.127011",
          "cold_start_var": "",
          "container_id": "c3034cba",
          "end": "1731536136.895458",
          "is_cold": true,
          "request_id": "1d760040-a3bd-4af9-9bca-b351b89b8c49",
          "result": {
            "measurement": {
              "compute_time": 924704.0,
              "download_size": 2907386,
              "download_time": 698285.0,
              "upload_size": 3444,
              "upload_time": 195175.0
            },
            "output": {
              "bucket": "210.thumbnailer-0-output-508cd3a1-f6b0-45",
              "key": "5_asphalt-atmosphere-cloudy-sky-2739010.ad0db803..jpg"
            }
          },
          "results_time": 0
        },
        "provider_times": {
          "execution": 0,
          "initialization": 0
        },
        "request_id": "1d760040-a3bd-4af9-9bca-b351b89b8c49",
        "stats": {
          "cold_start": true,
          "failure": false,
          "memory_used": null
        },
        "times": {
          "benchmark": 7768447,
          "client": 8493030,
          "client_begin": "2024-11-13 22:15:28.406985",
          "client_end": "2024-11-13 22:15:36.900015",
          "http_first_byte_return": 8.492967,
          "http_startup": 0.364349,
          "initialization": 0
        }
      },
      "41069fe7-5333-4618-9390-e0f162bb326a": {
        "billing": {
          "_billed_time": null,
          "_gb_seconds": 0,
          "_memory": null
        },
        "output": {
          "begin": "1731536129.227854",
          "cold_start_var": "",
          "container_id": "c90bf830",
          "end": "1731536136.651106",
          "is_cold": true,
          "request_id": "41069fe7-5333-4618-9390-e0f162bb326a",
          "result": {
            "measurement": {
              "compute_time": 924458.0,
              "download_size": 2907386,
              "download_time": 698366.0,
              "upload_size": 3444,
              "upload_time": 175460.0
            },
            "output": {
              "bucket": "210.thumbnailer-0-output-508cd3a1-f6b0-45",
              "key": "5_asphalt-atmosphere-cloudy-sky-2739010.c92b7abd..jpg"
            }
          },
          "results_time": 0
        },
        "provider_times": {
          "execution": 0,
          "initialization": 0
        },
        "request_id": "41069fe7-5333-4618-9390-e0f162bb326a",
        "stats": {
          "cold_start": true,
          "failure": false,
          "memory_used": null
        },
        "times": {
          "benchmark": 7423252,
          "client": 8388686,
          "client_begin": "2024-11-13 22:15:28.506251",
          "client_end": "2024-11-13 22:15:36.894937",
          "http_first_byte_return": 8.386516,
          "http_startup": 0.349783,
          "initialization": 0
        }
      },
      "501b9555-2717-4cc8-b87f-eadfe1e3d7c0": {
        "billing": {
          "_billed_time": null,
          "_gb_seconds": 0,
          "_memory": null
        },
        "output": {
          "begin": "1731536129.225118",
          "cold_start_var": "",
          "container_id": "9e38cc97",
          "end": "1731536137.317032",
          "is_cold": true,
          "request_id": "501b9555-2717-4cc8-b87f-eadfe1e3d7c0",
          "result": {
            "measurement": {
              "compute_time": 924379.0,
              "download_size": 2907386,
              "download_time": 738283.0,
              "upload_size": 3444,
              "upload_time": 195519.0
            },
            "output": {
              "bucket": "210.thumbnailer-0-output-508cd3a1-f6b0-45",
              "key": "5_asphalt-atmosphere-cloudy-sky-2739010.86cccd6b..jpg"
            }
          },
          "results_time": 0
        },
        "provider_times": {
          "execution": 0,
          "initialization": 0
        },
        "request_id": "501b9555-2717-4cc8-b87f-eadfe1e3d7c0",
        "stats": {
          "cold_start": true,
          "failure": false,
          "memory_used": null
        },
        "times": {
          "benchmark": 8091914,
          "client": 8880277,
          "client_begin": "2024-11-13 22:15:28.441203",
          "client_end": "2024-11-13 22:15:37.321480",
          "http_first_byte_return": 8.880164,
          "http_startup": 0.408313,
          "initialization": 0
        }
      },
      "538077ea-8913-41c7-8df7-8485e020dda3": {
        "billing": {
          "_billed_time": null,
          "_gb_seconds": 0,
          "_memory": null
        },
        "output": {
          "begin": "1731536129.095428",
          "cold_start_var": "",
          "container_id": "5e4f7a56",
          "end": "1731536136.708399",
          "is_cold": true,
          "request_id": "538077ea-8913-41c7-8df7-8485e020dda3",
          "result": {
            "measurement": {
              "compute_time": 924496.0,
              "download_size": 2907386,
              "download_time": 698296.0,
              "upload_size": 3444,
              "upload_time": 175552.0
            },
            "output": {
              "bucket": "210.thumbnailer-0-output-508cd3a1-f6b0-45",
              "key": "5_asphalt-atmosphere-cloudy-sky-2739010.3582ee46..jpg"
            }
          },
          "results_time": 0
        },
        "provider_times": {
          "execution": 0,
          "initialization": 0
        },
        "request_id": "538077ea-8913-41c7-8df7-8485e020dda3",
        "stats": {
          "cold_start": true,
          "failure": false,
          "memory_used": null
        },
        "times": {
          "benchmark": 7612971,
          "client": 8386797,
          "client_begin": "2024-11-13 22:15:28.413514",
          "client_end": "2024-11-13 22:15:36.800311",
          "http_first_byte_return": 8.386723,
          "http_startup": 0.350044,
          "initialization": 0
        }
      },
      "5f12e38c-1789-40ab-8df6-1e93eb27a17e": {
        "billing": {
          "_billed_time": null,
          "_gb_seconds": 0,
          "_memory": null
        },
        "output": {
          "begin": "1731536129.037874",
          "cold_start_var": "",
          "container_id": "bd45ef2b",
          "end": "1731536135.457961",
          "is_cold": true,
          "request_id": "5f12e38c-1789-40ab-8df6-1e93eb27a17e",
          "result": {
            "measurement": {
              "compute_time": 903213.0,
              "download_size": 2907386,
              "download_time": 598446.0,
              "upload_size": 3444,
              "upload_time": 176626.0
            },
            "output": {
              "bucket": "210.thumbnailer-0-output-508cd3a1-f6b0-45",
              "key": "5_asphalt-atmosphere-cloudy-sky-2739010.ccfad367..jpg"
            }
          },
          "results_time": 0
        },
        "provider_times": {
          "execution": 0,
          "initialization": 0
        },
        "request_id": "5f12e38c-1789-40ab-8df6-1e93eb27a17e",
        "stats": {
          "cold_start": true,
          "failure": false,
          "memory_used": null
        },
        "times": {
          "benchmark": 6420087,
          "client": 7059625,
          "client_begin": "2024-11-13 22:15:28.401396",
          "client_end": "2024-11-13 22:15:35.461021",
          "http_first_byte_return": 7.059542,
          "http_startup": 0.366224,
          "initialization": 0
        }
      },
      "62b4ca6a-78a9-4630-aca5-3534a5e7920b": {
        "billing": {
          "_billed_time": null,
          "_gb_seconds": 0,
          "_memory": null
        },
        "output": {
          "begin": "1731536129.148975",
          "cold_start_var": "",
          "container_id": "df35f2fd",
          "end": "1731536136.679581",
          "is_cold": true,
          "request_id": "62b4ca6a-78a9-4630-aca5-3534a5e7920b",
          "result": {
            "measurement": {
              "compute_time": 924481.0,
              "download_size": 2907386,
              "download_time": 678509.0,
              "upload_size": 3444,
              "upload_time": 195409.0
            },
            "output": {
              "bucket": "210.thumbnailer-0-output-508cd3a1-f6b0-45",
              "key": "5_asphalt-atmosphere-cloudy-sky-2739010.880f4cb5..jpg"
            }
          },
          "results_time": 0
        },
        "provider_times": {
          "execution": 0,
          "initialization": 0
        },
        "request_id": "62b4ca6a-78a9-4630-aca5-3534a5e7920b",
        "stats": {
          "cold_start": true,
          "failure": false,
          "memory_used": null
        },
        "times": {
          "benchmark": 7530606,
          "client": 8370766,
          "client_begin": "2024-11-13 22:15:28.506130",
          "client_end": "2024-11-13 22:15:36.876896",
          "http_first_byte_return": 8.370713,
          "http_startup": 0.33313,
          "initialization": 0
        }
      },
      "6375757a-1804-4b2d-813e-3293a1b61c0a": {
        "billing": {
          "_billed_time": null,
          "_gb_seconds": 0,
          "_memory": null
        },
        "output": {
          "begin": "1731536129.202569",
          "cold_start_var": "",
          "container_id": "7e568aa4",
          "end": "1731536136.924778",
          "is_cold": true,
          "request_id": "6375757a-1804-4b2d-813e-3293a1b61c0a",
          "result": {
            "measurement": {
              "compute_time": 944305.0,
              "download_size": 2907386,
              "download_time": 678399.0,
              "upload_size": 3444,
              "upload_time": 175605.0
            },
            "output": {
              "bucket": "210.thumbnailer-0-output-508cd3a1-f6b0-45",
              "key": "5_asphalt-atmosphere-cloudy-sky-2739010.1757cfc2..jpg"
            }
          },
          "results_time": 0
        },
        "provider_times": {
          "execution": 0,
          "initialization": 0
        },
        "request_id": "6375757a-1804-4b2d-813e-3293a1b61c0a",
        "stats": {
          "cold_start": true,
          "failure": false,
          "memory_used": null
        },
        "times": {
          "benchmark": 7722209,
          "client": 8493011,
          "client_begin": "2024-11-13 22:15:28.434071",
          "client_end": "2024-11-13 22:15:36.927082",
          "http_first_byte_return": 8.492939,
          "http_startup": 0.417833,
          "initialization": 0
        }
      },
      "65dd43ee-6f20-4da3-8a89-ceaad78a3f49": {
        "billing": {
          "_billed_time": null,
          "_gb_seconds": 0,
          "_memory": null
        },
        "output": {
          "begin": "1731536129.208427",
          "cold_start_var": "",
          "container_id": "1785f01a",
          "end": "1731536137.004351",
          "is_cold": true,
          "request_id": "65dd43ee-6f20-4da3-8a89-ceaad78a3f49",
          "result": {
            "measurement": {
              "compute_time": 985167.0,
              "download_size": 2907386,
              "download_time": 678395.0,
              "upload_size": 3444,
              "upload_time": 194800.0
            },
            "output": {
              "bucket": "210.thumbnailer-0-output-508cd3a1-f6b0-45",
              "key": "5_asphalt-atmosphere-cloudy-sky-2739010.c7817ac1..jpg"
            }
          },
          "results_time": 0
        },
        "provider_times": {
          "execution": 0,
          "initialization": 0
        },
        "request_id": "65dd43ee-6f20-4da3-8a89-ceaad78a3f49",
        "stats": {
          "cold_start": true,
          "failure": false,
          "memory_used": null
        },
        "times": {
          "benchmark": 7795924,
          "client": 8524825,
          "client_begin": "2024-11-13 22:15:28.501184",
          "client_end": "2024-11-13 22:15:37.026009",
          "http_first_byte_return": 8.524714,
          "http_startup": 0.34874,
          "initialization": 0
        }
      },
      "6e647a1b-fc15-4202-9249-74b731206596": {
        "billing": {
          "_billed_time": null,
          "_gb_seconds": 0,
          "_memory": null
        },
        "output": {
          "begin": "1731536129.200548",
          "cold_start_var": "",
          "container_id": "ec9fa6e7",
          "end": "1731536136.970769",
          "is_cold": true,
          "request_id": "6e647a1b-fc15-4202-9249-74b731206596",
          "result": {
            "measurement": {
              "compute_time": 924990.0,
              "download_size": 2907386,
              "download_time": 738272.0,
              "upload_size": 3444,
              "upload_time": 175040.0
            },
            "output": {
              "bucket": "210.thumbnailer-0-output-508cd3a1-f6b0-45",
              "key": "5_asphalt-atmosphere-cloudy-sky-2739010.f23a29b2..jpg"
            }
          },
          "results_time": 0
        },
        "provider_times": {
          "execution": 0,
          "initialization": 0
        },
        "request_id": "6e647a1b-fc15-4202-9249-74b731206596",
        "stats": {
          "cold_start": true,
          "failure": false,
          "memory_used": null
        },
        "times": {
          "benchmark": 7770221,
          "client": 8544353,
          "client_begin": "2024-11-13 22:15:28.432163",
          "client_end": "2024-11-13 22:15:36.976516",
          "http_first_byte_return": 8.544296,
          "http_startup": 0.422019,
          "initialization": 0
        }
      },
      "7219fe22-e238-414a-bd63-22d8a4e0f4d8": {
        "billing": {
          "_billed_time": null,
          "_gb_seconds": 0,
          "_memory": null
        },
        "output": {
          "begin": "1731536129.133469",
          "cold_start_var": "",
          "container_id": "4fafed28",
          "end": "1731536135.646540",
          "is_cold": true,
          "request_id": "7219fe22-e238-414a-bd63-22d8a4e0f4d8",
          "result": {
            "measurement": {
              "compute_time": 903138.0,
              "download_size": 2907386,
              "download_time": 598468.0,
              "upload_size": 3444,
              "upload_time": 136740.0
            },
            "output": {
              "bucket": "210.thumbnailer-0-output-508cd3a1-f6b0-45",
              "key": "5_asphalt-atmosphere-cloudy-sky-2739010.aa2176f2..jpg"
            }
          },
          "results_time": 0
        },
        "provider_times": {
          "execution": 0,
          "initialization": 0
        },
        "request_id": "7219fe22-e238-414a-bd63-22d8a4e0f4d8",
        "stats": {
          "cold_start": true,
          "failure": false,
          "memory_used": null
        },
        "times": {
          "benchmark": 6513071,
          "client": 7198280,
          "client_begin": "2024-11-13 22:15:28.450512",
          "client_end": "2024-11-13 22:15:35.648792",
          "http_first_byte_return": 7.198218,
          "http_startup": 0.380975,
          "initialization": 0
        }
      },
      "72b19813-85c1-4ad4-b4d5-c6851ef31785": {
        "billing": {
          "_billed_time": null,
          "_gb_seconds": 0,
          "_memory": null
        },
        "output": {
          "begin": "1731536129.031988",
          "cold_start_var": "",
          "container_id": "2a0e66f2",
          "end": "1731536136.818292",
          "is_cold": true,
          "request_id": "72b19813-85c1-4ad4-b4d5-c6851ef31785",
          "result": {
            "measurement": {
              "compute_time": 944559.0,
              "download_size": 2907386,
              "download_time": 678412.0,
              "upload_size": 3444,
              "upload_time": 175365.0
            },
            "output": {
              "bucket": "210.thumbnailer-0-output-508cd3a1-f6b0-45",
              "key": "5_asphalt-atmosphere-cloudy-sky-2739010.0a24b698..jpg"
            }
          },
          "results_time": 0
        },
        "provider_times": {
          "execution": 0,
          "initialization": 0
        },
        "request_id": "72b19813-85c1-4ad4-b4d5-c6851ef31785",
        "stats": {
          "cold_start": true,
          "failure": false,
          "memory_used": null
        },
        "times": {
          "benchmark": 7786304,
          "client": 8410312,
          "client_begin": "2024-11-13 22:15:28.410226",
          "client_end": "2024-11-13 22:15:36.820538",
          "http_first_byte_return": 8.410242,
          "http_startup": 0.302179,
          "initialization": 0
        }
      },
      "7d0610cb-5058-4db1-b0fa-650f8965cd7f": {
        "billing": {
          "_billed_time": null,
          "_gb_seconds": 0,
          "_memory": null
        },
        "output": {
          "begin": "1731536128.882192",
          "cold_start_var": "",
          "container_id": "e9f4c287",
          "end": "1731536136.365498",
          "is_cold": true,
          "request_id": "7d0610cb-5058-4db1-b0fa-650f8965cd7f",
          "result": {
            "measurement": {
              "compute_time": 924393.0,
              "download_size": 2907386,
              "download_time": 718491.0,
              "upload_size": 3444,
              "upload_time": 195795.0
            },
            "output": {
              "bucket": "210.thumbnailer-0-output-508cd3a1-f6b0-45",
              "key": "5_asphalt-atmosphere-cloudy-sky-2739010.b61c8635..jpg"
            }
          },
          "results_time": 0
        },
        "provider_times": {
          "execution": 0,
          "initialization": 0
        },
        "request_id": "7d0610cb-5058-4db1-b0fa-650f8965cd7f",
        "stats": {
          "cold_start": true,
          "failure": false,
          "memory_used": null
        },
        "times": {
          "benchmark": 7483306,
          "client": 8287020,
          "client_begin": "2024-11-13 22:15:28.426082",
          "client_end": "2024-11-13 22:15:36.713102",
          "http_first_byte_return": 8.286952,
          "http_startup": 0.124381,
          "initialization": 0
        }
      },
      "7d219102-5712-4c80-967b-db211df2758c": {
        "billing": {
          "_billed_time": null,
          "_gb_seconds": 0,
          "_memory": null
        },
        "output": {
          "begin": "1731536129.130929",
          "cold_start_var": "",
          "container_id": "712e8018",
          "end": "1731536136.595413",
          "is_cold": true,
          "request_id": "7d219102-5712-4c80-967b-db211df2758c",
          "result": {
            "measurement": {
              "compute_time": 924323.0,
              "download_size": 2907386,
              "download_time": 698352.0,
              "upload_size": 3444,
              "upload_time": 175649.0
            },
            "output": {
              "bucket": "210.thumbnailer-0-output-508cd3a1-f6b0-45",
              "key": "5_asphalt-atmosphere-cloudy-sky-2739010.19dd5cae..jpg"
            }
          },
          "results_time": 0
        },
        "provider_times": {
          "execution": 0,
          "initialization": 0
        },
        "request_id": "7d219102-5712-4c80-967b-db211df2758c",
        "stats": {
          "cold_start": true,
          "failure": false,
          "memory_used": null
        },
        "times": {
          "benchmark": 7464484,
          "client": 8388984,
          "client_begin": "2024-11-13 22:15:28.419154",
          "client_end": "2024-11-13 22:15:36.808138",
          "http_first_byte_return": 8.388936,
          "http_startup": 0.352341,
          "initialization": 0
        }
      },
      "7f5fc59c-d80a-4c50-a607-b373fae16ce7": {
        "billing": {
          "_billed_time": null,
          "_gb_seconds": 0,
          "_memory": null
        },
        "output": {
          "begin": "1731536129.145735",
          "cold_start_var": "",
          "container_id": "1102e783",
          "end": "1731536136.796635",
          "is_cold": true,
          "request_id": "7f5fc59c-d80a-4c50-a607-b373fae16ce7",
          "result": {
            "measurement": {
              "compute_time": 925238.0,
              "download_size": 2907386,
              "download_time": 718219.0,
              "upload_size": 3444,
              "upload_time": 194797.0
            },
            "output": {
              "bucket": "210.thumbnailer-0-output-508cd3a1-f6b0-45",
              "key": "5_asphalt-atmosphere-cloudy-sky-2739010.df4a5ec7..jpg"
            }
          },
          "results_time": 0
        },
        "provider_times": {
          "execution": 0,
          "initialization": 0
        },
        "request_id": "7f5fc59c-d80a-4c50-a607-b373fae16ce7",
        "stats": {
          "cold_start": true,
          "failure": false,
          "memory_used": null
        },
        "times": {
          "benchmark": 7650900,
          "client": 8395966,
          "client_begin": "2024-11-13 22:15:28.406101",
          "client_end": "2024-11-13 22:15:36.802067",
          "http_first_byte_return": 8.395908,
          "http_startup": 0.359887,
          "initialization": 0
        }
      },
      "892c44cb-8b50-4e26-a858-781ffae012c7": {
        "billing": {
          "_billed_time": null,
          "_gb_seconds": 0,
          "_memory": null
        },
        "output": {
          "begin": "1731536129.030084",
          "cold_start_var": "",
          "container_id": "93a152e2",
          "end": "1731536136.649757",
          "is_cold": true,
          "request_id": "892c44cb-8b50-4e26-a858-781ffae012c7",
          "result": {
            "measurement": {
              "compute_time": 925041.0,
              "download_size": 2907386,
              "download_time": 758381.0,
              "upload_size": 3444,
              "upload_time": 174844.0
            },
            "output": {
              "bucket": "210.thumbnailer-0-output-508cd3a1-f6b0-45",
              "key": "5_asphalt-atmosphere-cloudy-sky-2739010.b230969e..jpg"
            }
          },
          "results_time": 0
        },
        "provider_times": {
          "execution": 0,
          "initialization": 0
        },
        "request_id": "892c44cb-8b50-4e26-a858-781ffae012c7",
        "stats": {
          "cold_start": true,
          "failure": false,
          "memory_used": null
        },
        "times": {
          "benchmark": 7619673,
          "client": 8338474,
          "client_begin": "2024-11-13 22:15:28.402118",
          "client_end": "2024-11-13 22:15:36.740592",
          "http_first_byte_return": 8.338271,
          "http_startup": 0.301688,
          "initialization": 0
        }
      },
      "8aae14a0-14a5-41d6-b20b-4848980037f4": {
        "billing": {
          "_billed_time": null,
          "_gb_seconds": 0,
          "_memory": null
        },
        "output": {
          "begin": "1731536129.150101",
          "cold_start_var": "",
          "container_id": "b2959c87",
          "end": "1731536137.002116",
          "is_cold": true,
          "request_id": "8aae14a0-14a5-41d6-b20b-4848980037f4",
          "result": {
            "measurement": {
              "compute_time": 945099.0,
              "download_size": 2907386,
              "download_time": 878399.0,
              "upload_size": 3444,
              "upload_time": 194837.0
            },
            "output": {
              "bucket": "210.thumbnailer-0-output-508cd3a1-f6b0-45",
              "key": "5_asphalt-atmosphere-cloudy-sky-2739010.ff853e75..jpg"
            }
          },
          "results_time": 0
        },
        "provider_times": {
          "execution": 0,
          "initialization": 0
        },
        "request_id": "8aae14a0-14a5-41d6-b20b-4848980037f4",
        "stats": {
          "cold_start": true,
          "failure": false,
          "memory_used": null
        },
        "times": {
          "benchmark": 7852015,
          "client": 8555031,
          "client_begin": "2024-11-13 22:15:28.450366",
          "client_end": "2024-11-13 22:15:37.005397",
          "http_first_byte_return": 8.554957,
          "http_startup": 0.395447,
          "initialization": 0
        }
      },
      "8b5177ea-6e2a-4d0d-9b17-9a86f2c2cab3": {
        "billing": {
          "_billed_time": null,
          "_gb_seconds": 0,
          "_memory": null
        },
        "output": {
          "begin": "1731536129.179808",
          "cold_start_var": "",
          "container_id": "98923a74",
          "end": "1731536136.732688",
          "is_cold": true,
          "request_id": "8b5177ea-6e2a-4d0d-9b17-9a86f2c2cab3",
          "result": {
            "measurement": {
              "compute_time": 924311.0,
              "download_size": 2907386,
              "download_time": 678373.0,
              "upload_size": 3444,
              "upload_time": 175624.0
            },
            "output": {
              "bucket": "210.thumbnailer-0-output-508cd3a1-f6b0-45",
              "key": "5_asphalt-atmosphere-cloudy-sky-2739010.83f945da..jpg"
            }
          },
          "results_time": 0
        },
        "provider_times": {
          "execution": 0,
          "initialization": 0
        },
        "request_id": "8b5177ea-6e2a-4d0d-9b17-9a86f2c2cab3",
        "stats": {
          "cold_start": true,
          "failure": false,
          "memory_used": null
        },
        "times": {
          "benchmark": 7552880,
          "client": 8386495,
          "client_begin": "2024-11-13 22:15:28.495257",
          "client_end": "2024-11-13 22:15:36.881752",
          "http_first_byte_return": 8.386441,
          "http_startup": 0.351782,
          "initialization": 0
        }
      },
      "8b9fc1da-a83f-4a03-b088-38deeadd17b2": {
        "billing": {
          "_billed_time": null,
          "_gb_seconds": 0,
          "_memory": null
        },
        "output": {
          "begin": "1731536129.142993",
          "cold_start_var": "",
          "container_id": "17bb890e",
          "end": "1731536136.708143",
          "is_cold": true,
          "request_id": "8b9fc1da-a83f-4a03-b088-38deeadd17b2",
          "result": {
            "measurement": {
              "compute_time": 924327.0,
              "download_size": 2907386,
              "download_time": 698326.0,
              "upload_size": 3444,
              "upload_time": 175602.0
            },
            "output": {
              "bucket": "210.thumbnailer-0-output-508cd3a1-f6b0-45",
              "key": "5_asphalt-atmosphere-cloudy-sky-2739010.115e8d1d..jpg"
            }
          },
          "results_time": 0
        },
        "provider_times": {
          "execution": 0,
          "initialization": 0
        },
        "request_id": "8b9fc1da-a83f-4a03-b088-38deeadd17b2",
        "stats": {
          "cold_start": true,
          "failure": false,
          "memory_used": null
        },
        "times": {
          "benchmark": 7565150,
          "client": 8408205,
          "client_begin": "2024-11-13 22:15:28.429021",
          "client_end": "2024-11-13 22:15:36.837226",
          "http_first_byte_return": 8.408125,
          "http_startup": 0.369829,
          "initialization": 0
        }
      },
      "916f0b87-66a2-4e3c-ac71-0a9afa6ae8f4": {
        "billing": {
          "_billed_time": null,
          "_gb_seconds": 0,
          "_memory": null
        },
        "output": {
          "begin": "1731536128.991450",
          "cold_start_var": "",
          "container_id": "80849fa1",
          "end": "1731536136.466193",
          "is_cold": true,
          "request_id": "916f0b87-66a2-4e3c-ac71-0a9afa6ae8f4",
          "result": {
            "measurement": {
              "compute_time": 925077.0,
              "download_size": 2907386,
              "download_time": 638268.0,
              "upload_size": 3444,
              "upload_time": 194931.0
            },
            "output": {
              "bucket": "210.thumbnailer-0-output-508cd3a1-f6b0-45",
              "key": "5_asphalt-atmosphere-cloudy-sky-2739010.0a0f030a..jpg"
            }
          },
          "results_time": 0
        },
        "provider_times": {
          "execution": 0,
          "initialization": 0
        },
        "request_id": "916f0b87-66a2-4e3c-ac71-0a9afa6ae8f4",
        "stats": {
          "cold_start": true,
          "failure": false,
          "memory_used": null
        },
        "times": {
          "benchmark": 7474743,
          "client": 8338990,
          "client_begin": "2024-11-13 22:15:28.401481",
          "client_end": "2024-11-13 22:15:36.740471",
          "http_first_byte_return": 8.338892,
          "http_startup": 0.301416,
          "initialization": 0
        }
      },
      "934cb118-2b10-407d-bdff-ce2f2b9c9ff6": {
        "billing": {
          "_billed_time": null,
          "_gb_seconds": 0,
          "_memory": null
        },
        "output": {
          "begin": "1731536129.148325",
          "cold_start_var": "",
          "container_id": "ce024bef",
          "end": "1731536136.777931",
          "is_cold": true,
          "request_id": "934cb118-2b10-407d-bdff-ce2f2b9c9ff6",
          "result": {
            "measurement": {
              "compute_time": 924418.0,
              "download_size": 2907386,
              "download_time": 678426.0,
              "upload_size": 3444,
              "upload_time": 184439.0
            },
            "output": {
              "bucket": "210.thumbnailer-0-output-508cd3a1-f6b0-45",
              "key": "5_asphalt-atmosphere-cloudy-sky-2739010.7913f6c6..jpg"
            }
          },
          "results_time": 0
        },
        "provider_times": {
          "execution": 0,
          "initialization": 0
        },
        "request_id": "934cb118-2b10-407d-bdff-ce2f2b9c9ff6",
        "stats": {
          "cold_start": true,
          "failure": false,
          "memory_used": null
        },
        "times": {
          "benchmark": 7629606,
          "client": 8425362,
          "client_begin": "2024-11-13 22:15:28.438056",
          "client_end": "2024-11-13 22:15:36.863418",
          "http_first_byte_return": 8.425146,
          "http_startup": 0.389488,
          "initialization": 0
        }
      },
      "95028053-9554-4032-8621-67dfa68fbfee": {
        "billing": {
          "_billed_time": null,
          "_gb_seconds": 0,
          "_memory": null
        },
        "output": {
          "begin": "1731536129.206714",
          "cold_start_var": "",
          "container_id": "8769841b",
          "end": "1731536136.968776",
          "is_cold": true,
          "request_id": "95028053-9554-4032-8621-67dfa68fbfee",
          "result": {
            "measurement": {
              "compute_time": 945459.0,
              "download_size": 2907386,
              "download_time": 638405.0,
              "upload_size": 3444,
              "upload_time": 194420.0
            },
            "output": {
              "bucket": "210.thumbnailer-0-output-508cd3a1-f6b0-45",
              "key": "5_asphalt-atmosphere-cloudy-sky-2739010.2cb08db6..jpg"
            }
          },
          "results_time": 0
        },
        "provider_times": {
          "execution": 0,
          "initialization": 0
        },
        "request_id": "95028053-9554-4032-8621-67dfa68fbfee",
        "stats": {
          "cold_start": true,
          "failure": false,
          "memory_used": null
        },
        "times": {
          "benchmark": 7762062,
          "client": 8465756,
          "client_begin": "2024-11-13 22:15:28.506187",
          "client_end": "2024-11-13 22:15:36.971943",
          "http_first_byte_return": 8.465692,
          "http_startup": 0.336356,
          "initialization": 0
        }
      },
      "9b399f2e-3d81-4a25-a38c-81b777d58780": {
        "billing": {
          "_billed_time": null,
          "_gb_seconds": 0,
          "_memory": null
        },
        "output": {
          "begin": "1731536129.220106",
          "cold_start_var": "",
          "container_id": "0e27f87c",
          "end": "1731536136.636605",
          "is_cold": true,
          "request_id": "9b399f2e-3d81-4a25-a38c-81b777d58780",
          "result": {
            "measurement": {
              "compute_time": 944783.0,
              "download_size": 2907386,
              "download_time": 618447.0,
              "upload_size": 3444,
              "upload_time": 175152.0
            },
            "output": {
              "bucket": "210.thumbnailer-0-output-508cd3a1-f6b0-45",
              "key": "5_asphalt-atmosphere-cloudy-sky-2739010.c5104df3..jpg"
            }
          },
          "results_time": 0
        },
        "provider_times": {
          "execution": 0,
          "initialization": 0
        },
        "request_id": "9b399f2e-3d81-4a25-a38c-81b777d58780",
        "stats": {
          "cold_start": true,
          "failure": false,
          "memory_used": null
        },
        "times": {
          "benchmark": 7416499,
          "client": 8449030,
          "client_begin": "2024-11-13 22:15:28.435349",
          "client_end": "2024-11-13 22:15:36.884379",
          "http_first_byte_return": 8.448982,
          "http_startup": 0.412224,
          "initialization": 0
        }
      },
      "a072da12-6e38-400c-a1e3-78f3b4b94f98": {
        "billing": {
          "_billed_time": null,
          "_gb_seconds": 0,
          "_memory": null
        },
        "output": {
          "begin": "1731536129.237147",
          "cold_start_var": "",
          "container_id": "970ece54",
          "end": "1731536136.779235",
          "is_cold": true,
          "request_id": "a072da12-6e38-400c-a1e3-78f3b4b94f98",
          "result": {
            "measurement": {
              "compute_time": 924366.0,
              "download_size": 2907386,
              "download_time": 678311.0,
              "upload_size": 3444,
              "upload_time": 175657.0
            },
            "output": {
              "bucket": "210.thumbnailer-0-output-508cd3a1-f6b0-45",
              "key": "5_asphalt-atmosphere-cloudy-sky-2739010.af489b21..jpg"
            }
          },
          "results_time": 0
        },
        "provider_times": {
          "execution": 0,
          "initialization": 0
        },
        "request_id": "a072da12-6e38-400c-a1e3-78f3b4b94f98",
        "stats": {
          "cold_start": true,
          "failure": false,
          "memory_used": null
        },
        "times": {
          "benchmark": 7542088,
          "client": 8391473,
          "client_begin": "2024-11-13 22:15:28.501352",
          "client_end": "2024-11-13 22:15:36.892825",
          "http_first_byte_return": 8.391412,
          "http_startup": 0.354615,
          "initialization": 0
        }
      },
      "aa34ff9d-fe69-415f-a6ad-449fa90bb9db": {
        "billing": {
          "_billed_time": null,
          "_gb_seconds": 0,
          "_memory": null
        },
        "output": {
          "begin": "1731536129.242328",
          "cold_start_var": "",
          "container_id": "27cd9d38",
          "end": "1731536136.782210",
          "is_cold": true,
          "request_id": "aa34ff9d-fe69-415f-a6ad-449fa90bb9db",
          "result": {
            "measurement": {
              "compute_time": 924706.0,
              "download_size": 2907386,
              "download_time": 677537.0,
              "upload_size": 3444,
              "upload_time": 215216.0
            },
            "output": {
              "bucket": "210.thumbnailer-0-output-508cd3a1-f6b0-45",
              "key": "5_asphalt-atmosphere-cloudy-sky-2739010.e4386744..jpg"
            }
          },
          "results_time": 0
        },
        "provider_times": {
          "execution": 0,
          "initialization": 0
        },
        "request_id": "aa34ff9d-fe69-415f-a6ad-449fa90bb9db",
        "stats": {
          "cold_start": true,
          "failure": false,
          "memory_used": null
        },
        "times": {
          "benchmark": 7539882,
          "client": 8395253,
          "client_begin": "2024-11-13 22:15:28.498186",
          "client_end": "2024-11-13 22:15:36.893439",
          "http_first_byte_return": 8.395202,
          "http_startup": 0.358452,
          "initialization": 0
        }
      },
      "ae7d1f7d-5258-4733-8bef-5f5bfede0ca0": {
        "billing": {
          "_billed_time": null,
          "_gb_seconds": 0,
          "_memory": null
        },
        "output": {
          "begin": "1731536129.134524",
          "cold_start_var": "",
          "container_id": "27b0b161",
          "end": "1731536136.756225",
          "is_cold": true,
          "request_id": "ae7d1f7d-5258-4733-8bef-5f5bfede0ca0",
          "result": {
            "measurement": {
              "compute_time": 925424.0,
              "download_size": 2907386,
              "download_time": 678413.0,
              "upload_size": 3444,
              "upload_time": 194529.0
            },
            "output": {
              "bucket": "210.thumbnailer-0-output-508cd3a1-f6b0-45",
              "key": "5_asphalt-atmosphere-cloudy-sky-2739010.feeb1c76..jpg"
            }
          },
          "results_time": 0
        },
        "provider_times": {
          "execution": 0,
          "initialization": 0
        },
        "request_id": "ae7d1f7d-5258-4733-8bef-5f5bfede0ca0",
        "stats": {
          "cold_start": true,
          "failure": false,
          "memory_used": null
        },
        "times": {
          "benchmark": 7621701,
          "client": 8467652,
          "client_begin": "2024-11-13 22:15:28.450574",
          "client_end": "2024-11-13 22:15:36.918226",
          "http_first_byte_return": 8.467603,
          "http_startup": 0.365193,
          "initialization": 0
        }
      },
      "af02c1cb-9129-46a0-a3ff-4bc3aae829de": {
        "billing": {
          "_billed_time": null,
          "_gb_seconds": 0,
          "_memory": null
        },
        "output": {
          "begin": "1731536129.041008",
          "cold_start_var": "",
          "container_id": "72d3437f",
          "end": "1731536135.704387",
          "is_cold": true,
          "request_id": "af02c1cb-9129-46a0-a3ff-4bc3aae829de",
          "result": {
            "measurement": {
              "compute_time": 903875.0,
              "download_size": 2907386,
              "download_time": 678440.0,
              "upload_size": 3444,
              "upload_time": 155943.0
            },
            "output": {
              "bucket": "210.thumbnailer-0-output-508cd3a1-f6b0-45",
              "key": "5_asphalt-atmosphere-cloudy-sky-2739010.8708515e..jpg"
            }
          },
          "results_time": 0
        },
        "provider_times": {
          "execution": 0,
          "initialization": 0
        },
        "request_id": "af02c1cb-9129-46a0-a3ff-4bc3aae829de",
        "stats": {
          "cold_start": true,
          "failure": false,
          "memory_used": null
        },
        "times": {
          "benchmark": 6663379,
          "client": 7277043,
          "client_begin": "2024-11-13 22:15:28.430013",
          "client_end": "2024-11-13 22:15:35.707056",
          "http_first_byte_return": 7.27697,
          "http_startup": 0.335144,
          "initialization": 0
        }
      },
      "aff74760-fa88-4e31-8dac-feddeabd74eb": {
        "billing": {
          "_billed_time": null,
          "_gb_seconds": 0,
          "_memory": null
        },
        "output": {
          "begin": "1731536129.177180",
          "cold_start_var": "",
          "container_id": "3a992ea6",
          "end": "1731536136.746129",
          "is_cold": true,
          "request_id": "aff74760-fa88-4e31-8dac-feddeabd74eb",
          "result": {
            "measurement": {
              "compute_time": 944278.0,
              "download_size": 2907386,
              "download_time": 638378.0,
              "upload_size": 3444,
              "upload_time": 155548.0
            },
            "output": {
              "bucket": "210.thumbnailer-0-output-508cd3a1-f6b0-45",
              "key": "5_asphalt-atmosphere-cloudy-sky-2739010.29662e0d..jpg"
            }
          },
          "results_time": 0
        },
        "provider_times": {
          "execution": 0,
          "initialization": 0
        },
        "request_id": "aff74760-fa88-4e31-8dac-feddeabd74eb",
        "stats": {
          "cold_start": true,
          "failure": false,
          "memory_used": null
        },
        "times": {
          "benchmark": 7568949,
          "client": 8433412,
          "client_begin": "2024-11-13 22:15:28.450438",
          "client_end": "2024-11-13 22:15:36.883850",
          "http_first_byte_return": 8.433307,
          "http_startup": 0.397011,
          "initialization": 0
        }
      },
      "b697e64f-e904-40e0-bf5f-33b0fb15b014": {
        "billing": {
          "_billed_time": null,
          "_gb_seconds": 0,
          "_memory": null
        },
        "output": {
          "begin": "1731536129.103908",
          "cold_start_var": "",
          "container_id": "36a28f26",
          "end": "1731536136.819322",
          "is_cold": true,
          "request_id": "b697e64f-e904-40e0-bf5f-33b0fb15b014",
          "result": {
            "measurement": {
              "compute_time": 926379.0,
              "download_size": 2907386,
              "download_time": 698267.0,
              "upload_size": 3444,
              "upload_time": 193637.0
            },
            "output": {
              "bucket": "210.thumbnailer-0-output-508cd3a1-f6b0-45",
              "key": "5_asphalt-atmosphere-cloudy-sky-2739010.aa280259..jpg"
            }
          },
          "results_time": 0
        },
        "provider_times": {
          "execution": 0,
          "initialization": 0
        },
        "request_id": "b697e64f-e904-40e0-bf5f-33b0fb15b014",
        "stats": {
          "cold_start": true,
          "failure": false,
          "memory_used": null
        },
        "times": {
          "benchmark": 7715414,
          "client": 8444092,
          "client_begin": "2024-11-13 22:15:28.397370",
          "client_end": "2024-11-13 22:15:36.841462",
          "http_first_byte_return": 8.444011,
          "http_startup": 0.365287,
          "initialization": 0
        }
      },
      "c0b4997c-d978-49fb-9923-4a11172b1098": {
        "billing": {
          "_billed_time": null,
          "_gb_seconds": 0,
          "_memory": null
        },
        "output": {
          "begin": "1731536129.108812",
          "cold_start_var": "",
          "container_id": "a5c006f1",
          "end": "1731536136.826213",
          "is_cold": true,
          "request_id": "c0b4997c-d978-49fb-9923-4a11172b1098",
          "result": {
            "measurement": {
              "compute_time": 924554.0,
              "download_size": 2907386,
              "download_time": 738346.0,
              "upload_size": 3444,
              "upload_time": 175440.0
            },
            "output": {
              "bucket": "210.thumbnailer-0-output-508cd3a1-f6b0-45",
              "key": "5_asphalt-atmosphere-cloudy-sky-2739010.23dce8e6..jpg"
            }
          },
          "results_time": 0
        },
        "provider_times": {
          "execution": 0,
          "initialization": 0
        },
        "request_id": "c0b4997c-d978-49fb-9923-4a11172b1098",
        "stats": {
          "cold_start": true,
          "failure": false,
          "memory_used": null
        },
        "times": {
          "benchmark": 7717401,
          "client": 8364030,
          "client_begin": "2024-11-13 22:15:28.504610",
          "client_end": "2024-11-13 22:15:36.868640",
          "http_first_byte_return": 8.363978,
          "http_startup": 0.326746,
          "initialization": 0
        }
      },
      "c0dddb94-863c-4c42-8f1e-d95c1ec5a44f": {
        "billing": {
          "_billed_time": null,
          "_gb_seconds": 0,
          "_memory": null
        },
        "output": {
          "begin": "1731536129.143422",
          "cold_start_var": "",
          "container_id": "134bf60d",
          "end": "1731536136.772632",
          "is_cold": true,
          "request_id": "c0dddb94-863c-4c42-8f1e-d95c1ec5a44f",
          "result": {
            "measurement": {
              "compute_time": 925059.0,
              "download_size": 2907386,
              "download_time": 678362.0,
              "upload_size": 3444,
              "upload_time": 194872.0
            },
            "output": {
              "bucket": "210.thumbnailer-0-output-508cd3a1-f6b0-45",
              "key": "5_asphalt-atmosphere-cloudy-sky-2739010.f751c153..jpg"
            }
          },
          "results_time": 0
        },
        "provider_times": {
          "execution": 0,
          "initialization": 0
        },
        "request_id": "c0dddb94-863c-4c42-8f1e-d95c1ec5a44f",
        "stats": {
          "cold_start": true,
          "failure": false,
          "memory_used": null
        },
        "times": {
          "benchmark": 7629210,
          "client": 8379994,
          "client_begin": "2024-11-13 22:15:28.420467",
          "client_end": "2024-11-13 22:15:36.800461",
          "http_first_byte_return": 8.379769,
          "http_startup": 0.343879,
          "initialization": 0
        }
      },
      "c291f991-7f75-41cb-8634-21f484d54a40": {
        "billing": {
          "_billed_time": null,
          "_gb_seconds": 0,
          "_memory": null
        },
        "output": {
          "begin": "1731536129.172603",
          "cold_start_var": "",
          "container_id": "1498490c",
          "end": "1731536136.744922",
          "is_cold": true,
          "request_id": "c291f991-7f75-41cb-8634-21f484d54a40",
          "result": {
            "measurement": {
              "compute_time": 888536.0,
              "download_size": 2907386,
              "download_time": 638450.0,
              "upload_size": 3444,
              "upload_time": 251295.0
            },
            "output": {
              "bucket": "210.thumbnailer-0-output-508cd3a1-f6b0-45",
              "key": "5_asphalt-atmosphere-cloudy-sky-2739010.3f623312..jpg"
            }
          },
          "results_time": 0
        },
        "provider_times": {
          "execution": 0,
          "initialization": 0
        },
        "request_id": "c291f991-7f75-41cb-8634-21f484d54a40",
        "stats": {
          "cold_start": true,
          "failure": false,
          "memory_used": null
        },
        "times": {
          "benchmark": 7572319,
          "client": 8390446,
          "client_begin": "2024-11-13 22:15:28.493281",
          "client_end": "2024-11-13 22:15:36.883727",
          "http_first_byte_return": 8.390385,
          "http_startup": 0.352513,
          "initialization": 0
        }
      },
      "c85bd347-e20a-4aae-a791-0221618f815a": {
        "billing": {
          "_billed_time": null,
          "_gb_seconds": 0,
          "_memory": null
        },
        "output": {
          "begin": "1731536129.152979",
          "cold_start_var": "",
          "container_id": "0c07f164",
          "end": "1731536136.783774",
          "is_cold": true,
          "request_id": "c85bd347-e20a-4aae-a791-0221618f815a",
          "result": {
            "measurement": {
              "compute_time": 906704.0,
              "download_size": 2907386,
              "download_time": 678389.0,
              "upload_size": 3444,
              "upload_time": 213120.0
            },
            "output": {
              "bucket": "210.thumbnailer-0-output-508cd3a1-f6b0-45",
              "key": "5_asphalt-atmosphere-cloudy-sky-2739010.25a6bcf2..jpg"
            }
          },
          "results_time": 0
        },
        "provider_times": {
          "execution": 0,
          "initialization": 0
        },
        "request_id": "c85bd347-e20a-4aae-a791-0221618f815a",
        "stats": {
          "cold_start": true,
          "failure": false,
          "memory_used": null
        },
        "times": {
          "benchmark": 7630795,
          "client": 8466887,
          "client_begin": "2024-11-13 22:15:28.450695",
          "client_end": "2024-11-13 22:15:36.917582",
          "http_first_byte_return": 8.466818,
          "http_startup": 0.363662,
          "initialization": 0
        }
      },
      "d3c9f35a-9531-4993-a22a-635fec81057b": {
        "billing": {
          "_billed_time": null,
          "_gb_seconds": 0,
          "_memory": null
        },
        "output": {
          "begin": "1731536129.113824",
          "cold_start_var": "",
          "container_id": "a90075f2",
          "end": "1731536136.629223",
          "is_cold": true,
          "request_id": "d3c9f35a-9531-4993-a22a-635fec81057b",
          "result": {
            "measurement": {
              "compute_time": 924529.0,
              "download_size": 2907386,
              "download_time": 718350.0,
              "upload_size": 3444,
              "upload_time": 195344.0
            },
            "output": {
              "bucket": "210.thumbnailer-0-output-508cd3a1-f6b0-45",
              "key": "5_asphalt-atmosphere-cloudy-sky-2739010.4ba20d86..jpg"
            }
          },
          "results_time": 0
        },
        "provider_times": {
          "execution": 0,
          "initialization": 0
        },
        "request_id": "d3c9f35a-9531-4993-a22a-635fec81057b",
        "stats": {
          "cold_start": true,
          "failure": false,
          "memory_used": null
        },
        "times": {
          "benchmark": 7515399,
          "client": 8364482,
          "client_begin": "2024-11-13 22:15:28.501283",
          "client_end": "2024-11-13 22:15:36.865765",
          "http_first_byte_return": 8.364422,
          "http_startup": 0.325707,
          "initialization": 0
        }
      },
      "d651646a-1ffc-4b3d-8fb9-88819e9bad3f": {
        "billing": {
          "_billed_time": null,
          "_gb_seconds": 0,
          "_memory": null
        },
        "output": {
          "begin": "1731536129.120715",
          "cold_start_var": "",
          "container_id": "d2b9666f",
          "end": "1731536136.632336",
          "is_cold": true,
          "request_id": "d651646a-1ffc-4b3d-8fb9-88819e9bad3f",
          "result": {
            "measurement": {
              "compute_time": 944803.0,
              "download_size": 2907386,
              "download_time": 618367.0,
              "upload_size": 3444,
              "upload_time": 195079.0
            },
            "output": {
              "bucket": "210.thumbnailer-0-output-508cd3a1-f6b0-45",
              "key": "5_asphalt-atmosphere-cloudy-sky-2739010.5fbd2b07..jpg"
            }
          },
          "results_time": 0
        },
        "provider_times": {
          "execution": 0,
          "initialization": 0
        },
        "request_id": "d651646a-1ffc-4b3d-8fb9-88819e9bad3f",
        "stats": {
          "cold_start": true,
          "failure": false,
          "memory_used": null
        },
        "times": {
          "benchmark": 7511621,
          "client": 8365222,
          "client_begin": "2024-11-13 22:15:28.498066",
          "client_end": "2024-11-13 22:15:36.863288",
          "http_first_byte_return": 8.365138,
          "http_startup": 0.329173,
          "initialization": 0
        }
      },
      "d8a2aad3-591d-41ef-b93d-040dca1d5042": {
        "billing": {
          "_billed_time": null,
          "_gb_seconds": 0,
          "_memory": null
        },
        "output": {
          "begin": "1731536130.081192",
          "cold_start_var": "",
          "container_id": "d6ed4c6d",
          "end": "1731536137.568053",
          "is_cold": true,
          "request_id": "d8a2aad3-591d-41ef-b93d-040dca1d5042",
          "result": {
            "measurement": {
              "compute_time": 944472.0,
              "download_size": 2907386,
              "download_time": 698381.0,
              "upload_size": 3444,
              "upload_time": 175346.0
            },
            "output": {
              "bucket": "210.thumbnailer-0-output-508cd3a1-f6b0-45",
              "key": "5_asphalt-atmosphere-cloudy-sky-2739010.91474625..jpg"
            }
          },
          "results_time": 0
        },
        "provider_times": {
          "execution": 0,
          "initialization": 0
        },
        "request_id": "d8a2aad3-591d-41ef-b93d-040dca1d5042",
        "stats": {
          "cold_start": true,
          "failure": false,
          "memory_used": null
        },
        "times": {
          "benchmark": 7486861,
          "client": 9150268,
          "client_begin": "2024-11-13 22:15:28.421453",
          "client_end": "2024-11-13 22:15:37.571721",
          "http_first_byte_return": 9.150196,
          "http_startup": 0.290278,
          "initialization": 0
        }
      },
      "e26196f2-0329-4726-988a-9368ea1ffd19": {
        "billing": {
          "_billed_time": null,
          "_gb_seconds": 0,
          "_memory": null
        },
        "output": {
          "begin": "1731536129.094442",
          "cold_start_var": "",
          "container_id": "bac218c5",
          "end": "1731536136.648526",
          "is_cold": true,
          "request_id": "e26196f2-0329-4726-988a-9368ea1ffd19",
          "result": {
            "measurement": {
              "compute_time": 924598.0,
              "download_size": 2907386,
              "download_time": 678356.0,
              "upload_size": 3444,
              "upload_time": 180444.0
            },
            "output": {
              "bucket": "210.thumbnailer-0-output-508cd3a1-f6b0-45",
              "key": "5_asphalt-atmosphere-cloudy-sky-2739010.a1e6ced9..jpg"
            }
          },
          "results_time": 0
        },
        "provider_times": {
          "execution": 0,
          "initialization": 0
        },
        "request_id": "e26196f2-0329-4726-988a-9368ea1ffd19",
        "stats": {
          "cold_start": true,
          "failure": false,
          "memory_used": null
        },
        "times": {
          "benchmark": 7554084,
          "client": 8379678,
          "client_begin": "2024-11-13 22:15:28.422985",
          "client_end": "2024-11-13 22:15:36.802663",
          "http_first_byte_return": 8.379632,
          "http_startup": 0.343808,
          "initialization": 0
        }
      },
      "e4c34c89-d6e2-4626-bfdc-f6808945c079": {
        "billing": {
          "_billed_time": null,
          "_gb_seconds": 0,
          "_memory": null
        },
        "output": {
          "begin": "1731536129.117826",
          "cold_start_var": "",
          "container_id": "6d43cb5c",
          "end": "1731536136.707293",
          "is_cold": true,
          "request_id": "e4c34c89-d6e2-4626-bfdc-f6808945c079",
          "result": {
            "measurement": {
              "compute_time": 924675.0,
              "download_size": 2907386,
              "download_time": 678437.0,
              "upload_size": 3444,
              "upload_time": 175186.0
            },
            "output": {
              "bucket": "210.thumbnailer-0-output-508cd3a1-f6b0-45",
              "key": "5_asphalt-atmosphere-cloudy-sky-2739010.39ada638..jpg"
            }
          },
          "results_time": 0
        },
        "provider_times": {
          "execution": 0,
          "initialization": 0
        },
        "request_id": "e4c34c89-d6e2-4626-bfdc-f6808945c079",
        "stats": {
          "cold_start": true,
          "failure": false,
          "memory_used": null
        },
        "times": {
          "benchmark": 7589467,
          "client": 8412118,
          "client_begin": "2024-11-13 22:15:28.435677",
          "client_end": "2024-11-13 22:15:36.847795",
          "http_first_byte_return": 8.41207,
          "http_startup": 0.374349,
          "initialization": 0
        }
      },
      "e5acb689-50c8-4f2a-ad03-769c247ea4d4": {
        "billing": {
          "_billed_time": null,
          "_gb_seconds": 0,
          "_memory": null
        },
        "output": {
          "begin": "1731536129.186616",
          "cold_start_var": "",
          "container_id": "997c8243",
          "end": "1731536137.580133",
          "is_cold": true,
          "request_id": "e5acb689-50c8-4f2a-ad03-769c247ea4d4",
          "result": {
            "measurement": {
              "compute_time": 925247.0,
              "download_size": 2907386,
              "download_time": 738273.0,
              "upload_size": 3444,
              "upload_time": 194626.0
            },
            "output": {
              "bucket": "210.thumbnailer-0-output-508cd3a1-f6b0-45",
              "key": "5_asphalt-atmosphere-cloudy-sky-2739010.c6e51ca3..jpg"
            }
          },
          "results_time": 0
        },
        "provider_times": {
          "execution": 0,
          "initialization": 0
        },
        "request_id": "e5acb689-50c8-4f2a-ad03-769c247ea4d4",
        "stats": {
          "cold_start": true,
          "failure": false,
          "memory_used": null
        },
        "times": {
          "benchmark": 8393517,
          "client": 9095862,
          "client_begin": "2024-11-13 22:15:28.506042",
          "client_end": "2024-11-13 22:15:37.601904",
          "http_first_byte_return": 9.095794,
          "http_startup": 0.344379,
          "initialization": 0
        }
      },
      "ea5985f5-8603-47b1-9b1b-54292f08ae86": {
        "billing": {
          "_billed_time": null,
          "_gb_seconds": 0,
          "_memory": null
        },
        "output": {
          "begin": "1731536129.193407",
          "cold_start_var": "",
          "container_id": "9a57b624",
          "end": "1731536136.924327",
          "is_cold": true,
          "request_id": "ea5985f5-8603-47b1-9b1b-54292f08ae86",
          "result": {
            "measurement": {
              "compute_time": 927359.0,
              "download_size": 2907386,
              "download_time": 658323.0,
              "upload_size": 3444,
              "upload_time": 212717.0
            },
            "output": {
              "bucket": "210.thumbnailer-0-output-508cd3a1-f6b0-45",
              "key": "5_asphalt-atmosphere-cloudy-sky-2739010.a8d2281f..jpg"
            }
          },
          "results_time": 0
        },
        "provider_times": {
          "execution": 0,
          "initialization": 0
        },
        "request_id": "ea5985f5-8603-47b1-9b1b-54292f08ae86",
        "stats": {
          "cold_start": true,
          "failure": false,
          "memory_used": null
        },
        "times": {
          "benchmark": 7730920,
          "client": 8432414,
          "client_begin": "2024-11-13 22:15:28.495200",
          "client_end": "2024-11-13 22:15:36.927614",
          "http_first_byte_return": 8.432356,
          "http_startup": 0.357309,
          "initialization": 0
        }
      },
      "f394c54d-0922-4aaa-bdfe-962c042737f9": {
        "billing": {
          "_billed_time": null,
          "_gb_seconds": 0,
          "_memory": null
        },
        "output": {
          "begin": "1731536129.131283",
          "cold_start_var": "",
          "container_id": "50d05283",
          "end": "1731536136.773913",
          "is_cold": true,
          "request_id": "f394c54d-0922-4aaa-bdfe-962c042737f9",
          "result": {
            "measurement": {
              "compute_time": 924632.0,
              "download_size": 2907386,
              "download_time": 738455.0,
              "upload_size": 3444,
              "upload_time": 175301.0
            },
            "output": {
              "bucket": "210.thumbnailer-0-output-508cd3a1-f6b0-45",
              "key": "5_asphalt-atmosphere-cloudy-sky-2739010.9e069c3d..jpg"
            }
          },
          "results_time": 0
        },
        "provider_times": {
          "execution": 0,
          "initialization": 0
        },
        "request_id": "f394c54d-0922-4aaa-bdfe-962c042737f9",
        "stats": {
          "cold_start": true,
          "failure": false,
          "memory_used": null
        },
        "times": {
          "benchmark": 7642630,
          "client": 8409256,
          "client_begin": "2024-11-13 22:15:28.438124",
          "client_end": "2024-11-13 22:15:36.847380",
          "http_first_byte_return": 8.409174,
          "http_startup": 0.37257,
          "initialization": 0
        }
      },
      "f75dbb2c-e456-42e8-8ec8-b842107b00f0": {
        "billing": {
          "_billed_time": null,
          "_gb_seconds": 0,
          "_memory": null
        },
        "output": {
          "begin": "1731536129.175550",
          "cold_start_var": "",
          "container_id": "b886ae6b",
          "end": "1731536136.592131",
          "is_cold": true,
          "request_id": "f75dbb2c-e456-42e8-8ec8-b842107b00f0",
          "result": {
            "measurement": {
              "compute_time": 924710.0,
              "download_size": 2907386,
              "download_time": 718394.0,
              "upload_size": 3444,
              "upload_time": 175274.0
            },
            "output": {
              "bucket": "210.thumbnailer-0-output-508cd3a1-f6b0-45",
              "key": "5_asphalt-atmosphere-cloudy-sky-2739010.8771ed63..jpg"
            }
          },
          "results_time": 0
        },
        "provider_times": {
          "execution": 0,
          "initialization": 0
        },
        "request_id": "f75dbb2c-e456-42e8-8ec8-b842107b00f0",
        "stats": {
          "cold_start": true,
          "failure": false,
          "memory_used": null
        },
        "times": {
          "benchmark": 7416581,
          "client": 8444011,
          "client_begin": "2024-11-13 22:15:28.450229",
          "client_end": "2024-11-13 22:15:36.894240",
          "http_first_byte_return": 8.443933,
          "http_startup": 0.406645,
          "initialization": 0
        }
      },
      "f92dc246-19e4-49b5-bda5-2a56aa898470": {
        "billing": {
          "_billed_time": null,
          "_gb_seconds": 0,
          "_memory": null
        },
        "output": {
          "begin": "1731536129.188687",
          "cold_start_var": "",
          "container_id": "6a21e250",
          "end": "1731536136.840028",
          "is_cold": true,
          "request_id": "f92dc246-19e4-49b5-bda5-2a56aa898470",
          "result": {
            "measurement": {
              "compute_time": 945205.0,
              "download_size": 2907386,
              "download_time": 658372.0,
              "upload_size": 3444,
              "upload_time": 174693.0
            },
            "output": {
              "bucket": "210.thumbnailer-0-output-508cd3a1-f6b0-45",
              "key": "5_asphalt-atmosphere-cloudy-sky-2739010.09035c9e..jpg"
            }
          },
          "results_time": 0
        },
        "provider_times": {
          "execution": 0,
          "initialization": 0
        },
        "request_id": "f92dc246-19e4-49b5-bda5-2a56aa898470",
        "stats": {
          "cold_start": true,
          "failure": false,
          "memory_used": null
        },
        "times": {
          "benchmark": 7651341,
          "client": 8382093,
          "client_begin": "2024-11-13 22:15:28.504494",
          "client_end": "2024-11-13 22:15:36.886587",
          "http_first_byte_return": 8.38205,
          "http_startup": 0.347151,
          "initialization": 0
        }
      },
      "ff207558-1e26-49b8-97c7-abf70f527434": {
        "billing": {
          "_billed_time": null,
          "_gb_seconds": 0,
          "_memory": null
        },
        "output": {
          "begin": "1731536129.186389",
          "cold_start_var": "",
          "container_id": "4ddcb154",
          "end": "1731536136.633226",
          "is_cold": true,
          "request_id": "ff207558-1e26-49b8-97c7-abf70f527434",
          "result": {
            "measurement": {
              "compute_time": 924388.0,
              "download_size": 2907386,
              "download_time": 698502.0,
              "upload_size": 3444,
              "upload_time": 175532.0
            },
            "output": {
              "bucket": "210.thumbnailer-0-output-508cd3a1-f6b0-45",
              "key": "5_asphalt-atmosphere-cloudy-sky-2739010.86443e03..jpg"
            }
          },
          "results_time": 0
        },
        "provider_times": {
          "execution": 0,
          "initialization": 0
        },
        "request_id": "ff207558-1e26-49b8-97c7-abf70f527434",
        "stats": {
          "cold_start": true,
          "failure": false,
          "memory_used": null
        },
        "times": {
          "benchmark": 7446837,
          "client": 8431570,
          "client_begin": "2024-11-13 22:15:28.454119",
          "client_end": "2024-11-13 22:15:36.885689",
          "http_first_byte_return": 8.431524,
          "http_startup": 0.396556,
          "initialization": 0
        }
      }
    }
  },
  "_metrics": {},
  "begin_time": 1731536098.993727,
  "config": {
    "deployment": {
      "credentials": {
        "account_id": "314211295665"
      },
      "name": "aws",
      "region": "us-east-1",
      "resources": {
        "http-apis": {
          "110_dynamic_html_python_3_8-http-api": {
            "arn": "arn:aws:execute-api:us-east-1:314211295665:xb3dw1b4y9",
            "endpoint": "https://xb3dw1b4y9.execute-api.us-east-1.amazonaws.com"
          },
          "120_uploader_python_3_8-http-api": {
            "arn": "arn:aws:execute-api:us-east-1:314211295665:orle8njuxg",
            "endpoint": "https://orle8njuxg.execute-api.us-east-1.amazonaws.com"
          },
          "210_thumbnailer_python_3_8-http-api": {
            "arn": "arn:aws:execute-api:us-east-1:314211295665:1owsl69vx2",
            "endpoint": "https://1owsl69vx2.execute-api.us-east-1.amazonaws.com"
          },
          "220_video_processing_python_3_8-http-api": {
            "arn": "arn:aws:execute-api:us-east-1:314211295665:r0135su3ef",
            "endpoint": "https://r0135su3ef.execute-api.us-east-1.amazonaws.com"
          },
          "311_compression_python_3_8-http-api": {
            "arn": "arn:aws:execute-api:us-east-1:314211295665:xtmhwxb7j4",
            "endpoint": "https://xtmhwxb7j4.execute-api.us-east-1.amazonaws.com"
          },
          "501_graph_pagerank_python_3_8-http-api": {
            "arn": "arn:aws:execute-api:us-east-1:314211295665:0i4buwihqd",
            "endpoint": "https://0i4buwihqd.execute-api.us-east-1.amazonaws.com"
          },
          "502_graph_mst_python_3_8-http-api": {
            "arn": "arn:aws:execute-api:us-east-1:314211295665:u5fm1u42s1",
            "endpoint": "https://u5fm1u42s1.execute-api.us-east-1.amazonaws.com"
          },
          "503_graph_bfs_python_3_8-http-api": {
            "arn": "arn:aws:execute-api:us-east-1:314211295665:lwb2q068wg",
            "endpoint": "https://lwb2q068wg.execute-api.us-east-1.amazonaws.com"
          }
        },
        "lambda-role": "arn:aws:iam::314211295665:role/sebs-lambda-role"
      }
    },
    "experiments": {
      "architecture": "arm64",
      "download_results": true,
      "experiments": {
        "eviction-model": {
          "function_copy_idx": 0,
          "invocations": 1,
          "repetitions": 5,
          "sleep": 1
        },
        "invocation-overhead": {
          "N": 20,
          "code_begin": 1048576,
          "code_end": 261619712,
          "code_points": 20,
          "payload_begin": 1024,
          "payload_end": 6251000,
          "payload_points": 20,
          "repetitions": 5,
          "type": "payload"
        },
        "network-ping-pong": {
          "invocations": 50,
          "repetitions": 1000,
          "threads": 1
        },
        "perf-cost": {
          "benchmark": "210.thumbnailer",
          "concurrent-invocations": 50,
          "experiments": [
            "cold",
            "warm"
          ],
          "input-size": "test",
          "memory-sizes": [
            128,
            256,
            512,
            1024
          ],
          "repetitions": 50
        }
      },
      "flags": {},
      "runtime": {
        "language": "python",
        "version": "3.8"
      },
      "update_code": false,
      "update_storage": false
    }
  },
  "end_time": 1731536142.604215,
  "result_bucket": null,
  "statistics": {
    "cold_count": 50,
    "failures": [],
    "failures_count": 0,
    "incorrect": [],
    "incorrect_count": 0,
    "samples_generated": 50
  }
}