{
  "_invocations": {
    "210_thumbnailer_python_3_8": {
      "03b474e7-77b9-46e5-9a46-20f5bdcd26cc": {
        "billing": {
          "_billed_time": 415,
          "_gb_seconds": 212480,
          "_memory": 512
        },
        "output": {
          "begin": "1731536280.874359",
          "cold_start_var": "",
          "container_id": "f543fd52",
          "end": "1731536281.286662",
          "is_cold": false,
          "request_id": "03b474e7-77b9-46e5-9a46-20f5bdcd26cc",
          "result": {
            "measurement": {
              "compute_time": 167196.0,
              "download_size": 2907386,
              "download_time": 112447.0,
              "upload_size": 3444,
              "upload_time": 132508.0
            }
          },
          "results_time": 0
        },
        "provider_times": {
          "execution": 414310,
          "initialization": 0
        },
        "request_id": "03b474e7-77b9-46e5-9a46-20f5bdcd26cc",
        "stats": {
          "cold_start": false,
          "failure": false,
          "memory_used": 101.0
        },
        "times": {
          "benchmark": 412303,
          "client": 780359,
          "client_begin": "2024-11-13 22:18:00.505398",
          "client_end": "2024-11-13 22:18:01.285757",
          "http_first_byte_return": 0.780261,
          "http_startup": 0.321153,
          "initialization": 0
        }
      },
      "05040ce3-427f-4ad2-98a1-d5fbe2659a2b": {
        "billing": {
          "_billed_time": 343,
          "_gb_seconds": 175616,
          "_memory": 512
        },
        "output": {
          "begin": "1731536280.729568",
          "cold_start_var": "",
          "container_id": "9a2ef4c7",
          "end": "1731536281.070281",
          "is_cold": false,
          "request_id": "05040ce3-427f-4ad2-98a1-d5fbe2659a2b",
          "result": {
            "measurement": {
              "compute_time": 180457.0,
              "download_size": 2907386,
              "download_time": 108598.0,
              "upload_size": 3444,
              "upload_time": 51209.0
            }
          },
          "results_time": 0
        },
        "provider_times": {
          "execution": 342750,
          "initialization": 0
        },
        "request_id": "05040ce3-427f-4ad2-98a1-d5fbe2659a2b",
        "stats": {
          "cold_start": false,
          "failure": false,
          "memory_used": 99.0
        },
        "times": {
          "benchmark": 340713,
          "client": 571673,
          "client_begin": "2024-11-13 22:18:00.497134",
          "client_end": "2024-11-13 22:18:01.068807",
          "http_first_byte_return": 0.571615,
          "http_startup": 0.181966,
          "initialization": 0
        }
      },
      "0edef9ef-0d1e-4369-ba4c-24f647ed145b": {
        "billing": {
          "_billed_time": 325,
          "_gb_seconds": 166400,
          "_memory": 512
        },
        "output": {
          "begin": "1731536280.879986",
          "cold_start_var": "",
          "container_id": "3825c421",
          "end": "1731536281.202822",
          "is_cold": false,
          "request_id": "0edef9ef-0d1e-4369-ba4c-24f647ed145b",
          "result": {
            "measurement": {
              "compute_time": 161499.0,
              "download_size": 2907386,
              "download_time": 114886.0,
              "upload_size": 3444,
              "upload_time": 45951.0
            }
          },
          "results_time": 0
        },
        "provider_times": {
          "execution": 324770,
          "initialization": 0
        },
        "request_id": "0edef9ef-0d1e-4369-ba4c-24f647ed145b",
        "stats": {
          "cold_start": false,
          "failure": false,
          "memory_used": 101.0
        },
        "times": {
          "benchmark": 322836,
          "client": 637321,
          "client_begin": "2024-11-13 22:18:00.565206",
          "client_end": "2024-11-13 22:18:01.202527",
          "http_first_byte_return": 0.637278,
          "http_startup": 0.263668,
          "initialization": 0
        }
      },
      "11012bea-f7a4-42ee-b3b9-6d0e99d842d0": {
        "billing": {
          "_billed_time": 342,
          "_gb_seconds": 175104,
          "_memory": 512
        },
        "output": {
          "begin": "1731536280.868664",
          "cold_start_var": "",
          "container_id": "50343596",
          "end": "1731536281.208172",
          "is_cold": false,
          "request_id": "11012bea-f7a4-42ee-b3b9-6d0e99d842d0",
          "result": {
            "measurement": {
              "compute_time": 160824.0,
              "download_size": 2907386,
              "download_time": 105532.0,
              "upload_size": 3444,
              "upload_time": 72700.0
            }
          },
          "results_time": 0
        },
        "provider_times": {
          "execution": 341560,
          "initialization": 0
        },
        "request_id": "11012bea-f7a4-42ee-b3b9-6d0e99d842d0",
        "stats": {
          "cold_start": false,
          "failure": false,
          "memory_used": 99.0
        },
        "times": {
          "benchmark": 339508,
          "client": 731784,
          "client_begin": "2024-11-13 22:18:00.476243",
          "client_end": "2024-11-13 22:18:01.208027",
          "http_first_byte_return": 0.73174,
          "http_startup": 0.344797,
          "initialization": 0
        }
      },
      "132bfc67-0482-45fa-b2cc-fcda655613bb": {
        "billing": {
          "_billed_time": 320,
          "_gb_seconds": 163840,
          "_memory": 512
        },
        "output": {
          "begin": "1731536280.731780",
          "cold_start_var": "",
          "container_id": "11e8d699",
          "end": "1731536281.049647",
          "is_cold": false,
          "request_id": "132bfc67-0482-45fa-b2cc-fcda655613bb",
          "result": {
            "measurement": {
              "compute_time": 161883.0,
              "download_size": 2907386,
              "download_time": 106933.0,
              "upload_size": 3444,
              "upload_time": 48621.0
            }
          },
          "results_time": 0
        },
        "provider_times": {
          "execution": 319780,
          "initialization": 0
        },
        "request_id": "132bfc67-0482-45fa-b2cc-fcda655613bb",
        "stats": {
          "cold_start": false,
          "failure": false,
          "memory_used": 97.0
        },
        "times": {
          "benchmark": 317867,
          "client": 547383,
          "client_begin": "2024-11-13 22:18:00.502078",
          "client_end": "2024-11-13 22:18:01.049461",
          "http_first_byte_return": 0.54728,
          "http_startup": 0.180941,
          "initialization": 0
        }
      },
      "141bf1fc-6377-4063-90d6-0c827c8b7b92": {
        "billing": {
          "_billed_time": 294,
          "_gb_seconds": 150528,
          "_memory": 512
        },
        "output": {
          "begin": "1731536280.729416",
          "cold_start_var": "",
          "container_id": "798a0482",
          "end": "1731536281.020808",
          "is_cold": false,
          "request_id": "141bf1fc-6377-4063-90d6-0c827c8b7b92",
          "result": {
            "measurement": {
              "compute_time": 159774.0,
              "download_size": 2907386,
              "download_time": 87070.0,
              "upload_size": 3444,
              "upload_time": 44057.0
            }
          },
          "results_time": 0
        },
        "provider_times": {
          "execution": 293170,
          "initialization": 0
        },
        "request_id": "141bf1fc-6377-4063-90d6-0c827c8b7b92",
        "stats": {
          "cold_start": false,
          "failure": false,
          "memory_used": 99.0
        },
        "times": {
          "benchmark": 291392,
          "client": 542168,
          "client_begin": "2024-11-13 22:18:00.478057",
          "client_end": "2024-11-13 22:18:01.020225",
          "http_first_byte_return": 0.542107,
          "http_startup": 0.201859,
          "initialization": 0
        }
      },
      "259c5e5c-01ec-4bf9-b3ec-51a7c189bbc1": {
        "billing": {
          "_billed_time": 323,
          "_gb_seconds": 165376,
          "_memory": 512
        },
        "output": {
          "begin": "1731536280.730965",
          "cold_start_var": "",
          "container_id": "9a6aafbd",
          "end": "1731536281.051002",
          "is_cold": false,
          "request_id": "259c5e5c-01ec-4bf9-b3ec-51a7c189bbc1",
          "result": {
            "measurement": {
              "compute_time": 160452.0,
              "download_size": 2907386,
              "download_time": 94370.0,
              "upload_size": 3444,
              "upload_time": 64775.0
            }
          },
          "results_time": 0
        },
        "provider_times": {
          "execution": 322150,
          "initialization": 0
        },
        "request_id": "259c5e5c-01ec-4bf9-b3ec-51a7c189bbc1",
        "stats": {
          "cold_start": false,
          "failure": false,
          "memory_used": 99.0
        },
        "times": {
          "benchmark": 320037,
          "client": 561341,
          "client_begin": "2024-11-13 22:18:00.488266",
          "client_end": "2024-11-13 22:18:01.049607",
          "http_first_byte_return": 0.561191,
          "http_startup": 0.195416,
          "initialization": 0
        }
      },
      "2c2b8118-b051-4a4d-bdb3-d8f7a38965a6": {
        "billing": {
          "_billed_time": 306,
          "_gb_seconds": 156672,
          "_memory": 512
        },
        "output": {
          "begin": "1731536280.832938",
          "cold_start_var": "",
          "container_id": "e4c1d337",
          "end": "1731536281.136271",
          "is_cold": false,
          "request_id": "2c2b8118-b051-4a4d-bdb3-d8f7a38965a6",
          "result": {
            "measurement": {
              "compute_time": 160030.0,
              "download_size": 2907386,
              "download_time": 90087.0,
              "upload_size": 3444,
              "upload_time": 52795.0
            }
          },
          "results_time": 0
        },
        "provider_times": {
          "execution": 305230,
          "initialization": 0
        },
        "request_id": "2c2b8118-b051-4a4d-bdb3-d8f7a38965a6",
        "stats": {
          "cold_start": false,
          "failure": false,
          "memory_used": 99.0
        },
        "times": {
          "benchmark": 303333,
          "client": 669615,
          "client_begin": "2024-11-13 22:18:00.466721",
          "client_end": "2024-11-13 22:18:01.136336",
          "http_first_byte_return": 0.669569,
          "http_startup": 0.31543,
          "initialization": 0
        }
      },
      "3e4f3731-afe2-4b73-90f5-dbd649062d45": {
        "billing": {
          "_billed_time": 367,
          "_gb_seconds": 187904,
          "_memory": 512
        },
        "output": {
          "begin": "1731536280.872762",
          "cold_start_var": "",
          "container_id": "4eee4fe1",
          "end": "1731536281.236839",
          "is_cold": false,
          "request_id": "3e4f3731-afe2-4b73-90f5-dbd649062d45",
          "result": {
            "measurement": {
              "compute_time": 160906.0,
              "download_size": 2907386,
              "download_time": 142836.0,
              "upload_size": 3444,
              "upload_time": 59910.0
            }
          },
          "results_time": 0
        },
        "provider_times": {
          "execution": 366130,
          "initialization": 0
        },
        "request_id": "3e4f3731-afe2-4b73-90f5-dbd649062d45",
        "stats": {
          "cold_start": false,
          "failure": false,
          "memory_used": 99.0
        },
        "times": {
          "benchmark": 364077,
          "client": 678221,
          "client_begin": "2024-11-13 22:18:00.558128",
          "client_end": "2024-11-13 22:18:01.236349",
          "http_first_byte_return": 0.678173,
          "http_startup": 0.264802,
          "initialization": 0
        }
      },
      "48ee93f4-a144-488e-9d12-2f6bf4a0c6ab": {
        "billing": {
          "_billed_time": 327,
          "_gb_seconds": 167424,
          "_memory": 512
        },
        "output": {
          "begin": "1731536280.729772",
          "cold_start_var": "",
          "container_id": "8b3fab47",
          "end": "1731536281.054575",
          "is_cold": false,
          "request_id": "48ee93f4-a144-488e-9d12-2f6bf4a0c6ab",
          "result": {
            "measurement": {
              "compute_time": 160742.0,
              "download_size": 2907386,
              "download_time": 97913.0,
              "upload_size": 3444,
              "upload_time": 65712.0
            }
          },
          "results_time": 0
        },
        "provider_times": {
          "execution": 326790,
          "initialization": 0
        },
        "request_id": "48ee93f4-a144-488e-9d12-2f6bf4a0c6ab",
        "stats": {
          "cold_start": false,
          "failure": false,
          "memory_used": 99.0
        },
        "times": {
          "benchmark": 324803,
          "client": 559252,
          "client_begin": "2024-11-13 22:18:00.494016",
          "client_end": "2024-11-13 22:18:01.053268",
          "http_first_byte_return": 0.559201,
          "http_startup": 0.18687,
          "initialization": 0
        }
      },
      "4a865b5c-ac9b-42b0-a5cf-e75aaef2e536": {
        "billing": {
          "_billed_time": 569,
          "_gb_seconds": 291328,
          "_memory": 512
        },
        "output": {
          "begin": "1731536280.747032",
          "cold_start_var": "",
          "container_id": "2e33dd9e",
          "end": "1731536281.313237",
          "is_cold": false,
          "request_id": "4a865b5c-ac9b-42b0-a5cf-e75aaef2e536",
          "result": {
            "measurement": {
              "compute_time": 160797.0,
              "download_size": 2907386,
              "download_time": 124965.0,
              "upload_size": 3444,
              "upload_time": 279999.0
            }
          },
          "results_time": 0
        },
        "provider_times": {
          "execution": 568280,
          "initialization": 0
        },
        "request_id": "4a865b5c-ac9b-42b0-a5cf-e75aaef2e536",
        "stats": {
          "cold_start": false,
          "failure": false,
          "memory_used": 101.0
        },
        "times": {
          "benchmark": 566205,
          "client": 796382,
          "client_begin": "2024-11-13 22:18:00.517317",
          "client_end": "2024-11-13 22:18:01.313699",
          "http_first_byte_return": 0.796329,
          "http_startup": 0.181535,
          "initialization": 0
        }
      },
      "52363148-577d-4de5-84b9-52ad7dfa666f": {
        "billing": {
          "_billed_time": 330,
          "_gb_seconds": 168960,
          "_memory": 512
        },
        "output": {
          "begin": "1731536280.820613",
          "cold_start_var": "",
          "container_id": "a74e7ea7",
          "end": "1731536281.147908",
          "is_cold": false,
          "request_id": "52363148-577d-4de5-84b9-52ad7dfa666f",
          "result": {
            "measurement": {
              "compute_time": 160742.0,
              "download_size": 2907386,
              "download_time": 120083.0,
              "upload_size": 3444,
              "upload_time": 45957.0
            }
          },
          "results_time": 0
        },
        "provider_times": {
          "execution": 329340,
          "initialization": 0
        },
        "request_id": "52363148-577d-4de5-84b9-52ad7dfa666f",
        "stats": {
          "cold_start": false,
          "failure": false,
          "memory_used": 100.0
        },
        "times": {
          "benchmark": 327295,
          "client": 653604,
          "client_begin": "2024-11-13 22:18:00.493588",
          "client_end": "2024-11-13 22:18:01.147192",
          "http_first_byte_return": 0.653542,
          "http_startup": 0.27692,
          "initialization": 0
        }
      },
      "5980333c-d073-44ee-aa52-6dd21799d2d0": {
        "billing": {
          "_billed_time": 396,
          "_gb_seconds": 202752,
          "_memory": 512
        },
        "output": {
          "begin": "1731536280.884653",
          "cold_start_var": "",
          "container_id": "97806ab0",
          "end": "1731536281.278522",
          "is_cold": false,
          "request_id": "5980333c-d073-44ee-aa52-6dd21799d2d0",
          "result": {
            "measurement": {
              "compute_time": 180830.0,
              "download_size": 2907386,
              "download_time": 118088.0,
              "upload_size": 3444,
              "upload_time": 94438.0
            }
          },
          "results_time": 0
        },
        "provider_times": {
          "execution": 395900,
          "initialization": 0
        },
        "request_id": "5980333c-d073-44ee-aa52-6dd21799d2d0",
        "stats": {
          "cold_start": false,
          "failure": false,
          "memory_used": 99.0
        },
        "times": {
          "benchmark": 393869,
          "client": 779036,
          "client_begin": "2024-11-13 22:18:00.499485",
          "client_end": "2024-11-13 22:18:01.278521",
          "http_first_byte_return": 0.778935,
          "http_startup": 0.335317,
          "initialization": 0
        }
      },
      "59dbbb00-7c73-4085-ae0e-f8dbe837ccc4": {
        "billing": {
          "_billed_time": 345,
          "_gb_seconds": 176640,
          "_memory": 512
        },
        "output": {
          "begin": "1731536280.855590",
          "cold_start_var": "",
          "container_id": "f21370b9",
          "end": "1731536281.198157",
          "is_cold": false,
          "request_id": "59dbbb00-7c73-4085-ae0e-f8dbe837ccc4",
          "result": {
            "measurement": {
              "compute_time": 160196.0,
              "download_size": 2907386,
              "download_time": 134539.0,
              "upload_size": 3444,
              "upload_time": 47363.0
            }
          },
          "results_time": 0
        },
        "provider_times": {
          "execution": 344620,
          "initialization": 0
        },
        "request_id": "59dbbb00-7c73-4085-ae0e-f8dbe837ccc4",
        "stats": {
          "cold_start": false,
          "failure": false,
          "memory_used": 101.0
        },
        "times": {
          "benchmark": 342567,
          "client": 716320,
          "client_begin": "2024-11-13 22:18:00.481478",
          "client_end": "2024-11-13 22:18:01.197798",
          "http_first_byte_return": 0.71627,
          "http_startup": 0.323923,
          "initialization": 0
        }
      },
      "6218269f-e9e9-4221-90e3-8396195f66cd": {
        "billing": {
          "_billed_time": 331,
          "_gb_seconds": 169472,
          "_memory": 512
        },
        "output": {
          "begin": "1731536280.860781",
          "cold_start_var": "",
          "container_id": "11c2e49c",
          "end": "1731536281.189402",
          "is_cold": false,
          "request_id": "6218269f-e9e9-4221-90e3-8396195f66cd",
          "result": {
            "measurement": {
              "compute_time": 160183.0,
              "download_size": 2907386,
              "download_time": 119827.0,
              "upload_size": 3444,
              "upload_time": 48186.0
            }
          },
          "results_time": 0
        },
        "provider_times": {
          "execution": 330700,
          "initialization": 0
        },
        "request_id": "6218269f-e9e9-4221-90e3-8396195f66cd",
        "stats": {
          "cold_start": false,
          "failure": false,
          "memory_used": 99.0
        },
        "times": {
          "benchmark": 328621,
          "client": 638631,
          "client_begin": "2024-11-13 22:18:00.550081",
          "client_end": "2024-11-13 22:18:01.188712",
          "http_first_byte_return": 0.638584,
          "http_startup": 0.2608,
          "initialization": 0
        }
      },
      "642fecff-c4c0-4a30-abb8-53a6b7e76458": {
        "billing": {
          "_billed_time": 325,
          "_gb_seconds": 166400,
          "_memory": 512
        },
        "output": {
          "begin": "1731536280.882878",
          "cold_start_var": "",
          "container_id": "63cacc71",
          "end": "1731536281.205686",
          "is_cold": false,
          "request_id": "642fecff-c4c0-4a30-abb8-53a6b7e76458",
          "result": {
            "measurement": {
              "compute_time": 160689.0,
              "download_size": 2907386,
              "download_time": 116628.0,
              "upload_size": 3444,
              "upload_time": 45052.0
            }
          },
          "results_time": 0
        },
        "provider_times": {
          "execution": 324720,
          "initialization": 0
        },
        "request_id": "642fecff-c4c0-4a30-abb8-53a6b7e76458",
        "stats": {
          "cold_start": false,
          "failure": false,
          "memory_used": 99.0
        },
        "times": {
          "benchmark": 322808,
          "client": 642583,
          "client_begin": "2024-11-13 22:18:00.562053",
          "client_end": "2024-11-13 22:18:01.204636",
          "http_first_byte_return": 0.642543,
          "http_startup": 0.273643,
          "initialization": 0
        }
      },
      "722348f6-7367-4ba7-b343-50b02d2cd4d2": {
        "billing": {
          "_billed_time": 344,
          "_gb_seconds": 176128,
          "_memory": 512
        },
        "output": {
          "begin": "1731536280.856271",
          "cold_start_var": "",
          "container_id": "40bab0f9",
          "end": "1731536281.197626",
          "is_cold": false,
          "request_id": "722348f6-7367-4ba7-b343-50b02d2cd4d2",
          "result": {
            "measurement": {
              "compute_time": 180307.0,
              "download_size": 2907386,
              "download_time": 125049.0,
              "upload_size": 3444,
              "upload_time": 35559.0
            }
          },
          "results_time": 0
        },
        "provider_times": {
          "execution": 343330,
          "initialization": 0
        },
        "request_id": "722348f6-7367-4ba7-b343-50b02d2cd4d2",
        "stats": {
          "cold_start": false,
          "failure": false,
          "memory_used": 99.0
        },
        "times": {
          "benchmark": 341355,
          "client": 670991,
          "client_begin": "2024-11-13 22:18:00.526125",
          "client_end": "2024-11-13 22:18:01.197116",
          "http_first_byte_return": 0.67088,
          "http_startup": 0.281786,
          "initialization": 0
        }
      },
      "74c92771-8583-4626-9c3a-9a156e48792e": {
        "billing": {
          "_billed_time": 329,
          "_gb_seconds": 168448,
          "_memory": 512
        },
        "output": {
          "begin": "1731536280.874618",
          "cold_start_var": "",
          "container_id": "624039eb",
          "end": "1731536281.201498",
          "is_cold": false,
          "request_id": "74c92771-8583-4626-9c3a-9a156e48792e",
          "result": {
            "measurement": {
              "compute_time": 160343.0,
              "download_size": 2907386,
              "download_time": 110697.0,
              "upload_size": 3444,
              "upload_time": 55348.0
            }
          },
          "results_time": 0
        },
        "provider_times": {
          "execution": 328890,
          "initialization": 0
        },
        "request_id": "74c92771-8583-4626-9c3a-9a156e48792e",
        "stats": {
          "cold_start": false,
          "failure": false,
          "memory_used": 101.0
        },
        "times": {
          "benchmark": 326880,
          "client": 672284,
          "client_begin": "2024-11-13 22:18:00.528887",
          "client_end": "2024-11-13 22:18:01.201171",
          "http_first_byte_return": 0.672232,
          "http_startup": 0.297705,
          "initialization": 0
        }
      },
      "7dadce11-c185-4fb5-8abc-a406527eab27": {
        "billing": {
          "_billed_time": 330,
          "_gb_seconds": 168960,
          "_memory": 512
        },
        "output": {
          "begin": "1731536280.822923",
          "cold_start_var": "",
          "container_id": "90de6e07",
          "end": "1731536281.150705",
          "is_cold": false,
          "request_id": "7dadce11-c185-4fb5-8abc-a406527eab27",
          "result": {
            "measurement": {
              "compute_time": 180438.0,
              "download_size": 2907386,
              "download_time": 101878.0,
              "upload_size": 3444,
              "upload_time": 45032.0
            }
          },
          "results_time": 0
        },
        "provider_times": {
          "execution": 329760,
          "initialization": 0
        },
        "request_id": "7dadce11-c185-4fb5-8abc-a406527eab27",
        "stats": {
          "cold_start": false,
          "failure": false,
          "memory_used": 99.0
        },
        "times": {
          "benchmark": 327782,
          "client": 671150,
          "client_begin": "2024-11-13 22:18:00.478181",
          "client_end": "2024-11-13 22:18:01.149331",
          "http_first_byte_return": 0.67111,
          "http_startup": 0.295503,
          "initialization": 0
        }
      },
      "87a1edb9-33f3-484c-8145-491178b8dda5": {
        "billing": {
          "_billed_time": 310,
          "_gb_seconds": 158720,
          "_memory": 512
        },
        "output": {
          "begin": "1731536280.854556",
          "cold_start_var": "",
          "container_id": "d4b595ee",
          "end": "1731536281.161686",
          "is_cold": false,
          "request_id": "87a1edb9-33f3-484c-8145-491178b8dda5",
          "result": {
            "measurement": {
              "compute_time": 180549.0,
              "download_size": 2907386,
              "download_time": 87509.0,
              "upload_size": 3444,
              "upload_time": 38601.0
            }
          },
          "results_time": 0
        },
        "provider_times": {
          "execution": 309190,
          "initialization": 0
        },
        "request_id": "87a1edb9-33f3-484c-8145-491178b8dda5",
        "stats": {
          "cold_start": false,
          "failure": false,
          "memory_used": 101.0
        },
        "times": {
          "benchmark": 307130,
          "client": 590473,
          "client_begin": "2024-11-13 22:18:00.570051",
          "client_end": "2024-11-13 22:18:01.160524",
          "http_first_byte_return": 0.590405,
          "http_startup": 0.237046,
          "initialization": 0
        }
      },
      "893e615e-531e-4d0e-9ddc-f874b1ff239c": {
        "billing": {
          "_billed_time": 324,
          "_gb_seconds": 165888,
          "_memory": 512
        },
        "output": {
          "begin": "1731536280.889736",
          "cold_start_var": "",
          "container_id": "492bb92d",
          "end": "1731536281.210895",
          "is_cold": false,
          "request_id": "893e615e-531e-4d0e-9ddc-f874b1ff239c",
          "result": {
            "measurement": {
              "compute_time": 160683.0,
              "download_size": 2907386,
              "download_time": 101393.0,
              "upload_size": 3444,
              "upload_time": 58626.0
            }
          },
          "results_time": 0
        },
        "provider_times": {
          "execution": 323420,
          "initialization": 0
        },
        "request_id": "893e615e-531e-4d0e-9ddc-f874b1ff239c",
        "stats": {
          "cold_start": false,
          "failure": false,
          "memory_used": 99.0
        },
        "times": {
          "benchmark": 321159,
          "client": 648391,
          "client_begin": "2024-11-13 22:18:00.562114",
          "client_end": "2024-11-13 22:18:01.210505",
          "http_first_byte_return": 0.648351,
          "http_startup": 0.277917,
          "initialization": 0
        }
      },
      "8bdf4489-28ec-44e4-bed7-993191212a18": {
        "billing": {
          "_billed_time": 334,
          "_gb_seconds": 171008,
          "_memory": 512
        },
        "output": {
          "begin": "1731536280.891316",
          "cold_start_var": "",
          "container_id": "4bec5abb",
          "end": "1731536281.222401",
          "is_cold": false,
          "request_id": "8bdf4489-28ec-44e4-bed7-993191212a18",
          "result": {
            "measurement": {
              "compute_time": 164303.0,
              "download_size": 2907386,
              "download_time": 123986.0,
              "upload_size": 3444,
              "upload_time": 42360.0
            }
          },
          "results_time": 0
        },
        "provider_times": {
          "execution": 333520,
          "initialization": 0
        },
        "request_id": "8bdf4489-28ec-44e4-bed7-993191212a18",
        "stats": {
          "cold_start": false,
          "failure": false,
          "memory_used": 99.0
        },
        "times": {
          "benchmark": 331085,
          "client": 670574,
          "client_begin": "2024-11-13 22:18:00.553214",
          "client_end": "2024-11-13 22:18:01.223788",
          "http_first_byte_return": 0.668782,
          "http_startup": 0.287785,
          "initialization": 0
        }
      },
      "8d735933-f73c-4735-ae2f-ffee2dfb708b": {
        "billing": {
          "_billed_time": 330,
          "_gb_seconds": 168960,
          "_memory": 512
        },
        "output": {
          "begin": "1731536280.853417",
          "cold_start_var": "",
          "container_id": "d549adfa",
          "end": "1731536281.181127",
          "is_cold": false,
          "request_id": "8d735933-f73c-4735-ae2f-ffee2dfb708b",
          "result": {
            "measurement": {
              "compute_time": 161193.0,
              "download_size": 2907386,
              "download_time": 112033.0,
              "upload_size": 3444,
              "upload_time": 54037.0
            }
          },
          "results_time": 0
        },
        "provider_times": {
          "execution": 329750,
          "initialization": 0
        },
        "request_id": "8d735933-f73c-4735-ae2f-ffee2dfb708b",
        "stats": {
          "cold_start": false,
          "failure": false,
          "memory_used": 99.0
        },
        "times": {
          "benchmark": 327710,
          "client": 698976,
          "client_begin": "2024-11-13 22:18:00.481404",
          "client_end": "2024-11-13 22:18:01.180380",
          "http_first_byte_return": 0.698893,
          "http_startup": 0.321364,
          "initialization": 0
        }
      },
      "8e417a25-9c87-46e1-a825-b77d7aee4f29": {
        "billing": {
          "_billed_time": 313,
          "_gb_seconds": 160256,
          "_memory": 512
        },
        "output": {
          "begin": "1731536280.745019",
          "cold_start_var": "",
          "container_id": "8df6ecdd",
          "end": "1731536281.055207",
          "is_cold": false,
          "request_id": "8e417a25-9c87-46e1-a825-b77d7aee4f29",
          "result": {
            "measurement": {
              "compute_time": 160382.0,
              "download_size": 2907386,
              "download_time": 107009.0,
              "upload_size": 3444,
              "upload_time": 42390.0
            }
          },
          "results_time": 0
        },
        "provider_times": {
          "execution": 312060,
          "initialization": 0
        },
        "request_id": "8e417a25-9c87-46e1-a825-b77d7aee4f29",
        "stats": {
          "cold_start": false,
          "failure": false,
          "memory_used": 97.0
        },
        "times": {
          "benchmark": 310188,
          "client": 583116,
          "client_begin": "2024-11-13 22:18:00.470497",
          "client_end": "2024-11-13 22:18:01.053613",
          "http_first_byte_return": 0.583049,
          "http_startup": 0.225003,
          "initialization": 0
        }
      },
      "945c6a8c-1eb4-4108-8b7d-503160ad671e": {
        "billing": {
          "_billed_time": 324,
          "_gb_seconds": 165888,
          "_memory": 512
        },
        "output": {
          "begin": "1731536280.878876",
          "cold_start_var": "",
          "container_id": "bca582ab",
          "end": "1731536281.200570",
          "is_cold": false,
          "request_id": "945c6a8c-1eb4-4108-8b7d-503160ad671e",
          "result": {
            "measurement": {
              "compute_time": 182020.0,
              "download_size": 2907386,
              "download_time": 94780.0,
              "upload_size": 3444,
              "upload_time": 44442.0
            }
          },
          "results_time": 0
        },
        "provider_times": {
          "execution": 323710,
          "initialization": 0
        },
        "request_id": "945c6a8c-1eb4-4108-8b7d-503160ad671e",
        "stats": {
          "cold_start": false,
          "failure": false,
          "memory_used": 99.0
        },
        "times": {
          "benchmark": 321694,
          "client": 685335,
          "client_begin": "2024-11-13 22:18:00.514171",
          "client_end": "2024-11-13 22:18:01.199506",
          "http_first_byte_return": 0.685283,
          "http_startup": 0.314681,
          "initialization": 0
        }
      },
      "a5b54779-6fce-4fcf-9efc-101f3f14c27d": {
        "billing": {
          "_billed_time": 366,
          "_gb_seconds": 187392,
          "_memory": 512
        },
        "output": {
          "begin": "1731536280.891835",
          "cold_start_var": "",
          "container_id": "0e38735b",
          "end": "1731536281.255579",
          "is_cold": false,
          "request_id": "a5b54779-6fce-4fcf-9efc-101f3f14c27d",
          "result": {
            "measurement": {
              "compute_time": 161617.0,
              "download_size": 2907386,
              "download_time": 113497.0,
              "upload_size": 3444,
              "upload_time": 88158.0
            }
          },
          "results_time": 0
        },
        "provider_times": {
          "execution": 365780,
          "initialization": 0
        },
        "request_id": "a5b54779-6fce-4fcf-9efc-101f3f14c27d",
        "stats": {
          "cold_start": false,
          "failure": false,
          "memory_used": 101.0
        },
        "times": {
          "benchmark": 363744,
          "client": 725352,
          "client_begin": "2024-11-13 22:18:00.530076",
          "client_end": "2024-11-13 22:18:01.255428",
          "http_first_byte_return": 0.72529,
          "http_startup": 0.313687,
          "initialization": 0
        }
      },
      "a77553e7-e8f8-4fee-bfb8-07e61498fcaa": {
        "billing": {
          "_billed_time": 319,
          "_gb_seconds": 163328,
          "_memory": 512
        },
        "output": {
          "begin": "1731536280.895234",
          "cold_start_var": "",
          "container_id": "f50d34b0",
          "end": "1731536281.211774",
          "is_cold": false,
          "request_id": "a77553e7-e8f8-4fee-bfb8-07e61498fcaa",
          "result": {
            "measurement": {
              "compute_time": 160509.0,
              "download_size": 2907386,
              "download_time": 108266.0,
              "upload_size": 3444,
              "upload_time": 47343.0
            }
          },
          "results_time": 0
        },
        "provider_times": {
          "execution": 318540,
          "initialization": 0
        },
        "request_id": "a77553e7-e8f8-4fee-bfb8-07e61498fcaa",
        "stats": {
          "cold_start": false,
          "failure": false,
          "memory_used": 99.0
        },
        "times": {
          "benchmark": 316540,
          "client": 691100,
          "client_begin": "2024-11-13 22:18:00.520448",
          "client_end": "2024-11-13 22:18:01.211548",
          "http_first_byte_return": 0.691055,
          "http_startup": 0.325257,
          "initialization": 0
        }
      },
      "ae7de649-7791-43f6-a395-c7cc10810bc7": {
        "billing": {
          "_billed_time": 334,
          "_gb_seconds": 171008,
          "_memory": 512
        },
        "output": {
          "begin": "1731536280.834987",
          "cold_start_var": "",
          "container_id": "c89bc1de",
          "end": "1731536281.166823",
          "is_cold": false,
          "request_id": "ae7de649-7791-43f6-a395-c7cc10810bc7",
          "result": {
            "measurement": {
              "compute_time": 180089.0,
              "download_size": 2907386,
              "download_time": 119677.0,
              "upload_size": 3444,
              "upload_time": 31763.0
            }
          },
          "results_time": 0
        },
        "provider_times": {
          "execution": 333810,
          "initialization": 0
        },
        "request_id": "ae7de649-7791-43f6-a395-c7cc10810bc7",
        "stats": {
          "cold_start": false,
          "failure": false,
          "memory_used": 101.0
        },
        "times": {
          "benchmark": 331836,
          "client": 706090,
          "client_begin": "2024-11-13 22:18:00.459237",
          "client_end": "2024-11-13 22:18:01.165327",
          "http_first_byte_return": 0.70602,
          "http_startup": 0.325442,
          "initialization": 0
        }
      },
      "b0bbc20a-3ed5-467c-b58c-2ea7b21367e6": {
        "billing": {
          "_billed_time": 307,
          "_gb_seconds": 157184,
          "_memory": 512
        },
        "output": {
          "begin": "1731536280.831908",
          "cold_start_var": "",
          "container_id": "05105b6d",
          "end": "1731536281.136276",
          "is_cold": false,
          "request_id": "b0bbc20a-3ed5-467c-b58c-2ea7b21367e6",
          "result": {
            "measurement": {
              "compute_time": 159936.0,
              "download_size": 2907386,
              "download_time": 106150.0,
              "upload_size": 3444,
              "upload_time": 37795.0
            }
          },
          "results_time": 0
        },
        "provider_times": {
          "execution": 306160,
          "initialization": 0
        },
        "request_id": "b0bbc20a-3ed5-467c-b58c-2ea7b21367e6",
        "stats": {
          "cold_start": false,
          "failure": false,
          "memory_used": 101.0
        },
        "times": {
          "benchmark": 304368,
          "client": 651292,
          "client_begin": "2024-11-13 22:18:00.484674",
          "client_end": "2024-11-13 22:18:01.135966",
          "http_first_byte_return": 0.651242,
          "http_startup": 0.299159,
          "initialization": 0
        }
      },
      "bfd55a6f-2cfd-48f8-94ca-c4286704077b": {
        "billing": {
          "_billed_time": 316,
          "_gb_seconds": 161792,
          "_memory": 512
        },
        "output": {
          "begin": "1731536280.729279",
          "cold_start_var": "",
          "container_id": "bf71f5ff",
          "end": "1731536281.042480",
          "is_cold": false,
          "request_id": "bfd55a6f-2cfd-48f8-94ca-c4286704077b",
          "result": {
            "measurement": {
              "compute_time": 161523.0,
              "download_size": 2907386,
              "download_time": 94741.0,
              "upload_size": 3444,
              "upload_time": 56481.0
            }
          },
          "results_time": 0
        },
        "provider_times": {
          "execution": 315190,
          "initialization": 0
        },
        "request_id": "bfd55a6f-2cfd-48f8-94ca-c4286704077b",
        "stats": {
          "cold_start": false,
          "failure": false,
          "memory_used": 97.0
        },
        "times": {
          "benchmark": 313201,
          "client": 552048,
          "client_begin": "2024-11-13 22:18:00.490483",
          "client_end": "2024-11-13 22:18:01.042531",
          "http_first_byte_return": 0.551982,
          "http_startup": 0.191223,
          "initialization": 0
        }
      },
      "c04d0370-d0ba-4643-bf2a-b03436f7cb9c": {
        "billing": {
          "_billed_time": 324,
          "_gb_seconds": 165888,
          "_memory": 512
        },
        "output": {
          "begin": "1731536280.866884",
          "cold_start_var": "",
          "container_id": "9d0e25d1",
          "end": "1731536281.188050",
          "is_cold": false,
          "request_id": "c04d0370-d0ba-4643-bf2a-b03436f7cb9c",
          "result": {
            "measurement": {
              "compute_time": 161258.0,
              "download_size": 2907386,
              "download_time": 102882.0,
              "upload_size": 3444,
              "upload_time": 56562.0
            }
          },
          "results_time": 0
        },
        "provider_times": {
          "execution": 323140,
          "initialization": 0
        },
        "request_id": "c04d0370-d0ba-4643-bf2a-b03436f7cb9c",
        "stats": {
          "cold_start": false,
          "failure": false,
          "memory_used": 99.0
        },
        "times": {
          "benchmark": 321166,
          "client": 617540,
          "client_begin": "2024-11-13 22:18:00.570104",
          "client_end": "2024-11-13 22:18:01.187644",
          "http_first_byte_return": 0.61748,
          "http_startup": 0.24692,
          "initialization": 0
        }
      },
      "c480f1ef-500d-4ebc-927d-53f7ca9001cc": {
        "billing": {
          "_billed_time": 366,
          "_gb_seconds": 187392,
          "_memory": 512
        },
        "output": {
          "begin": "1731536280.714667",
          "cold_start_var": "",
          "container_id": "cb419d50",
          "end": "1731536281.078527",
          "is_cold": false,
          "request_id": "c480f1ef-500d-4ebc-927d-53f7ca9001cc",
          "result": {
            "measurement": {
              "compute_time": 161354.0,
              "download_size": 2907386,
              "download_time": 134388.0,
              "upload_size": 3444,
              "upload_time": 67608.0
            }
          },
          "results_time": 0
        },
        "provider_times": {
          "execution": 365970,
          "initialization": 0
        },
        "request_id": "c480f1ef-500d-4ebc-927d-53f7ca9001cc",
        "stats": {
          "cold_start": false,
          "failure": false,
          "memory_used": 99.0
        },
        "times": {
          "benchmark": 363860,
          "client": 618885,
          "client_begin": "2024-11-13 22:18:00.458456",
          "client_end": "2024-11-13 22:18:01.077341",
          "http_first_byte_return": 0.618817,
          "http_startup": 0.199239,
          "initialization": 0
        }
      },
      "c510b923-42f7-457b-abce-fdfef8327cf6": {
        "billing": {
          "_billed_time": 353,
          "_gb_seconds": 180736,
          "_memory": 512
        },
        "output": {
          "begin": "1731536280.883565",
          "cold_start_var": "",
          "container_id": "a7ac93dd",
          "end": "1731536281.234059",
          "is_cold": false,
          "request_id": "c510b923-42f7-457b-abce-fdfef8327cf6",
          "result": {
            "measurement": {
              "compute_time": 181549.0,
              "download_size": 2907386,
              "download_time": 123402.0,
              "upload_size": 3444,
              "upload_time": 45045.0
            }
          },
          "results_time": 0
        },
        "provider_times": {
          "execution": 352430,
          "initialization": 0
        },
        "request_id": "c510b923-42f7-457b-abce-fdfef8327cf6",
        "stats": {
          "cold_start": false,
          "failure": false,
          "memory_used": 102.0
        },
        "times": {
          "benchmark": 350494,
          "client": 700469,
          "client_begin": "2024-11-13 22:18:00.533209",
          "client_end": "2024-11-13 22:18:01.233678",
          "http_first_byte_return": 0.700419,
          "http_startup": 0.302612,
          "initialization": 0
        }
      },
      "c5545ee8-8c0f-48a1-ab8c-4916567e34f9": {
        "billing": {
          "_billed_time": 346,
          "_gb_seconds": 177152,
          "_memory": 512
        },
        "output": {
          "begin": "1731536280.895409",
          "cold_start_var": "",
          "container_id": "162e6012",
          "end": "1731536281.238731",
          "is_cold": false,
          "request_id": "c5545ee8-8c0f-48a1-ab8c-4916567e34f9",
          "result": {
            "measurement": {
              "compute_time": 160113.0,
              "download_size": 2907386,
              "download_time": 102927.0,
              "upload_size": 3444,
              "upload_time": 79763.0
            }
          },
          "results_time": 0
        },
        "provider_times": {
          "execution": 345360,
          "initialization": 0
        },
        "request_id": "c5545ee8-8c0f-48a1-ab8c-4916567e34f9",
        "stats": {
          "cold_start": false,
          "failure": false,
          "memory_used": 99.0
        },
        "times": {
          "benchmark": 343322,
          "client": 693009,
          "client_begin": "2024-11-13 22:18:00.547295",
          "client_end": "2024-11-13 22:18:01.240304",
          "http_first_byte_return": 0.692955,
          "http_startup": 0.29639,
          "initialization": 0
        }
      },
      "c7eec263-ad46-4c37-b6c5-eea2d668a539": {
        "billing": {
          "_billed_time": 308,
          "_gb_seconds": 157696,
          "_memory": 512
        },
        "output": {
          "begin": "1731536280.827660",
          "cold_start_var": "",
          "container_id": "7d8e309c",
          "end": "1731536281.132808",
          "is_cold": false,
          "request_id": "c7eec263-ad46-4c37-b6c5-eea2d668a539",
          "result": {
            "measurement": {
              "compute_time": 160643.0,
              "download_size": 2907386,
              "download_time": 90887.0,
              "upload_size": 3444,
              "upload_time": 53114.0
            }
          },
          "results_time": 0
        },
        "provider_times": {
          "execution": 307320,
          "initialization": 0
        },
        "request_id": "c7eec263-ad46-4c37-b6c5-eea2d668a539",
        "stats": {
          "cold_start": false,
          "failure": false,
          "memory_used": 101.0
        },
        "times": {
          "benchmark": 305148,
          "client": 641833,
          "client_begin": "2024-11-13 22:18:00.490368",
          "client_end": "2024-11-13 22:18:01.132201",
          "http_first_byte_return": 0.641759,
          "http_startup": 0.291238,
          "initialization": 0
        }
      },
      "c85a9aa5-92e0-40a6-bcf3-8e6c1bb3026e": {
        "billing": {
          "_billed_time": 388,
          "_gb_seconds": 198656,
          "_memory": 512
        },
        "output": {
          "begin": "1731536280.863708",
          "cold_start_var": "",
          "container_id": "81bc7f1d",
          "end": "1731536281.249740",
          "is_cold": false,
          "request_id": "c85a9aa5-92e0-40a6-bcf3-8e6c1bb3026e",
          "result": {
            "measurement": {
              "compute_time": 181884.0,
              "download_size": 2907386,
              "download_time": 118987.0,
              "upload_size": 3444,
              "upload_time": 84692.0
            }
          },
          "results_time": 0
        },
        "provider_times": {
          "execution": 387870,
          "initialization": 0
        },
        "request_id": "c85a9aa5-92e0-40a6-bcf3-8e6c1bb3026e",
        "stats": {
          "cold_start": false,
          "failure": false,
          "memory_used": 99.0
        },
        "times": {
          "benchmark": 386032,
          "client": 679954,
          "client_begin": "2024-11-13 22:18:00.568400",
          "client_end": "2024-11-13 22:18:01.248354",
          "http_first_byte_return": 0.679891,
          "http_startup": 0.247661,
          "initialization": 0
        }
      },
      "c87d92c3-a4ac-466d-9d81-d2f3e0821140": {
        "billing": {
          "_billed_time": 325,
          "_gb_seconds": 166400,
          "_memory": 512
        },
        "output": {
          "begin": "1731536280.842427",
          "cold_start_var": "",
          "container_id": "44ffe2c4",
          "end": "1731536281.165413",
          "is_cold": false,
          "request_id": "c87d92c3-a4ac-466d-9d81-d2f3e0821140",
          "result": {
            "measurement": {
              "compute_time": 160845.0,
              "download_size": 2907386,
              "download_time": 105179.0,
              "upload_size": 3444,
              "upload_time": 56520.0
            }
          },
          "results_time": 0
        },
        "provider_times": {
          "execution": 324890,
          "initialization": 0
        },
        "request_id": "c87d92c3-a4ac-466d-9d81-d2f3e0821140",
        "stats": {
          "cold_start": false,
          "failure": false,
          "memory_used": 99.0
        },
        "times": {
          "benchmark": 322986,
          "client": 702148,
          "client_begin": "2024-11-13 22:18:00.462498",
          "client_end": "2024-11-13 22:18:01.164646",
          "http_first_byte_return": 0.702081,
          "http_startup": 0.329542,
          "initialization": 0
        }
      },
      "ce728234-ac9c-43ba-9bc2-fa2a7901f514": {
        "billing": {
          "_billed_time": 352,
          "_gb_seconds": 180224,
          "_memory": 512
        },
        "output": {
          "begin": "1731536280.866745",
          "cold_start_var": "",
          "container_id": "560a2d5f",
          "end": "1731536281.215903",
          "is_cold": false,
          "request_id": "ce728234-ac9c-43ba-9bc2-fa2a7901f514",
          "result": {
            "measurement": {
              "compute_time": 160804.0,
              "download_size": 2907386,
              "download_time": 93954.0,
              "upload_size": 3444,
              "upload_time": 93966.0
            }
          },
          "results_time": 0
        },
        "provider_times": {
          "execution": 351190,
          "initialization": 0
        },
        "request_id": "ce728234-ac9c-43ba-9bc2-fa2a7901f514",
        "stats": {
          "cold_start": false,
          "failure": false,
          "memory_used": 99.0
        },
        "times": {
          "benchmark": 349158,
          "client": 730026,
          "client_begin": "2024-11-13 22:18:00.484619",
          "client_end": "2024-11-13 22:18:01.214645",
          "http_first_byte_return": 0.729979,
          "http_startup": 0.326794,
          "initialization": 0
        }
      },
      "d50feb0d-c29c-4839-b9ba-2a39bed1b480": {
        "billing": {
          "_billed_time": 351,
          "_gb_seconds": 179712,
          "_memory": 512
        },
        "output": {
          "begin": "1731536280.873628",
          "cold_start_var": "",
          "container_id": "96c80094",
          "end": "1731536281.222237",
          "is_cold": false,
          "request_id": "d50feb0d-c29c-4839-b9ba-2a39bed1b480",
          "result": {
            "measurement": {
              "compute_time": 161947.0,
              "download_size": 2907386,
              "download_time": 115073.0,
              "upload_size": 3444,
              "upload_time": 71025.0
            }
          },
          "results_time": 0
        },
        "provider_times": {
          "execution": 350500,
          "initialization": 0
        },
        "request_id": "d50feb0d-c29c-4839-b9ba-2a39bed1b480",
        "stats": {
          "cold_start": false,
          "failure": false,
          "memory_used": 99.0
        },
        "times": {
          "benchmark": 348609,
          "client": 660771,
          "client_begin": "2024-11-13 22:18:00.561265",
          "client_end": "2024-11-13 22:18:01.222036",
          "http_first_byte_return": 0.660675,
          "http_startup": 0.260178,
          "initialization": 0
        }
      },
      "d557a430-6869-4f84-8a5a-0db634aad5f4": {
        "billing": {
          "_billed_time": 325,
          "_gb_seconds": 166400,
          "_memory": 512
        },
        "output": {
          "begin": "1731536280.753159",
          "cold_start_var": "",
          "container_id": "8960f800",
          "end": "1731536281.075766",
          "is_cold": false,
          "request_id": "d557a430-6869-4f84-8a5a-0db634aad5f4",
          "result": {
            "measurement": {
              "compute_time": 160510.0,
              "download_size": 2907386,
              "download_time": 92784.0,
              "upload_size": 3444,
              "upload_time": 68872.0
            }
          },
          "results_time": 0
        },
        "provider_times": {
          "execution": 324620,
          "initialization": 0
        },
        "request_id": "d557a430-6869-4f84-8a5a-0db634aad5f4",
        "stats": {
          "cold_start": false,
          "failure": false,
          "memory_used": 101.0
        },
        "times": {
          "benchmark": 322607,
          "client": 612754,
          "client_begin": "2024-11-13 22:18:00.462411",
          "client_end": "2024-11-13 22:18:01.075165",
          "http_first_byte_return": 0.612674,
          "http_startup": 0.232394,
          "initialization": 0
        }
      },
      "d6afb20d-bacc-4c88-bd09-e84048809e52": {
        "billing": {
          "_billed_time": 329,
          "_gb_seconds": 168448,
          "_memory": 512
        },
        "output": {
          "begin": "1731536280.895207",
          "cold_start_var": "",
          "container_id": "ea203912",
          "end": "1731536281.222093",
          "is_cold": false,
          "request_id": "d6afb20d-bacc-4c88-bd09-e84048809e52",
          "result": {
            "measurement": {
              "compute_time": 160329.0,
              "download_size": 2907386,
              "download_time": 116235.0,
              "upload_size": 3444,
              "upload_time": 49892.0
            }
          },
          "results_time": 0
        },
        "provider_times": {
          "execution": 328980,
          "initialization": 0
        },
        "request_id": "d6afb20d-bacc-4c88-bd09-e84048809e52",
        "stats": {
          "cold_start": false,
          "failure": false,
          "memory_used": 97.0
        },
        "times": {
          "benchmark": 326886,
          "client": 674711,
          "client_begin": "2024-11-13 22:18:00.547793",
          "client_end": "2024-11-13 22:18:01.222504",
          "http_first_byte_return": 0.674667,
          "http_startup": 0.290929,
          "initialization": 0
        }
      },
      "d8618ac7-c787-4103-9ea7-c4fc66a89c9a": {
        "billing": {
          "_billed_time": 343,
          "_gb_seconds": 175616,
          "_memory": 512
        },
        "output": {
          "begin": "1731536280.723230",
          "cold_start_var": "",
          "container_id": "53db4611",
          "end": "1731536281.063500",
          "is_cold": false,
          "request_id": "d8618ac7-c787-4103-9ea7-c4fc66a89c9a",
          "result": {
            "measurement": {
              "compute_time": 161370.0,
              "download_size": 2907386,
              "download_time": 110633.0,
              "upload_size": 3444,
              "upload_time": 67842.0
            }
          },
          "results_time": 0
        },
        "provider_times": {
          "execution": 342130,
          "initialization": 0
        },
        "request_id": "d8618ac7-c787-4103-9ea7-c4fc66a89c9a",
        "stats": {
          "cold_start": false,
          "failure": false,
          "memory_used": 99.0
        },
        "times": {
          "benchmark": 340270,
          "client": 547666,
          "client_begin": "2024-11-13 22:18:00.514232",
          "client_end": "2024-11-13 22:18:01.061898",
          "http_first_byte_return": 0.54761,
          "http_startup": 0.159174,
          "initialization": 0
        }
      },
      "df90f077-1c7d-496f-938b-e7eaf7a9085b": {
        "billing": {
          "_billed_time": 323,
          "_gb_seconds": 165376,
          "_memory": 512
        },
        "output": {
          "begin": "1731536280.699599",
          "cold_start_var": "",
          "container_id": "dbd68b89",
          "end": "1731536281.020185",
          "is_cold": false,
          "request_id": "df90f077-1c7d-496f-938b-e7eaf7a9085b",
          "result": {
            "measurement": {
              "compute_time": 181583.0,
              "download_size": 2907386,
              "download_time": 102877.0,
              "upload_size": 3444,
              "upload_time": 35623.0
            }
          },
          "results_time": 0
        },
        "provider_times": {
          "execution": 322600,
          "initialization": 0
        },
        "request_id": "df90f077-1c7d-496f-938b-e7eaf7a9085b",
        "stats": {
          "cold_start": false,
          "failure": false,
          "memory_used": 99.0
        },
        "times": {
          "benchmark": 320586,
          "client": 544103,
          "client_begin": "2024-11-13 22:18:00.475102",
          "client_end": "2024-11-13 22:18:01.019205",
          "http_first_byte_return": 0.544038,
          "http_startup": 0.177578,
          "initialization": 0
        }
      },
      "e3791303-6870-48be-ad0a-cbe5c325a9d7": {
        "billing": {
          "_billed_time": 357,
          "_gb_seconds": 182784,
          "_memory": 512
        },
        "output": {
          "begin": "1731536280.895278",
          "cold_start_var": "",
          "container_id": "1804491b",
          "end": "1731536281.250007",
          "is_cold": false,
          "request_id": "e3791303-6870-48be-ad0a-cbe5c325a9d7",
          "result": {
            "measurement": {
              "compute_time": 182586.0,
              "download_size": 2907386,
              "download_time": 102518.0,
              "upload_size": 3444,
              "upload_time": 69188.0
            }
          },
          "results_time": 0
        },
        "provider_times": {
          "execution": 356680,
          "initialization": 0
        },
        "request_id": "e3791303-6870-48be-ad0a-cbe5c325a9d7",
        "stats": {
          "cold_start": false,
          "failure": false,
          "memory_used": 99.0
        },
        "times": {
          "benchmark": 354729,
          "client": 694963,
          "client_begin": "2024-11-13 22:18:00.554072",
          "client_end": "2024-11-13 22:18:01.249035",
          "http_first_byte_return": 0.694912,
          "http_startup": 0.291469,
          "initialization": 0
        }
      },
      "e44f9066-4a83-4306-8265-a25aeeb18ed6": {
        "billing": {
          "_billed_time": 329,
          "_gb_seconds": 168448,
          "_memory": 512
        },
        "output": {
          "begin": "1731536280.841985",
          "cold_start_var": "",
          "container_id": "bf65b68c",
          "end": "1731536281.168188",
          "is_cold": false,
          "request_id": "e44f9066-4a83-4306-8265-a25aeeb18ed6",
          "result": {
            "measurement": {
              "compute_time": 161231.0,
              "download_size": 2907386,
              "download_time": 112536.0,
              "upload_size": 3444,
              "upload_time": 52011.0
            }
          },
          "results_time": 0
        },
        "provider_times": {
          "execution": 328130,
          "initialization": 0
        },
        "request_id": "e44f9066-4a83-4306-8265-a25aeeb18ed6",
        "stats": {
          "cold_start": false,
          "failure": false,
          "memory_used": 99.0
        },
        "times": {
          "benchmark": 326203,
          "client": 701043,
          "client_begin": "2024-11-13 22:18:00.465886",
          "client_end": "2024-11-13 22:18:01.166929",
          "http_first_byte_return": 0.700979,
          "http_startup": 0.322532,
          "initialization": 0
        }
      },
      "e76109e1-af99-4091-9e6c-41595a99f7ff": {
        "billing": {
          "_billed_time": 399,
          "_gb_seconds": 204288,
          "_memory": 512
        },
        "output": {
          "begin": "1731536280.911638",
          "cold_start_var": "",
          "container_id": "1354c29f",
          "end": "1731536281.308445",
          "is_cold": false,
          "request_id": "e76109e1-af99-4091-9e6c-41595a99f7ff",
          "result": {
            "measurement": {
              "compute_time": 180290.0,
              "download_size": 2907386,
              "download_time": 104197.0,
              "upload_size": 3444,
              "upload_time": 111891.0
            }
          },
          "results_time": 0
        },
        "provider_times": {
          "execution": 398890,
          "initialization": 0
        },
        "request_id": "e76109e1-af99-4091-9e6c-41595a99f7ff",
        "stats": {
          "cold_start": false,
          "failure": false,
          "memory_used": 99.0
        },
        "times": {
          "benchmark": 396807,
          "client": 835250,
          "client_begin": "2024-11-13 22:18:00.473229",
          "client_end": "2024-11-13 22:18:01.308479",
          "http_first_byte_return": 0.83514,
          "http_startup": 0.365456,
          "initialization": 0
        }
      },
      "e787ac0f-a8fb-47b2-a877-db9d0a8d9fb7": {
        "billing": {
          "_billed_time": 378,
          "_gb_seconds": 193536,
          "_memory": 512
        },
        "output": {
          "begin": "1731536280.883116",
          "cold_start_var": "",
          "container_id": "e4e8e587",
          "end": "1731536281.258884",
          "is_cold": false,
          "request_id": "e787ac0f-a8fb-47b2-a877-db9d0a8d9fb7",
          "result": {
            "measurement": {
              "compute_time": 160629.0,
              "download_size": 2907386,
              "download_time": 113688.0,
              "upload_size": 3444,
              "upload_time": 99330.0
            }
          },
          "results_time": 0
        },
        "provider_times": {
          "execution": 377750,
          "initialization": 0
        },
        "request_id": "e787ac0f-a8fb-47b2-a877-db9d0a8d9fb7",
        "stats": {
          "cold_start": false,
          "failure": false,
          "memory_used": 101.0
        },
        "times": {
          "benchmark": 375768,
          "client": 712005,
          "client_begin": "2024-11-13 22:18:00.547233",
          "client_end": "2024-11-13 22:18:01.259238",
          "http_first_byte_return": 0.711944,
          "http_startup": 0.287848,
          "initialization": 0
        }
      },
      "e7c0bc01-1bbd-4c88-a5b6-fcc2a56a53bf": {
        "billing": {
          "_billed_time": 337,
          "_gb_seconds": 172544,
          "_memory": 512
        },
        "output": {
          "begin": "1731536280.895131",
          "cold_start_var": "",
          "container_id": "41e6740f",
          "end": "1731536281.229686",
          "is_cold": false,
          "request_id": "e7c0bc01-1bbd-4c88-a5b6-fcc2a56a53bf",
          "result": {
            "measurement": {
              "compute_time": 161100.0,
              "download_size": 2907386,
              "download_time": 105208.0,
              "upload_size": 3444,
              "upload_time": 67726.0
            }
          },
          "results_time": 0
        },
        "provider_times": {
          "execution": 336680,
          "initialization": 0
        },
        "request_id": "e7c0bc01-1bbd-4c88-a5b6-fcc2a56a53bf",
        "stats": {
          "cold_start": false,
          "failure": false,
          "memory_used": 101.0
        },
        "times": {
          "benchmark": 334555,
          "client": 677789,
          "client_begin": "2024-11-13 22:18:00.553272",
          "client_end": "2024-11-13 22:18:01.231061",
          "http_first_byte_return": 0.677713,
          "http_startup": 0.289553,
          "initialization": 0
        }
      },
      "ec9e85e9-d31a-4677-9317-238f102d3468": {
        "billing": {
          "_billed_time": 371,
          "_gb_seconds": 189952,
          "_memory": 512
        },
        "output": {
          "begin": "1731536280.911416",
          "cold_start_var": "",
          "container_id": "ec953386",
          "end": "1731536281.279568",
          "is_cold": false,
          "request_id": "ec9e85e9-d31a-4677-9317-238f102d3468",
          "result": {
            "measurement": {
              "compute_time": 161337.0,
              "download_size": 2907386,
              "download_time": 114771.0,
              "upload_size": 3444,
              "upload_time": 91582.0
            }
          },
          "results_time": 0
        },
        "provider_times": {
          "execution": 370180,
          "initialization": 0
        },
        "request_id": "ec9e85e9-d31a-4677-9317-238f102d3468",
        "stats": {
          "cold_start": false,
          "failure": false,
          "memory_used": 99.0
        },
        "times": {
          "benchmark": 368152,
          "client": 721496,
          "client_begin": "2024-11-13 22:18:00.557193",
          "client_end": "2024-11-13 22:18:01.278689",
          "http_first_byte_return": 0.721433,
          "http_startup": 0.274197,
          "initialization": 0
        }
      },
      "fabe6ae5-349d-4892-bb9f-3baf4ee92aa2": {
        "billing": {
          "_billed_time": 338,
          "_gb_seconds": 173056,
          "_memory": 512
        },
        "output": {
          "begin": "1731536280.874564",
          "cold_start_var": "",
          "container_id": "44b0dd5a",
          "end": "1731536281.210192",
          "is_cold": false,
          "request_id": "fabe6ae5-349d-4892-bb9f-3baf4ee92aa2",
          "result": {
            "measurement": {
              "compute_time": 160286.0,
              "download_size": 2907386,
              "download_time": 110796.0,
              "upload_size": 3444,
              "upload_time": 64103.0
            }
          },
          "results_time": 0
        },
        "provider_times": {
          "execution": 337610,
          "initialization": 0
        },
        "request_id": "fabe6ae5-349d-4892-bb9f-3baf4ee92aa2",
        "stats": {
          "cold_start": false,
          "failure": false,
          "memory_used": 99.0
        },
        "times": {
          "benchmark": 335628,
          "client": 644524,
          "client_begin": "2024-11-13 22:18:00.565288",
          "client_end": "2024-11-13 22:18:01.209812",
          "http_first_byte_return": 0.644478,
          "http_startup": 0.259686,
          "initialization": 0
        }
      }
    }
  },
  "_metrics": {
    "210_thumbnailer_python_3_8": {}
  },
  "begin_time": 1731536264.613642,
  "config": {
    "deployment": {
      "credentials": {
        "account_id": "314211295665"
      },
      "name": "aws",
      "region": "us-east-1",
      "resources": {
        "http-apis": {
          "110_dynamic_html_python_3_8-http-api": {
            "arn": "arn:aws:execute-api:us-east-1:314211295665:xb3dw1b4y9",
            "endpoint": "https://xb3dw1b4y9.execute-api.us-east-1.amazonaws.com"
          },
          "120_uploader_python_3_8-http-api": {
            "arn": "arn:aws:execute-api:us-east-1:314211295665:orle8njuxg",
            "endpoint": "https://orle8njuxg.execute-api.us-east-1.amazonaws.com"
          },
          "210_thumbnailer_python_3_8-http-api": {
            "arn": "arn:aws:execute-api:us-east-1:314211295665:1owsl69vx2",
            "endpoint": "https://1owsl69vx2.execute-api.us-east-1.amazonaws.com"
          },
          "220_video_processing_python_3_8-http-api": {
            "arn": "arn:aws:execute-api:us-east-1:314211295665:r0135su3ef",
            "endpoint": "https://r0135su3ef.execute-api.us-east-1.amazonaws.com"
          },
          "311_compression_python_3_8-http-api": {
            "arn": "arn:aws:execute-api:us-east-1:314211295665:xtmhwxb7j4",
            "endpoint": "https://xtmhwxb7j4.execute-api.us-east-1.amazonaws.com"
          },
          "501_graph_pagerank_python_3_8-http-api": {
            "arn": "arn:aws:execute-api:us-east-1:314211295665:0i4buwihqd",
            "endpoint": "https://0i4buwihqd.execute-api.us-east-1.amazonaws.com"
          },
          "502_graph_mst_python_3_8-http-api": {
            "arn": "arn:aws:execute-api:us-east-1:314211295665:u5fm1u42s1",
            "endpoint": "https://u5fm1u42s1.execute-api.us-east-1.amazonaws.com"
          },
          "503_graph_bfs_python_3_8-http-api": {
            "arn": "arn:aws:execute-api:us-east-1:314211295665:lwb2q068wg",
            "endpoint": "https://lwb2q068wg.execute-api.us-east-1.amazonaws.com"
          }
        },
        "lambda-role": "arn:aws:iam::314211295665:role/sebs-lambda-role"
      }
    },
    "experiments": {
      "architecture": "arm64",
      "download_results": true,
      "experiments": {},
      "flags": {},
      "runtime": {
        "language": "python",
        "version": "3.8"
      },
      "update_code": false,
      "update_storage": false
    }
  },
  "end_time": 1731536286.315734,
  "result_bucket": null,
  "statistics": {
    "cold_count": 0,
    "failures": [],
    "failures_count": 0,
    "incorrect": [],
    "incorrect_count": 0,
    "samples_generated": 50
  }
}