{
  "_invocations": {
    "210_thumbnailer_python_3_8": {
      "087b210c-208b-463e-9a21-1aa7be2552f5": {
        "billing": {
          "_billed_time": null,
          "_gb_seconds": 0,
          "_memory": null
        },
        "output": {
          "begin": "1731536339.020635",
          "cold_start_var": "",
          "container_id": "0e372e3c",
          "end": "1731536339.296052",
          "is_cold": false,
          "request_id": "087b210c-208b-463e-9a21-1aa7be2552f5",
          "result": {
            "measurement": {
              "compute_time": 91634.0,
              "download_size": 2907386,
              "download_time": 81945.0,
              "upload_size": 3444,
              "upload_time": 101413.0
            },
            "output": {
              "bucket": "210.thumbnailer-0-output-508cd3a1-f6b0-45",
              "key": "5_asphalt-atmosphere-cloudy-sky-2739010.64e3ada3..jpg"
            }
          },
          "results_time": 0
        },
        "provider_times": {
          "execution": 0,
          "initialization": 0
        },
        "request_id": "087b210c-208b-463e-9a21-1aa7be2552f5",
        "stats": {
          "cold_start": false,
          "failure": false,
          "memory_used": null
        },
        "times": {
          "benchmark": 275417,
          "client": 597850,
          "client_begin": "2024-11-13 22:18:58.696646",
          "client_end": "2024-11-13 22:18:59.294496",
          "http_first_byte_return": 0.597791,
          "http_startup": 0.271861,
          "initialization": 0
        }
      },
      "0dab7b88-380b-4258-b08d-df528825afc7": {
        "billing": {
          "_billed_time": null,
          "_gb_seconds": 0,
          "_memory": null
        },
        "output": {
          "begin": "1731536339.023146",
          "cold_start_var": "",
          "container_id": "eaac8a8c",
          "end": "1731536339.231029",
          "is_cold": false,
          "request_id": "0dab7b88-380b-4258-b08d-df528825afc7",
          "result": {
            "measurement": {
              "compute_time": 79877.0,
              "download_size": 2907386,
              "download_time": 90496.0,
              "upload_size": 3444,
              "upload_time": 37036.0
            },
            "output": {
              "bucket": "210.thumbnailer-0-output-508cd3a1-f6b0-45",
              "key": "5_asphalt-atmosphere-cloudy-sky-2739010.f71f8c47..jpg"
            }
          },
          "results_time": 0
        },
        "provider_times": {
          "execution": 0,
          "initialization": 0
        },
        "request_id": "0dab7b88-380b-4258-b08d-df528825afc7",
        "stats": {
          "cold_start": false,
          "failure": false,
          "memory_used": null
        },
        "times": {
          "benchmark": 207883,
          "client": 588975,
          "client_begin": "2024-11-13 22:18:58.640090",
          "client_end": "2024-11-13 22:18:59.229065",
          "http_first_byte_return": 0.588934,
          "http_startup": 0.333226,
          "initialization": 0
        }
      },
      "11a9b388-2ada-4eb9-bc41-941df555d7ec": {
        "billing": {
          "_billed_time": null,
          "_gb_seconds": 0,
          "_memory": null
        },
        "output": {
          "begin": "1731536339.019773",
          "cold_start_var": "",
          "container_id": "704a7589",
          "end": "1731536339.262253",
          "is_cold": false,
          "request_id": "11a9b388-2ada-4eb9-bc41-941df555d7ec",
          "result": {
            "measurement": {
              "compute_time": 80600.0,
              "download_size": 2907386,
              "download_time": 111015.0,
              "upload_size": 3444,
              "upload_time": 50363.0
            },
            "output": {
              "bucket": "210.thumbnailer-0-output-508cd3a1-f6b0-45",
              "key": "5_asphalt-atmosphere-cloudy-sky-2739010.ea1b50b8..jpg"
            }
          },
          "results_time": 0
        },
        "provider_times": {
          "execution": 0,
          "initialization": 0
        },
        "request_id": "11a9b388-2ada-4eb9-bc41-941df555d7ec",
        "stats": {
          "cold_start": false,
          "failure": false,
          "memory_used": null
        },
        "times": {
          "benchmark": 242480,
          "client": 558470,
          "client_begin": "2024-11-13 22:18:58.702106",
          "client_end": "2024-11-13 22:18:59.260576",
          "http_first_byte_return": 0.558409,
          "http_startup": 0.26589,
          "initialization": 0
        }
      },
      "1c654ce5-8f46-475e-bfad-62be600f4557": {
        "billing": {
          "_billed_time": null,
          "_gb_seconds": 0,
          "_memory": null
        },
        "output": {
          "begin": "1731536338.861010",
          "cold_start_var": "",
          "container_id": "000a5d55",
          "end": "1731536339.116809",
          "is_cold": false,
          "request_id": "1c654ce5-8f46-475e-bfad-62be600f4557",
          "result": {
            "measurement": {
              "compute_time": 89696.0,
              "download_size": 2907386,
              "download_time": 90994.0,
              "upload_size": 3444,
              "upload_time": 74782.0
            },
            "output": {
              "bucket": "210.thumbnailer-0-output-508cd3a1-f6b0-45",
              "key": "5_asphalt-atmosphere-cloudy-sky-2739010.8e2e56c2..jpg"
            }
          },
          "results_time": 0
        },
        "provider_times": {
          "execution": 0,
          "initialization": 0
        },
        "request_id": "1c654ce5-8f46-475e-bfad-62be600f4557",
        "stats": {
          "cold_start": false,
          "failure": false,
          "memory_used": null
        },
        "times": {
          "benchmark": 255799,
          "client": 492618,
          "client_begin": "2024-11-13 22:18:58.623754",
          "client_end": "2024-11-13 22:18:59.116372",
          "http_first_byte_return": 0.492583,
          "http_startup": 0.180248,
          "initialization": 0
        }
      },
      "1d62953a-bab0-4965-8aa5-4d5c1b0f9c09": {
        "billing": {
          "_billed_time": null,
          "_gb_seconds": 0,
          "_memory": null
        },
        "output": {
          "begin": "1731536339.015330",
          "cold_start_var": "",
          "container_id": "28682b6a",
          "end": "1731536339.250808",
          "is_cold": false,
          "request_id": "1d62953a-bab0-4965-8aa5-4d5c1b0f9c09",
          "result": {
            "measurement": {
              "compute_time": 80160.0,
              "download_size": 2907386,
              "download_time": 85205.0,
              "upload_size": 3444,
              "upload_time": 69568.0
            },
            "output": {
              "bucket": "210.thumbnailer-0-output-508cd3a1-f6b0-45",
              "key": "5_asphalt-atmosphere-cloudy-sky-2739010.33e5ac78..jpg"
            }
          },
          "results_time": 0
        },
        "provider_times": {
          "execution": 0,
          "initialization": 0
        },
        "request_id": "1d62953a-bab0-4965-8aa5-4d5c1b0f9c09",
        "stats": {
          "cold_start": false,
          "failure": false,
          "memory_used": null
        },
        "times": {
          "benchmark": 235478,
          "client": 464206,
          "client_begin": "2024-11-13 22:18:58.785311",
          "client_end": "2024-11-13 22:18:59.249517",
          "http_first_byte_return": 0.464144,
          "http_startup": 0.181814,
          "initialization": 0
        }
      },
      "1f4af869-2816-4388-b3c5-b93989a8a057": {
        "billing": {
          "_billed_time": null,
          "_gb_seconds": 0,
          "_memory": null
        },
        "output": {
          "begin": "1731536338.994664",
          "cold_start_var": "",
          "container_id": "d5e22276",
          "end": "1731536339.203434",
          "is_cold": false,
          "request_id": "1f4af869-2816-4388-b3c5-b93989a8a057",
          "result": {
            "measurement": {
              "compute_time": 90774.0,
              "download_size": 2907386,
              "download_time": 91099.0,
              "upload_size": 3444,
              "upload_time": 26447.0
            },
            "output": {
              "bucket": "210.thumbnailer-0-output-508cd3a1-f6b0-45",
              "key": "5_asphalt-atmosphere-cloudy-sky-2739010.cf0f48dd..jpg"
            }
          },
          "results_time": 0
        },
        "provider_times": {
          "execution": 0,
          "initialization": 0
        },
        "request_id": "1f4af869-2816-4388-b3c5-b93989a8a057",
        "stats": {
          "cold_start": false,
          "failure": false,
          "memory_used": null
        },
        "times": {
          "benchmark": 208770,
          "client": 489969,
          "client_begin": "2024-11-13 22:18:58.714056",
          "client_end": "2024-11-13 22:18:59.204025",
          "http_first_byte_return": 0.489907,
          "http_startup": 0.231065,
          "initialization": 0
        }
      },
      "24bdd1a2-0a15-425d-b44a-9318f382f1ed": {
        "billing": {
          "_billed_time": null,
          "_gb_seconds": 0,
          "_memory": null
        },
        "output": {
          "begin": "1731536339.006489",
          "cold_start_var": "",
          "container_id": "e5a042a5",
          "end": "1731536339.196450",
          "is_cold": false,
          "request_id": "24bdd1a2-0a15-425d-b44a-9318f382f1ed",
          "result": {
            "measurement": {
              "compute_time": 90326.0,
              "download_size": 2907386,
              "download_time": 72421.0,
              "upload_size": 3444,
              "upload_time": 26747.0
            },
            "output": {
              "bucket": "210.thumbnailer-0-output-508cd3a1-f6b0-45",
              "key": "5_asphalt-atmosphere-cloudy-sky-2739010.ff4a1093..jpg"
            }
          },
          "results_time": 0
        },
        "provider_times": {
          "execution": 0,
          "initialization": 0
        },
        "request_id": "24bdd1a2-0a15-425d-b44a-9318f382f1ed",
        "stats": {
          "cold_start": false,
          "failure": false,
          "memory_used": null
        },
        "times": {
          "benchmark": 189961,
          "client": 561882,
          "client_begin": "2024-11-13 22:18:58.633592",
          "client_end": "2024-11-13 22:18:59.195474",
          "http_first_byte_return": 0.561812,
          "http_startup": 0.325154,
          "initialization": 0
        }
      },
      "2558ea18-c604-452b-9e9c-ff02e176558a": {
        "billing": {
          "_billed_time": null,
          "_gb_seconds": 0,
          "_memory": null
        },
        "output": {
          "begin": "1731536338.996832",
          "cold_start_var": "",
          "container_id": "4d1c3664",
          "end": "1731536339.217067",
          "is_cold": false,
          "request_id": "2558ea18-c604-452b-9e9c-ff02e176558a",
          "result": {
            "measurement": {
              "compute_time": 90057.0,
              "download_size": 2907386,
              "download_time": 90779.0,
              "upload_size": 3444,
              "upload_time": 38956.0
            },
            "output": {
              "bucket": "210.thumbnailer-0-output-508cd3a1-f6b0-45",
              "key": "5_asphalt-atmosphere-cloudy-sky-2739010.805a199a..jpg"
            }
          },
          "results_time": 0
        },
        "provider_times": {
          "execution": 0,
          "initialization": 0
        },
        "request_id": "2558ea18-c604-452b-9e9c-ff02e176558a",
        "stats": {
          "cold_start": false,
          "failure": false,
          "memory_used": null
        },
        "times": {
          "benchmark": 220235,
          "client": 502057,
          "client_begin": "2024-11-13 22:18:58.713432",
          "client_end": "2024-11-13 22:18:59.215489",
          "http_first_byte_return": 0.502011,
          "http_startup": 0.229604,
          "initialization": 0
        }
      },
      "2c91e7db-4971-42ac-a62e-49b4ae1f008b": {
        "billing": {
          "_billed_time": null,
          "_gb_seconds": 0,
          "_memory": null
        },
        "output": {
          "begin": "1731536339.021010",
          "cold_start_var": "",
          "container_id": "c8c6d0c0",
          "end": "1731536339.224420",
          "is_cold": false,
          "request_id": "2c91e7db-4971-42ac-a62e-49b4ae1f008b",
          "result": {
            "measurement": {
              "compute_time": 80250.0,
              "download_size": 2907386,
              "download_time": 91195.0,
              "upload_size": 3444,
              "upload_time": 31502.0
            },
            "output": {
              "bucket": "210.thumbnailer-0-output-508cd3a1-f6b0-45",
              "key": "5_asphalt-atmosphere-cloudy-sky-2739010.0a34e196..jpg"
            }
          },
          "results_time": 0
        },
        "provider_times": {
          "execution": 0,
          "initialization": 0
        },
        "request_id": "2c91e7db-4971-42ac-a62e-49b4ae1f008b",
        "stats": {
          "cold_start": false,
          "failure": false,
          "memory_used": null
        },
        "times": {
          "benchmark": 203410,
          "client": 434248,
          "client_begin": "2024-11-13 22:18:58.788363",
          "client_end": "2024-11-13 22:18:59.222611",
          "http_first_byte_return": 0.434204,
          "http_startup": 0.17812,
          "initialization": 0
        }
      },
      "4a229be5-d832-4e6c-962d-7086e03b6411": {
        "billing": {
          "_billed_time": null,
          "_gb_seconds": 0,
          "_memory": null
        },
        "output": {
          "begin": "1731536338.920265",
          "cold_start_var": "",
          "container_id": "7b62216b",
          "end": "1731536339.116526",
          "is_cold": false,
          "request_id": "4a229be5-d832-4e6c-962d-7086e03b6411",
          "result": {
            "measurement": {
              "compute_time": 91773.0,
              "download_size": 2907386,
              "download_time": 74604.0,
              "upload_size": 3444,
              "upload_time": 29453.0
            },
            "output": {
              "bucket": "210.thumbnailer-0-output-508cd3a1-f6b0-45",
              "key": "5_asphalt-atmosphere-cloudy-sky-2739010.acada2d8..jpg"
            }
          },
          "results_time": 0
        },
        "provider_times": {
          "execution": 0,
          "initialization": 0
        },
        "request_id": "4a229be5-d832-4e6c-962d-7086e03b6411",
        "stats": {
          "cold_start": false,
          "failure": false,
          "memory_used": null
        },
        "times": {
          "benchmark": 196261,
          "client": 517904,
          "client_begin": "2024-11-13 22:18:58.598036",
          "client_end": "2024-11-13 22:18:59.115940",
          "http_first_byte_return": 0.517846,
          "http_startup": 0.265005,
          "initialization": 0
        }
      },
      "4ceb409a-1d17-479f-b9cd-882156d90dd9": {
        "billing": {
          "_billed_time": null,
          "_gb_seconds": 0,
          "_memory": null
        },
        "output": {
          "begin": "1731536338.898315",
          "cold_start_var": "",
          "container_id": "7af0bf30",
          "end": "1731536339.090812",
          "is_cold": false,
          "request_id": "4ceb409a-1d17-479f-b9cd-882156d90dd9",
          "result": {
            "measurement": {
              "compute_time": 80769.0,
              "download_size": 2907386,
              "download_time": 83085.0,
              "upload_size": 3444,
              "upload_time": 28312.0
            },
            "output": {
              "bucket": "210.thumbnailer-0-output-508cd3a1-f6b0-45",
              "key": "5_asphalt-atmosphere-cloudy-sky-2739010.3cf7c6e3..jpg"
            }
          },
          "results_time": 0
        },
        "provider_times": {
          "execution": 0,
          "initialization": 0
        },
        "request_id": "4ceb409a-1d17-479f-b9cd-882156d90dd9",
        "stats": {
          "cold_start": false,
          "failure": false,
          "memory_used": null
        },
        "times": {
          "benchmark": 192497,
          "client": 449473,
          "client_begin": "2024-11-13 22:18:58.639831",
          "client_end": "2024-11-13 22:18:59.089304",
          "http_first_byte_return": 0.449409,
          "http_startup": 0.204246,
          "initialization": 0
        }
      },
      "52915900-bcec-433e-816e-469d9f869dc2": {
        "billing": {
          "_billed_time": null,
          "_gb_seconds": 0,
          "_memory": null
        },
        "output": {
          "begin": "1731536338.895929",
          "cold_start_var": "",
          "container_id": "a5dc0365",
          "end": "1731536339.134691",
          "is_cold": false,
          "request_id": "52915900-bcec-433e-816e-469d9f869dc2",
          "result": {
            "measurement": {
              "compute_time": 80056.0,
              "download_size": 2907386,
              "download_time": 93773.0,
              "upload_size": 3444,
              "upload_time": 64487.0
            },
            "output": {
              "bucket": "210.thumbnailer-0-output-508cd3a1-f6b0-45",
              "key": "5_asphalt-atmosphere-cloudy-sky-2739010.6ba757d8..jpg"
            }
          },
          "results_time": 0
        },
        "provider_times": {
          "execution": 0,
          "initialization": 0
        },
        "request_id": "52915900-bcec-433e-816e-469d9f869dc2",
        "stats": {
          "cold_start": false,
          "failure": false,
          "memory_used": null
        },
        "times": {
          "benchmark": 238762,
          "client": 501096,
          "client_begin": "2024-11-13 22:18:58.632185",
          "client_end": "2024-11-13 22:18:59.133281",
          "http_first_byte_return": 0.501034,
          "http_startup": 0.208336,
          "initialization": 0
        }
      },
      "5b6b606f-e714-4377-8d66-3ce2dd3159e7": {
        "billing": {
          "_billed_time": null,
          "_gb_seconds": 0,
          "_memory": null
        },
        "output": {
          "begin": "1731536338.923197",
          "cold_start_var": "",
          "container_id": "19f37dc2",
          "end": "1731536339.115696",
          "is_cold": false,
          "request_id": "5b6b606f-e714-4377-8d66-3ce2dd3159e7",
          "result": {
            "measurement": {
              "compute_time": 69977.0,
              "download_size": 2907386,
              "download_time": 78812.0,
              "upload_size": 3444,
              "upload_time": 43206.0
            },
            "output": {
              "bucket": "210.thumbnailer-0-output-508cd3a1-f6b0-45",
              "key": "5_asphalt-atmosphere-cloudy-sky-2739010.1ca5c627..jpg"
            }
          },
          "results_time": 0
        },
        "provider_times": {
          "execution": 0,
          "initialization": 0
        },
        "request_id": "5b6b606f-e714-4377-8d66-3ce2dd3159e7",
        "stats": {
          "cold_start": false,
          "failure": false,
          "memory_used": null
        },
        "times": {
          "benchmark": 192499,
          "client": 472811,
          "client_begin": "2024-11-13 22:18:58.642111",
          "client_end": "2024-11-13 22:18:59.114922",
          "http_first_byte_return": 0.472762,
          "http_startup": 0.216178,
          "initialization": 0
        }
      },
      "648faa89-8c71-4283-998b-95fd6e5e8cd5": {
        "billing": {
          "_billed_time": null,
          "_gb_seconds": 0,
          "_memory": null
        },
        "output": {
          "begin": "1731536339.008592",
          "cold_start_var": "",
          "container_id": "3faf8d18",
          "end": "1731536339.346747",
          "is_cold": false,
          "request_id": "648faa89-8c71-4283-998b-95fd6e5e8cd5",
          "result": {
            "measurement": {
              "compute_time": 80449.0,
              "download_size": 2907386,
              "download_time": 84160.0,
              "upload_size": 3444,
              "upload_time": 173090.0
            },
            "output": {
              "bucket": "210.thumbnailer-0-output-508cd3a1-f6b0-45",
              "key": "5_asphalt-atmosphere-cloudy-sky-2739010.c1de3552..jpg"
            }
          },
          "results_time": 0
        },
        "provider_times": {
          "execution": 0,
          "initialization": 0
        },
        "request_id": "648faa89-8c71-4283-998b-95fd6e5e8cd5",
        "stats": {
          "cold_start": false,
          "failure": false,
          "memory_used": null
        },
        "times": {
          "benchmark": 338155,
          "client": 714496,
          "client_begin": "2024-11-13 22:18:58.631838",
          "client_end": "2024-11-13 22:18:59.346334",
          "http_first_byte_return": 0.714425,
          "http_startup": 0.325819,
          "initialization": 0
        }
      },
      "6e0e57c2-7b2c-4054-82af-fb2a5d1771db": {
        "billing": {
          "_billed_time": null,
          "_gb_seconds": 0,
          "_memory": null
        },
        "output": {
          "begin": "1731536338.910889",
          "cold_start_var": "",
          "container_id": "cd617459",
          "end": "1731536339.134786",
          "is_cold": false,
          "request_id": "6e0e57c2-7b2c-4054-82af-fb2a5d1771db",
          "result": {
            "measurement": {
              "compute_time": 80424.0,
              "download_size": 2907386,
              "download_time": 103393.0,
              "upload_size": 3444,
              "upload_time": 39660.0
            },
            "output": {
              "bucket": "210.thumbnailer-0-output-508cd3a1-f6b0-45",
              "key": "5_asphalt-atmosphere-cloudy-sky-2739010.7eaebda2..jpg"
            }
          },
          "results_time": 0
        },
        "provider_times": {
          "execution": 0,
          "initialization": 0
        },
        "request_id": "6e0e57c2-7b2c-4054-82af-fb2a5d1771db",
        "stats": {
          "cold_start": false,
          "failure": false,
          "memory_used": null
        },
        "times": {
          "benchmark": 223897,
          "client": 523606,
          "client_begin": "2024-11-13 22:18:58.610190",
          "client_end": "2024-11-13 22:18:59.133796",
          "http_first_byte_return": 0.523546,
          "http_startup": 0.243666,
          "initialization": 0
        }
      },
      "7443fed0-5ee8-4266-a872-3d37a82a6e58": {
        "billing": {
          "_billed_time": null,
          "_gb_seconds": 0,
          "_memory": null
        },
        "output": {
          "begin": "1731536339.007525",
          "cold_start_var": "",
          "container_id": "0c9f1175",
          "end": "1731536339.373417",
          "is_cold": false,
          "request_id": "7443fed0-5ee8-4266-a872-3d37a82a6e58",
          "result": {
            "measurement": {
              "compute_time": 79817.0,
              "download_size": 2907386,
              "download_time": 98486.0,
              "upload_size": 3444,
              "upload_time": 187127.0
            },
            "output": {
              "bucket": "210.thumbnailer-0-output-508cd3a1-f6b0-45",
              "key": "5_asphalt-atmosphere-cloudy-sky-2739010.9245a9e9..jpg"
            }
          },
          "results_time": 0
        },
        "provider_times": {
          "execution": 0,
          "initialization": 0
        },
        "request_id": "7443fed0-5ee8-4266-a872-3d37a82a6e58",
        "stats": {
          "cold_start": false,
          "failure": false,
          "memory_used": null
        },
        "times": {
          "benchmark": 365892,
          "client": 586279,
          "client_begin": "2024-11-13 22:18:58.785255",
          "client_end": "2024-11-13 22:18:59.371534",
          "http_first_byte_return": 0.586204,
          "http_startup": 0.171416,
          "initialization": 0
        }
      },
      "759ccc92-026f-4e0c-b2f7-1cdc0483a2a6": {
        "billing": {
          "_billed_time": null,
          "_gb_seconds": 0,
          "_memory": null
        },
        "output": {
          "begin": "1731536338.804741",
          "cold_start_var": "",
          "container_id": "b08ae5a0",
          "end": "1731536339.040060",
          "is_cold": false,
          "request_id": "759ccc92-026f-4e0c-b2f7-1cdc0483a2a6",
          "result": {
            "measurement": {
              "compute_time": 80082.0,
              "download_size": 2907386,
              "download_time": 95381.0,
              "upload_size": 3444,
              "upload_time": 59407.0
            },
            "output": {
              "bucket": "210.thumbnailer-0-output-508cd3a1-f6b0-45",
              "key": "5_asphalt-atmosphere-cloudy-sky-2739010.8a634b0d..jpg"
            }
          },
          "results_time": 0
        },
        "provider_times": {
          "execution": 0,
          "initialization": 0
        },
        "request_id": "759ccc92-026f-4e0c-b2f7-1cdc0483a2a6",
        "stats": {
          "cold_start": false,
          "failure": false,
          "memory_used": null
        },
        "times": {
          "benchmark": 235319,
          "client": 436107,
          "client_begin": "2024-11-13 22:18:58.601832",
          "client_end": "2024-11-13 22:18:59.037939",
          "http_first_byte_return": 0.436008,
          "http_startup": 0.152998,
          "initialization": 0
        }
      },
      "8aaa865a-1ed0-4349-a73c-d36d5abad55a": {
        "billing": {
          "_billed_time": null,
          "_gb_seconds": 0,
          "_memory": null
        },
        "output": {
          "begin": "1731536338.846795",
          "cold_start_var": "",
          "container_id": "3aafb603",
          "end": "1731536339.060200",
          "is_cold": false,
          "request_id": "8aaa865a-1ed0-4349-a73c-d36d5abad55a",
          "result": {
            "measurement": {
              "compute_time": 79785.0,
              "download_size": 2907386,
              "download_time": 95709.0,
              "upload_size": 3444,
              "upload_time": 37496.0
            },
            "output": {
              "bucket": "210.thumbnailer-0-output-508cd3a1-f6b0-45",
              "key": "5_asphalt-atmosphere-cloudy-sky-2739010.9ba315bc..jpg"
            }
          },
          "results_time": 0
        },
        "provider_times": {
          "execution": 0,
          "initialization": 0
        },
        "request_id": "8aaa865a-1ed0-4349-a73c-d36d5abad55a",
        "stats": {
          "cold_start": false,
          "failure": false,
          "memory_used": null
        },
        "times": {
          "benchmark": 213405,
          "client": 426491,
          "client_begin": "2024-11-13 22:18:58.631968",
          "client_end": "2024-11-13 22:18:59.058459",
          "http_first_byte_return": 0.426435,
          "http_startup": 0.163006,
          "initialization": 0
        }
      },
      "8c9d2330-431c-4d83-af83-9dc135688653": {
        "billing": {
          "_billed_time": null,
          "_gb_seconds": 0,
          "_memory": null
        },
        "output": {
          "begin": "1731536338.897793",
          "cold_start_var": "",
          "container_id": "d2ffe66d",
          "end": "1731536339.121285",
          "is_cold": false,
          "request_id": "8c9d2330-431c-4d83-af83-9dc135688653",
          "result": {
            "measurement": {
              "compute_time": 80491.0,
              "download_size": 2907386,
              "download_time": 85562.0,
              "upload_size": 3444,
              "upload_time": 56945.0
            },
            "output": {
              "bucket": "210.thumbnailer-0-output-508cd3a1-f6b0-45",
              "key": "5_asphalt-atmosphere-cloudy-sky-2739010.990081fa..jpg"
            }
          },
          "results_time": 0
        },
        "provider_times": {
          "execution": 0,
          "initialization": 0
        },
        "request_id": "8c9d2330-431c-4d83-af83-9dc135688653",
        "stats": {
          "cold_start": false,
          "failure": false,
          "memory_used": null
        },
        "times": {
          "benchmark": 223492,
          "client": 462794,
          "client_begin": "2024-11-13 22:18:58.657174",
          "client_end": "2024-11-13 22:18:59.119968",
          "http_first_byte_return": 0.462751,
          "http_startup": 0.193589,
          "initialization": 0
        }
      },
      "98c00cb9-992a-4b20-96f6-83ba0a797745": {
        "billing": {
          "_billed_time": null,
          "_gb_seconds": 0,
          "_memory": null
        },
        "output": {
          "begin": "1731536339.022135",
          "cold_start_var": "",
          "container_id": "bfb1b8c7",
          "end": "1731536339.216573",
          "is_cold": false,
          "request_id": "98c00cb9-992a-4b20-96f6-83ba0a797745",
          "result": {
            "measurement": {
              "compute_time": 70161.0,
              "download_size": 2907386,
              "download_time": 84916.0,
              "upload_size": 3444,
              "upload_time": 38932.0
            },
            "output": {
              "bucket": "210.thumbnailer-0-output-508cd3a1-f6b0-45",
              "key": "5_asphalt-atmosphere-cloudy-sky-2739010.9bfd317a..jpg"
            }
          },
          "results_time": 0
        },
        "provider_times": {
          "execution": 0,
          "initialization": 0
        },
        "request_id": "98c00cb9-992a-4b20-96f6-83ba0a797745",
        "stats": {
          "cold_start": false,
          "failure": false,
          "memory_used": null
        },
        "times": {
          "benchmark": 194438,
          "client": 508189,
          "client_begin": "2024-11-13 22:18:58.706326",
          "client_end": "2024-11-13 22:18:59.214515",
          "http_first_byte_return": 0.50815,
          "http_startup": 0.253023,
          "initialization": 0
        }
      },
      "98e84027-1f5a-433c-8567-366efb66804c": {
        "billing": {
          "_billed_time": null,
          "_gb_seconds": 0,
          "_memory": null
        },
        "output": {
          "begin": "1731536339.012012",
          "cold_start_var": "",
          "container_id": "3feb927c",
          "end": "1731536339.220362",
          "is_cold": false,
          "request_id": "98e84027-1f5a-433c-8567-366efb66804c",
          "result": {
            "measurement": {
              "compute_time": 80436.0,
              "download_size": 2907386,
              "download_time": 87143.0,
              "upload_size": 3444,
              "upload_time": 40330.0
            },
            "output": {
              "bucket": "210.thumbnailer-0-output-508cd3a1-f6b0-45",
              "key": "5_asphalt-atmosphere-cloudy-sky-2739010.381067b9..jpg"
            }
          },
          "results_time": 0
        },
        "provider_times": {
          "execution": 0,
          "initialization": 0
        },
        "request_id": "98e84027-1f5a-433c-8567-366efb66804c",
        "stats": {
          "cold_start": false,
          "failure": false,
          "memory_used": null
        },
        "times": {
          "benchmark": 208350,
          "client": 436081,
          "client_begin": "2024-11-13 22:18:58.782060",
          "client_end": "2024-11-13 22:18:59.218141",
          "http_first_byte_return": 0.436019,
          "http_startup": 0.181693,
          "initialization": 0
        }
      },
      "99c593a0-485c-4f2a-9d1c-dd0cb1543d75": {
        "billing": {
          "_billed_time": null,
          "_gb_seconds": 0,
          "_memory": null
        },
        "output": {
          "begin": "1731536339.018038",
          "cold_start_var": "",
          "container_id": "7f0ba269",
          "end": "1731536339.212363",
          "is_cold": false,
          "request_id": "99c593a0-485c-4f2a-9d1c-dd0cb1543d75",
          "result": {
            "measurement": {
              "compute_time": 80195.0,
              "download_size": 2907386,
              "download_time": 77520.0,
              "upload_size": 3444,
              "upload_time": 36214.0
            },
            "output": {
              "bucket": "210.thumbnailer-0-output-508cd3a1-f6b0-45",
              "key": "5_asphalt-atmosphere-cloudy-sky-2739010.af92a7e4..jpg"
            }
          },
          "results_time": 0
        },
        "provider_times": {
          "execution": 0,
          "initialization": 0
        },
        "request_id": "99c593a0-485c-4f2a-9d1c-dd0cb1543d75",
        "stats": {
          "cold_start": false,
          "failure": false,
          "memory_used": null
        },
        "times": {
          "benchmark": 194325,
          "client": 500816,
          "client_begin": "2024-11-13 22:18:58.710058",
          "client_end": "2024-11-13 22:18:59.210874",
          "http_first_byte_return": 0.500771,
          "http_startup": 0.25769,
          "initialization": 0
        }
      },
      "9a7df0a5-9bc2-43b4-88f0-ad4df37979a8": {
        "billing": {
          "_billed_time": null,
          "_gb_seconds": 0,
          "_memory": null
        },
        "output": {
          "begin": "1731536338.865695",
          "cold_start_var": "",
          "container_id": "4011aefb",
          "end": "1731536339.148785",
          "is_cold": false,
          "request_id": "9a7df0a5-9bc2-43b4-88f0-ad4df37979a8",
          "result": {
            "measurement": {
              "compute_time": 81261.0,
              "download_size": 2907386,
              "download_time": 98589.0,
              "upload_size": 3444,
              "upload_time": 102824.0
            },
            "output": {
              "bucket": "210.thumbnailer-0-output-508cd3a1-f6b0-45",
              "key": "5_asphalt-atmosphere-cloudy-sky-2739010.c0c59ace..jpg"
            }
          },
          "results_time": 0
        },
        "provider_times": {
          "execution": 0,
          "initialization": 0
        },
        "request_id": "9a7df0a5-9bc2-43b4-88f0-ad4df37979a8",
        "stats": {
          "cold_start": false,
          "failure": false,
          "memory_used": null
        },
        "times": {
          "benchmark": 283090,
          "client": 530499,
          "client_begin": "2024-11-13 22:18:58.616178",
          "client_end": "2024-11-13 22:18:59.146677",
          "http_first_byte_return": 0.53044,
          "http_startup": 0.198944,
          "initialization": 0
        }
      },
      "a38fcc94-4b94-46bd-8064-084c19f3163a": {
        "billing": {
          "_billed_time": null,
          "_gb_seconds": 0,
          "_memory": null
        },
        "output": {
          "begin": "1731536338.850952",
          "cold_start_var": "",
          "container_id": "01ac67d9",
          "end": "1731536339.115305",
          "is_cold": false,
          "request_id": "a38fcc94-4b94-46bd-8064-084c19f3163a",
          "result": {
            "measurement": {
              "compute_time": 80212.0,
              "download_size": 2907386,
              "download_time": 116213.0,
              "upload_size": 3444,
              "upload_time": 67510.0
            },
            "output": {
              "bucket": "210.thumbnailer-0-output-508cd3a1-f6b0-45",
              "key": "5_asphalt-atmosphere-cloudy-sky-2739010.24c8a3cf..jpg"
            }
          },
          "results_time": 0
        },
        "provider_times": {
          "execution": 0,
          "initialization": 0
        },
        "request_id": "a38fcc94-4b94-46bd-8064-084c19f3163a",
        "stats": {
          "cold_start": false,
          "failure": false,
          "memory_used": null
        },
        "times": {
          "benchmark": 264353,
          "client": 499048,
          "client_begin": "2024-11-13 22:18:58.614068",
          "client_end": "2024-11-13 22:18:59.113116",
          "http_first_byte_return": 0.498998,
          "http_startup": 0.189098,
          "initialization": 0
        }
      },
      "a58ee2e3-8af0-4533-bc37-ae1b88343db8": {
        "billing": {
          "_billed_time": null,
          "_gb_seconds": 0,
          "_memory": null
        },
        "output": {
          "begin": "1731536338.882967",
          "cold_start_var": "",
          "container_id": "7a4379d0",
          "end": "1731536339.134853",
          "is_cold": false,
          "request_id": "a58ee2e3-8af0-4533-bc37-ae1b88343db8",
          "result": {
            "measurement": {
              "compute_time": 81764.0,
              "download_size": 2907386,
              "download_time": 92033.0,
              "upload_size": 3444,
              "upload_time": 77604.0
            },
            "output": {
              "bucket": "210.thumbnailer-0-output-508cd3a1-f6b0-45",
              "key": "5_asphalt-atmosphere-cloudy-sky-2739010.e4f90fc8..jpg"
            }
          },
          "results_time": 0
        },
        "provider_times": {
          "execution": 0,
          "initialization": 0
        },
        "request_id": "a58ee2e3-8af0-4533-bc37-ae1b88343db8",
        "stats": {
          "cold_start": false,
          "failure": false,
          "memory_used": null
        },
        "times": {
          "benchmark": 251886,
          "client": 532599,
          "client_begin": "2024-11-13 22:18:58.601937",
          "client_end": "2024-11-13 22:18:59.134536",
          "http_first_byte_return": 0.532559,
          "http_startup": 0.231439,
          "initialization": 0
        }
      },
      "a5e6cfe7-d065-4a81-a632-f632b8035652": {
        "billing": {
          "_billed_time": null,
          "_gb_seconds": 0,
          "_memory": null
        },
        "output": {
          "begin": "1731536338.883468",
          "cold_start_var": "",
          "container_id": "171de3ba",
          "end": "1731536339.077045",
          "is_cold": false,
          "request_id": "a5e6cfe7-d065-4a81-a632-f632b8035652",
          "result": {
            "measurement": {
              "compute_time": 90631.0,
              "download_size": 2907386,
              "download_time": 77302.0,
              "upload_size": 3444,
              "upload_time": 25168.0
            },
            "output": {
              "bucket": "210.thumbnailer-0-output-508cd3a1-f6b0-45",
              "key": "5_asphalt-atmosphere-cloudy-sky-2739010.1c3069db..jpg"
            }
          },
          "results_time": 0
        },
        "provider_times": {
          "execution": 0,
          "initialization": 0
        },
        "request_id": "a5e6cfe7-d065-4a81-a632-f632b8035652",
        "stats": {
          "cold_start": false,
          "failure": false,
          "memory_used": null
        },
        "times": {
          "benchmark": 193577,
          "client": 450002,
          "client_begin": "2024-11-13 22:18:58.625590",
          "client_end": "2024-11-13 22:18:59.075592",
          "http_first_byte_return": 0.449939,
          "http_startup": 0.206154,
          "initialization": 0
        }
      },
      "aa5cd521-7510-4d88-ae8b-17e19e8249c6": {
        "billing": {
          "_billed_time": null,
          "_gb_seconds": 0,
          "_memory": null
        },
        "output": {
          "begin": "1731536338.878746",
          "cold_start_var": "",
          "container_id": "e46b1b41",
          "end": "1731536339.093726",
          "is_cold": false,
          "request_id": "aa5cd521-7510-4d88-ae8b-17e19e8249c6",
          "result": {
            "measurement": {
              "compute_time": 80348.0,
              "download_size": 2907386,
              "download_time": 92607.0,
              "upload_size": 3444,
              "upload_time": 41563.0
            },
            "output": {
              "bucket": "210.thumbnailer-0-output-508cd3a1-f6b0-45",
              "key": "5_asphalt-atmosphere-cloudy-sky-2739010.6ce4ed97..jpg"
            }
          },
          "results_time": 0
        },
        "provider_times": {
          "execution": 0,
          "initialization": 0
        },
        "request_id": "aa5cd521-7510-4d88-ae8b-17e19e8249c6",
        "stats": {
          "cold_start": false,
          "failure": false,
          "memory_used": null
        },
        "times": {
          "benchmark": 214980,
          "client": 471600,
          "client_begin": "2024-11-13 22:18:58.619636",
          "client_end": "2024-11-13 22:18:59.091236",
          "http_first_byte_return": 0.471554,
          "http_startup": 0.1957,
          "initialization": 0
        }
      },
      "b4720a7f-12e3-4bea-8ee9-3ea122be4d84": {
        "billing": {
          "_billed_time": null,
          "_gb_seconds": 0,
          "_memory": null
        },
        "output": {
          "begin": "1731536338.861036",
          "cold_start_var": "",
          "container_id": "834027e6",
          "end": "1731536339.100246",
          "is_cold": false,
          "request_id": "b4720a7f-12e3-4bea-8ee9-3ea122be4d84",
          "result": {
            "measurement": {
              "compute_time": 90842.0,
              "download_size": 2907386,
              "download_time": 102734.0,
              "upload_size": 3444,
              "upload_time": 45227.0
            },
            "output": {
              "bucket": "210.thumbnailer-0-output-508cd3a1-f6b0-45",
              "key": "5_asphalt-atmosphere-cloudy-sky-2739010.772fb9ce..jpg"
            }
          },
          "results_time": 0
        },
        "provider_times": {
          "execution": 0,
          "initialization": 0
        },
        "request_id": "b4720a7f-12e3-4bea-8ee9-3ea122be4d84",
        "stats": {
          "cold_start": false,
          "failure": false,
          "memory_used": null
        },
        "times": {
          "benchmark": 239210,
          "client": 492798,
          "client_begin": "2024-11-13 22:18:58.605282",
          "client_end": "2024-11-13 22:18:59.098080",
          "http_first_byte_return": 0.492743,
          "http_startup": 0.20657,
          "initialization": 0
        }
      },
      "b97c5e1d-3123-4013-9ce4-72c2977fec0e": {
        "billing": {
          "_billed_time": null,
          "_gb_seconds": 0,
          "_memory": null
        },
        "output": {
          "begin": "1731536339.022612",
          "cold_start_var": "",
          "container_id": "7afcbb18",
          "end": "1731536339.206233",
          "is_cold": false,
          "request_id": "b97c5e1d-3123-4013-9ce4-72c2977fec0e",
          "result": {
            "measurement": {
              "compute_time": 79778.0,
              "download_size": 2907386,
              "download_time": 76044.0,
              "upload_size": 3444,
              "upload_time": 27355.0
            },
            "output": {
              "bucket": "210.thumbnailer-0-output-508cd3a1-f6b0-45",
              "key": "5_asphalt-atmosphere-cloudy-sky-2739010.baf3fbe2..jpg"
            }
          },
          "results_time": 0
        },
        "provider_times": {
          "execution": 0,
          "initialization": 0
        },
        "request_id": "b97c5e1d-3123-4013-9ce4-72c2977fec0e",
        "stats": {
          "cold_start": false,
          "failure": false,
          "memory_used": null
        },
        "times": {
          "benchmark": 183621,
          "client": 499527,
          "client_begin": "2024-11-13 22:18:58.705251",
          "client_end": "2024-11-13 22:18:59.204778",
          "http_first_byte_return": 0.499476,
          "http_startup": 0.267035,
          "initialization": 0
        }
      },
      "b9e47c24-81b3-4e54-bbcf-ea77ecd844f6": {
        "billing": {
          "_billed_time": null,
          "_gb_seconds": 0,
          "_memory": null
        },
        "output": {
          "begin": "1731536339.014340",
          "cold_start_var": "",
          "container_id": "ad35e647",
          "end": "1731536339.212064",
          "is_cold": false,
          "request_id": "b9e47c24-81b3-4e54-bbcf-ea77ecd844f6",
          "result": {
            "measurement": {
              "compute_time": 81069.0,
              "download_size": 2907386,
              "download_time": 87081.0,
              "upload_size": 3444,
              "upload_time": 29069.0
            },
            "output": {
              "bucket": "210.thumbnailer-0-output-508cd3a1-f6b0-45",
              "key": "5_asphalt-atmosphere-cloudy-sky-2739010.08e314de..jpg"
            }
          },
          "results_time": 0
        },
        "provider_times": {
          "execution": 0,
          "initialization": 0
        },
        "request_id": "b9e47c24-81b3-4e54-bbcf-ea77ecd844f6",
        "stats": {
          "cold_start": false,
          "failure": false,
          "memory_used": null
        },
        "times": {
          "benchmark": 197724,
          "client": 519450,
          "client_begin": "2024-11-13 22:18:58.690125",
          "client_end": "2024-11-13 22:18:59.209575",
          "http_first_byte_return": 0.5194,
          "http_startup": 0.274176,
          "initialization": 0
        }
      },
      "bb6c0e16-c142-4cc0-b481-61541c5db74d": {
        "billing": {
          "_billed_time": null,
          "_gb_seconds": 0,
          "_memory": null
        },
        "output": {
          "begin": "1731536338.907449",
          "cold_start_var": "",
          "container_id": "f8ee6a80",
          "end": "1731536339.120352",
          "is_cold": false,
          "request_id": "bb6c0e16-c142-4cc0-b481-61541c5db74d",
          "result": {
            "measurement": {
              "compute_time": 80130.0,
              "download_size": 2907386,
              "download_time": 86446.0,
              "upload_size": 3444,
              "upload_time": 45925.0
            },
            "output": {
              "bucket": "210.thumbnailer-0-output-508cd3a1-f6b0-45",
              "key": "5_asphalt-atmosphere-cloudy-sky-2739010.13f32fb3..jpg"
            }
          },
          "results_time": 0
        },
        "provider_times": {
          "execution": 0,
          "initialization": 0
        },
        "request_id": "bb6c0e16-c142-4cc0-b481-61541c5db74d",
        "stats": {
          "cold_start": false,
          "failure": false,
          "memory_used": null
        },
        "times": {
          "benchmark": 212903,
          "client": 500914,
          "client_begin": "2024-11-13 22:18:58.617936",
          "client_end": "2024-11-13 22:18:59.118850",
          "http_first_byte_return": 0.500871,
          "http_startup": 0.236753,
          "initialization": 0
        }
      },
      "bebf01cd-b696-43ed-9d27-df5657052a1a": {
        "billing": {
          "_billed_time": null,
          "_gb_seconds": 0,
          "_memory": null
        },
        "output": {
          "begin": "1731536338.863045",
          "cold_start_var": "",
          "container_id": "65d575f3",
          "end": "1731536339.070252",
          "is_cold": false,
          "request_id": "bebf01cd-b696-43ed-9d27-df5657052a1a",
          "result": {
            "measurement": {
              "compute_time": 80362.0,
              "download_size": 2907386,
              "download_time": 94593.0,
              "upload_size": 3444,
              "upload_time": 31797.0
            },
            "output": {
              "bucket": "210.thumbnailer-0-output-508cd3a1-f6b0-45",
              "key": "5_asphalt-atmosphere-cloudy-sky-2739010.97b5502a..jpg"
            }
          },
          "results_time": 0
        },
        "provider_times": {
          "execution": 0,
          "initialization": 0
        },
        "request_id": "bebf01cd-b696-43ed-9d27-df5657052a1a",
        "stats": {
          "cold_start": false,
          "failure": false,
          "memory_used": null
        },
        "times": {
          "benchmark": 207207,
          "client": 441776,
          "client_begin": "2024-11-13 22:18:58.626128",
          "client_end": "2024-11-13 22:18:59.067904",
          "http_first_byte_return": 0.441668,
          "http_startup": 0.181368,
          "initialization": 0
        }
      },
      "c55b2a7a-5c68-4529-ba2d-b7b5954df27f": {
        "billing": {
          "_billed_time": null,
          "_gb_seconds": 0,
          "_memory": null
        },
        "output": {
          "begin": "1731536338.838131",
          "cold_start_var": "",
          "container_id": "4b0dbb89",
          "end": "1731536339.056286",
          "is_cold": false,
          "request_id": "c55b2a7a-5c68-4529-ba2d-b7b5954df27f",
          "result": {
            "measurement": {
              "compute_time": 91132.0,
              "download_size": 2907386,
              "download_time": 85193.0,
              "upload_size": 3444,
              "upload_time": 41407.0
            },
            "output": {
              "bucket": "210.thumbnailer-0-output-508cd3a1-f6b0-45",
              "key": "5_asphalt-atmosphere-cloudy-sky-2739010.e14af1ba..jpg"
            }
          },
          "results_time": 0
        },
        "provider_times": {
          "execution": 0,
          "initialization": 0
        },
        "request_id": "c55b2a7a-5c68-4529-ba2d-b7b5954df27f",
        "stats": {
          "cold_start": false,
          "failure": false,
          "memory_used": null
        },
        "times": {
          "benchmark": 218155,
          "client": 443814,
          "client_begin": "2024-11-13 22:18:58.610259",
          "client_end": "2024-11-13 22:18:59.054073",
          "http_first_byte_return": 0.44374,
          "http_startup": 0.167576,
          "initialization": 0
        }
      },
      "c7fbd65b-3b54-483b-899a-76dc11bf97c9": {
        "billing": {
          "_billed_time": null,
          "_gb_seconds": 0,
          "_memory": null
        },
        "output": {
          "begin": "1731536339.007106",
          "cold_start_var": "",
          "container_id": "5e5a0e18",
          "end": "1731536339.206758",
          "is_cold": false,
          "request_id": "c7fbd65b-3b54-483b-899a-76dc11bf97c9",
          "result": {
            "measurement": {
              "compute_time": 80528.0,
              "download_size": 2907386,
              "download_time": 77031.0,
              "upload_size": 3444,
              "upload_time": 41634.0
            },
            "output": {
              "bucket": "210.thumbnailer-0-output-508cd3a1-f6b0-45",
              "key": "5_asphalt-atmosphere-cloudy-sky-2739010.e3810918..jpg"
            }
          },
          "results_time": 0
        },
        "provider_times": {
          "execution": 0,
          "initialization": 0
        },
        "request_id": "c7fbd65b-3b54-483b-899a-76dc11bf97c9",
        "stats": {
          "cold_start": false,
          "failure": false,
          "memory_used": null
        },
        "times": {
          "benchmark": 199652,
          "client": 440469,
          "client_begin": "2024-11-13 22:18:58.765375",
          "client_end": "2024-11-13 22:18:59.205844",
          "http_first_byte_return": 0.44042,
          "http_startup": 0.194836,
          "initialization": 0
        }
      },
      "c9bf4769-898f-4015-859f-d45ca73a8842": {
        "billing": {
          "_billed_time": null,
          "_gb_seconds": 0,
          "_memory": null
        },
        "output": {
          "begin": "1731536338.875383",
          "cold_start_var": "",
          "container_id": "40857ee2",
          "end": "1731536339.122702",
          "is_cold": false,
          "request_id": "c9bf4769-898f-4015-859f-d45ca73a8842",
          "result": {
            "measurement": {
              "compute_time": 80633.0,
              "download_size": 2907386,
              "download_time": 81048.0,
              "upload_size": 3444,
              "upload_time": 85179.0
            },
            "output": {
              "bucket": "210.thumbnailer-0-output-508cd3a1-f6b0-45",
              "key": "5_asphalt-atmosphere-cloudy-sky-2739010.d69293c1..jpg"
            }
          },
          "results_time": 0
        },
        "provider_times": {
          "execution": 0,
          "initialization": 0
        },
        "request_id": "c9bf4769-898f-4015-859f-d45ca73a8842",
        "stats": {
          "cold_start": false,
          "failure": false,
          "memory_used": null
        },
        "times": {
          "benchmark": 247319,
          "client": 467603,
          "client_begin": "2024-11-13 22:18:58.653286",
          "client_end": "2024-11-13 22:18:59.120889",
          "http_first_byte_return": 0.467563,
          "http_startup": 0.173801,
          "initialization": 0
        }
      },
      "d1ef145f-3d88-47f0-8339-7350ce53b6af": {
        "billing": {
          "_billed_time": null,
          "_gb_seconds": 0,
          "_memory": null
        },
        "output": {
          "begin": "1731536339.020144",
          "cold_start_var": "",
          "container_id": "94bd72c7",
          "end": "1731536339.229346",
          "is_cold": false,
          "request_id": "d1ef145f-3d88-47f0-8339-7350ce53b6af",
          "result": {
            "measurement": {
              "compute_time": 80154.0,
              "download_size": 2907386,
              "download_time": 83888.0,
              "upload_size": 3444,
              "upload_time": 44651.0
            },
            "output": {
              "bucket": "210.thumbnailer-0-output-508cd3a1-f6b0-45",
              "key": "5_asphalt-atmosphere-cloudy-sky-2739010.95297bfd..jpg"
            }
          },
          "results_time": 0
        },
        "provider_times": {
          "execution": 0,
          "initialization": 0
        },
        "request_id": "d1ef145f-3d88-47f0-8339-7350ce53b6af",
        "stats": {
          "cold_start": false,
          "failure": false,
          "memory_used": null
        },
        "times": {
          "benchmark": 209202,
          "client": 533670,
          "client_begin": "2024-11-13 22:18:58.694303",
          "client_end": "2024-11-13 22:18:59.227973",
          "http_first_byte_return": 0.533624,
          "http_startup": 0.272857,
          "initialization": 0
        }
      },
      "d6a437e1-5538-48e4-9988-9b13a81c4ac4": {
        "billing": {
          "_billed_time": null,
          "_gb_seconds": 0,
          "_memory": null
        },
        "output": {
          "begin": "1731536338.907013",
          "cold_start_var": "",
          "container_id": "1e12cde0",
          "end": "1731536339.116430",
          "is_cold": false,
          "request_id": "d6a437e1-5538-48e4-9988-9b13a81c4ac4",
          "result": {
            "measurement": {
              "compute_time": 80118.0,
              "download_size": 2907386,
              "download_time": 83339.0,
              "upload_size": 3444,
              "upload_time": 45379.0
            },
            "output": {
              "bucket": "210.thumbnailer-0-output-508cd3a1-f6b0-45",
              "key": "5_asphalt-atmosphere-cloudy-sky-2739010.25eacb10..jpg"
            }
          },
          "results_time": 0
        },
        "provider_times": {
          "execution": 0,
          "initialization": 0
        },
        "request_id": "d6a437e1-5538-48e4-9988-9b13a81c4ac4",
        "stats": {
          "cold_start": false,
          "failure": false,
          "memory_used": null
        },
        "times": {
          "benchmark": 209417,
          "client": 516170,
          "client_begin": "2024-11-13 22:18:58.598105",
          "client_end": "2024-11-13 22:18:59.114275",
          "http_first_byte_return": 0.51613,
          "http_startup": 0.260951,
          "initialization": 0
        }
      },
      "d99ad41a-7a6e-484e-8b99-048d9cd85ce5": {
        "billing": {
          "_billed_time": null,
          "_gb_seconds": 0,
          "_memory": null
        },
        "output": {
          "begin": "1731536338.884095",
          "cold_start_var": "",
          "container_id": "236abf1c",
          "end": "1731536339.078061",
          "is_cold": false,
          "request_id": "d99ad41a-7a6e-484e-8b99-048d9cd85ce5",
          "result": {
            "measurement": {
              "compute_time": 70044.0,
              "download_size": 2907386,
              "download_time": 80135.0,
              "upload_size": 3444,
              "upload_time": 43337.0
            },
            "output": {
              "bucket": "210.thumbnailer-0-output-508cd3a1-f6b0-45",
              "key": "5_asphalt-atmosphere-cloudy-sky-2739010.1ee051d4..jpg"
            }
          },
          "results_time": 0
        },
        "provider_times": {
          "execution": 0,
          "initialization": 0
        },
        "request_id": "d99ad41a-7a6e-484e-8b99-048d9cd85ce5",
        "stats": {
          "cold_start": false,
          "failure": false,
          "memory_used": null
        },
        "times": {
          "benchmark": 193966,
          "client": 455027,
          "client_begin": "2024-11-13 22:18:58.622469",
          "client_end": "2024-11-13 22:18:59.077496",
          "http_first_byte_return": 0.454985,
          "http_startup": 0.202546,
          "initialization": 0
        }
      },
      "db881f38-ff48-472f-9544-e3107ba113e0": {
        "billing": {
          "_billed_time": null,
          "_gb_seconds": 0,
          "_memory": null
        },
        "output": {
          "begin": "1731536338.897352",
          "cold_start_var": "",
          "container_id": "65f09e56",
          "end": "1731536339.105462",
          "is_cold": false,
          "request_id": "db881f38-ff48-472f-9544-e3107ba113e0",
          "result": {
            "measurement": {
              "compute_time": 79900.0,
              "download_size": 2907386,
              "download_time": 79173.0,
              "upload_size": 3444,
              "upload_time": 48666.0
            },
            "output": {
              "bucket": "210.thumbnailer-0-output-508cd3a1-f6b0-45",
              "key": "5_asphalt-atmosphere-cloudy-sky-2739010.e5888ea1..jpg"
            }
          },
          "results_time": 0
        },
        "provider_times": {
          "execution": 0,
          "initialization": 0
        },
        "request_id": "db881f38-ff48-472f-9544-e3107ba113e0",
        "stats": {
          "cold_start": false,
          "failure": false,
          "memory_used": null
        },
        "times": {
          "benchmark": 208110,
          "client": 497064,
          "client_begin": "2024-11-13 22:18:58.606452",
          "client_end": "2024-11-13 22:18:59.103516",
          "http_first_byte_return": 0.497007,
          "http_startup": 0.236664,
          "initialization": 0
        }
      },
      "e4f42d75-e83e-4d43-9e33-f25401bbbaec": {
        "billing": {
          "_billed_time": null,
          "_gb_seconds": 0,
          "_memory": null
        },
        "output": {
          "begin": "1731536338.908432",
          "cold_start_var": "",
          "container_id": "9b48974a",
          "end": "1731536339.137134",
          "is_cold": false,
          "request_id": "e4f42d75-e83e-4d43-9e33-f25401bbbaec",
          "result": {
            "measurement": {
              "compute_time": 80176.0,
              "download_size": 2907386,
              "download_time": 91510.0,
              "upload_size": 3444,
              "upload_time": 56575.0
            },
            "output": {
              "bucket": "210.thumbnailer-0-output-508cd3a1-f6b0-45",
              "key": "5_asphalt-atmosphere-cloudy-sky-2739010.ac01f2e1..jpg"
            }
          },
          "results_time": 0
        },
        "provider_times": {
          "execution": 0,
          "initialization": 0
        },
        "request_id": "e4f42d75-e83e-4d43-9e33-f25401bbbaec",
        "stats": {
          "cold_start": false,
          "failure": false,
          "memory_used": null
        },
        "times": {
          "benchmark": 228702,
          "client": 503109,
          "client_begin": "2024-11-13 22:18:58.632021",
          "client_end": "2024-11-13 22:18:59.135130",
          "http_first_byte_return": 0.503077,
          "http_startup": 0.225393,
          "initialization": 0
        }
      },
      "e538f2a7-64c0-42c2-a05c-308793ac57d2": {
        "billing": {
          "_billed_time": null,
          "_gb_seconds": 0,
          "_memory": null
        },
        "output": {
          "begin": "1731536338.999407",
          "cold_start_var": "",
          "container_id": "b469dad2",
          "end": "1731536339.238118",
          "is_cold": false,
          "request_id": "e538f2a7-64c0-42c2-a05c-308793ac57d2",
          "result": {
            "measurement": {
              "compute_time": 80147.0,
              "download_size": 2907386,
              "download_time": 87128.0,
              "upload_size": 3444,
              "upload_time": 71028.0
            },
            "output": {
              "bucket": "210.thumbnailer-0-output-508cd3a1-f6b0-45",
              "key": "5_asphalt-atmosphere-cloudy-sky-2739010.4825cefa..jpg"
            }
          },
          "results_time": 0
        },
        "provider_times": {
          "execution": 0,
          "initialization": 0
        },
        "request_id": "e538f2a7-64c0-42c2-a05c-308793ac57d2",
        "stats": {
          "cold_start": false,
          "failure": false,
          "memory_used": null
        },
        "times": {
          "benchmark": 238711,
          "client": 529109,
          "client_begin": "2024-11-13 22:18:58.706952",
          "client_end": "2024-11-13 22:18:59.236061",
          "http_first_byte_return": 0.529063,
          "http_startup": 0.242799,
          "initialization": 0
        }
      },
      "e58952c5-52cd-4894-ad9e-19a998af5bfd": {
        "billing": {
          "_billed_time": null,
          "_gb_seconds": 0,
          "_memory": null
        },
        "output": {
          "begin": "1731536338.920855",
          "cold_start_var": "",
          "container_id": "9786b053",
          "end": "1731536339.182726",
          "is_cold": false,
          "request_id": "e58952c5-52cd-4894-ad9e-19a998af5bfd",
          "result": {
            "measurement": {
              "compute_time": 79996.0,
              "download_size": 2907386,
              "download_time": 86158.0,
              "upload_size": 3444,
              "upload_time": 95296.0
            },
            "output": {
              "bucket": "210.thumbnailer-0-output-508cd3a1-f6b0-45",
              "key": "5_asphalt-atmosphere-cloudy-sky-2739010.55516b9e..jpg"
            }
          },
          "results_time": 0
        },
        "provider_times": {
          "execution": 0,
          "initialization": 0
        },
        "request_id": "e58952c5-52cd-4894-ad9e-19a998af5bfd",
        "stats": {
          "cold_start": false,
          "failure": false,
          "memory_used": null
        },
        "times": {
          "benchmark": 261871,
          "client": 552149,
          "client_begin": "2024-11-13 22:18:58.628703",
          "client_end": "2024-11-13 22:18:59.180852",
          "http_first_byte_return": 0.552079,
          "http_startup": 0.231204,
          "initialization": 0
        }
      },
      "e6d6ce15-fb5d-4c59-962f-be65925c946f": {
        "billing": {
          "_billed_time": null,
          "_gb_seconds": 0,
          "_memory": null
        },
        "output": {
          "begin": "1731536339.008041",
          "cold_start_var": "",
          "container_id": "db331bbf",
          "end": "1731536339.226463",
          "is_cold": false,
          "request_id": "e6d6ce15-fb5d-4c59-962f-be65925c946f",
          "result": {
            "measurement": {
              "compute_time": 82475.0,
              "download_size": 2907386,
              "download_time": 93268.0,
              "upload_size": 3444,
              "upload_time": 42145.0
            },
            "output": {
              "bucket": "210.thumbnailer-0-output-508cd3a1-f6b0-45",
              "key": "5_asphalt-atmosphere-cloudy-sky-2739010.3930826a..jpg"
            }
          },
          "results_time": 0
        },
        "provider_times": {
          "execution": 0,
          "initialization": 0
        },
        "request_id": "e6d6ce15-fb5d-4c59-962f-be65925c946f",
        "stats": {
          "cold_start": false,
          "failure": false,
          "memory_used": null
        },
        "times": {
          "benchmark": 218422,
          "client": 592275,
          "client_begin": "2024-11-13 22:18:58.632115",
          "client_end": "2024-11-13 22:18:59.224390",
          "http_first_byte_return": 0.592242,
          "http_startup": 0.328004,
          "initialization": 0
        }
      },
      "ea360c2f-b58b-4d1c-a8cc-570a22114a0b": {
        "billing": {
          "_billed_time": null,
          "_gb_seconds": 0,
          "_memory": null
        },
        "output": {
          "begin": "1731536338.914045",
          "cold_start_var": "",
          "container_id": "28740b10",
          "end": "1731536339.114916",
          "is_cold": false,
          "request_id": "ea360c2f-b58b-4d1c-a8cc-570a22114a0b",
          "result": {
            "measurement": {
              "compute_time": 90606.0,
              "download_size": 2907386,
              "download_time": 82978.0,
              "upload_size": 3444,
              "upload_time": 26843.0
            },
            "output": {
              "bucket": "210.thumbnailer-0-output-508cd3a1-f6b0-45",
              "key": "5_asphalt-atmosphere-cloudy-sky-2739010.87c603dd..jpg"
            }
          },
          "results_time": 0
        },
        "provider_times": {
          "execution": 0,
          "initialization": 0
        },
        "request_id": "ea360c2f-b58b-4d1c-a8cc-570a22114a0b",
        "stats": {
          "cold_start": false,
          "failure": false,
          "memory_used": null
        },
        "times": {
          "benchmark": 200871,
          "client": 475634,
          "client_begin": "2024-11-13 22:18:58.636706",
          "client_end": "2024-11-13 22:18:59.112340",
          "http_first_byte_return": 0.475578,
          "http_startup": 0.225678,
          "initialization": 0
        }
      },
      "ec1e1477-ec42-448b-9ad3-5eb0017d44ef": {
        "billing": {
          "_billed_time": null,
          "_gb_seconds": 0,
          "_memory": null
        },
        "output": {
          "begin": "1731536338.883226",
          "cold_start_var": "",
          "container_id": "e44e99ea",
          "end": "1731536339.078197",
          "is_cold": false,
          "request_id": "ec1e1477-ec42-448b-9ad3-5eb0017d44ef",
          "result": {
            "measurement": {
              "compute_time": 69982.0,
              "download_size": 2907386,
              "download_time": 85955.0,
              "upload_size": 3444,
              "upload_time": 38592.0
            },
            "output": {
              "bucket": "210.thumbnailer-0-output-508cd3a1-f6b0-45",
              "key": "5_asphalt-atmosphere-cloudy-sky-2739010.4e0834ae..jpg"
            }
          },
          "results_time": 0
        },
        "provider_times": {
          "execution": 0,
          "initialization": 0
        },
        "request_id": "ec1e1477-ec42-448b-9ad3-5eb0017d44ef",
        "stats": {
          "cold_start": false,
          "failure": false,
          "memory_used": null
        },
        "times": {
          "benchmark": 194971,
          "client": 433911,
          "client_begin": "2024-11-13 22:18:58.642199",
          "client_end": "2024-11-13 22:18:59.076110",
          "http_first_byte_return": 0.433868,
          "http_startup": 0.192587,
          "initialization": 0
        }
      },
      "ecae145e-ff76-4b11-9693-6971907a6d6d": {
        "billing": {
          "_billed_time": null,
          "_gb_seconds": 0,
          "_memory": null
        },
        "output": {
          "begin": "1731536338.895217",
          "cold_start_var": "",
          "container_id": "3c48702c",
          "end": "1731536339.099381",
          "is_cold": false,
          "request_id": "ecae145e-ff76-4b11-9693-6971907a6d6d",
          "result": {
            "measurement": {
              "compute_time": 80394.0,
              "download_size": 2907386,
              "download_time": 98790.0,
              "upload_size": 3444,
              "upload_time": 24506.0
            },
            "output": {
              "bucket": "210.thumbnailer-0-output-508cd3a1-f6b0-45",
              "key": "5_asphalt-atmosphere-cloudy-sky-2739010.a1e5c72f..jpg"
            }
          },
          "results_time": 0
        },
        "provider_times": {
          "execution": 0,
          "initialization": 0
        },
        "request_id": "ecae145e-ff76-4b11-9693-6971907a6d6d",
        "stats": {
          "cold_start": false,
          "failure": false,
          "memory_used": null
        },
        "times": {
          "benchmark": 204164,
          "client": 447765,
          "client_begin": "2024-11-13 22:18:58.650125",
          "client_end": "2024-11-13 22:18:59.097890",
          "http_first_byte_return": 0.447708,
          "http_startup": 0.18864,
          "initialization": 0
        }
      },
      "eda633ba-4634-419f-95cb-901c602abaaa": {
        "billing": {
          "_billed_time": null,
          "_gb_seconds": 0,
          "_memory": null
        },
        "output": {
          "begin": "1731536338.890297",
          "cold_start_var": "",
          "container_id": "74eb36e7",
          "end": "1731536339.140360",
          "is_cold": false,
          "request_id": "eda633ba-4634-419f-95cb-901c602abaaa",
          "result": {
            "measurement": {
              "compute_time": 70764.0,
              "download_size": 2907386,
              "download_time": 85015.0,
              "upload_size": 3444,
              "upload_time": 93844.0
            },
            "output": {
              "bucket": "210.thumbnailer-0-output-508cd3a1-f6b0-45",
              "key": "5_asphalt-atmosphere-cloudy-sky-2739010.0dd07468..jpg"
            }
          },
          "results_time": 0
        },
        "provider_times": {
          "execution": 0,
          "initialization": 0
        },
        "request_id": "eda633ba-4634-419f-95cb-901c602abaaa",
        "stats": {
          "cold_start": false,
          "failure": false,
          "memory_used": null
        },
        "times": {
          "benchmark": 250063,
          "client": 484321,
          "client_begin": "2024-11-13 22:18:58.654052",
          "client_end": "2024-11-13 22:18:59.138373",
          "http_first_byte_return": 0.484286,
          "http_startup": 0.185483,
          "initialization": 0
        }
      },
      "f0e1dcc2-1eb1-4a25-ac03-f5eb8fe728b1": {
        "billing": {
          "_billed_time": null,
          "_gb_seconds": 0,
          "_memory": null
        },
        "output": {
          "begin": "1731536338.947271",
          "cold_start_var": "",
          "container_id": "e68505d3",
          "end": "1731536339.155577",
          "is_cold": false,
          "request_id": "f0e1dcc2-1eb1-4a25-ac03-f5eb8fe728b1",
          "result": {
            "measurement": {
              "compute_time": 90873.0,
              "download_size": 2907386,
              "download_time": 87729.0,
              "upload_size": 3444,
              "upload_time": 29290.0
            },
            "output": {
              "bucket": "210.thumbnailer-0-output-508cd3a1-f6b0-45",
              "key": "5_asphalt-atmosphere-cloudy-sky-2739010.7f800efe..jpg"
            }
          },
          "results_time": 0
        },
        "provider_times": {
          "execution": 0,
          "initialization": 0
        },
        "request_id": "f0e1dcc2-1eb1-4a25-ac03-f5eb8fe728b1",
        "stats": {
          "cold_start": false,
          "failure": false,
          "memory_used": null
        },
        "times": {
          "benchmark": 208306,
          "client": 519852,
          "client_begin": "2024-11-13 22:18:58.634694",
          "client_end": "2024-11-13 22:18:59.154546",
          "http_first_byte_return": 0.519784,
          "http_startup": 0.263726,
          "initialization": 0
        }
      },
      "f1f9d73d-ea76-4321-bd03-4e9d421a99cb": {
        "billing": {
          "_billed_time": null,
          "_gb_seconds": 0,
          "_memory": null
        },
        "output": {
          "begin": "1731536339.026409",
          "cold_start_var": "",
          "container_id": "fa0aebaf",
          "end": "1731536339.294054",
          "is_cold": false,
          "request_id": "f1f9d73d-ea76-4321-bd03-4e9d421a99cb",
          "result": {
            "measurement": {
              "compute_time": 79904.0,
              "download_size": 2907386,
              "download_time": 94567.0,
              "upload_size": 3444,
              "upload_time": 92681.0
            },
            "output": {
              "bucket": "210.thumbnailer-0-output-508cd3a1-f6b0-45",
              "key": "5_asphalt-atmosphere-cloudy-sky-2739010.c0e446ab..jpg"
            }
          },
          "results_time": 0
        },
        "provider_times": {
          "execution": 0,
          "initialization": 0
        },
        "request_id": "f1f9d73d-ea76-4321-bd03-4e9d421a99cb",
        "stats": {
          "cold_start": false,
          "failure": false,
          "memory_used": null
        },
        "times": {
          "benchmark": 267645,
          "client": 586328,
          "client_begin": "2024-11-13 22:18:58.705765",
          "client_end": "2024-11-13 22:18:59.292093",
          "http_first_byte_return": 0.586264,
          "http_startup": 0.259835,
          "initialization": 0
        }
      },
      "f3070a89-1d26-433c-86e8-3b2cfb15d63c": {
        "billing": {
          "_billed_time": null,
          "_gb_seconds": 0,
          "_memory": null
        },
        "output": {
          "begin": "1731536339.022727",
          "cold_start_var": "",
          "container_id": "b873b061",
          "end": "1731536339.231773",
          "is_cold": false,
          "request_id": "f3070a89-1d26-433c-86e8-3b2cfb15d63c",
          "result": {
            "measurement": {
              "compute_time": 80177.0,
              "download_size": 2907386,
              "download_time": 94143.0,
              "upload_size": 3444,
              "upload_time": 34288.0
            },
            "output": {
              "bucket": "210.thumbnailer-0-output-508cd3a1-f6b0-45",
              "key": "5_asphalt-atmosphere-cloudy-sky-2739010.4a05c7e5..jpg"
            }
          },
          "results_time": 0
        },
        "provider_times": {
          "execution": 0,
          "initialization": 0
        },
        "request_id": "f3070a89-1d26-433c-86e8-3b2cfb15d63c",
        "stats": {
          "cold_start": false,
          "failure": false,
          "memory_used": null
        },
        "times": {
          "benchmark": 209046,
          "client": 450523,
          "client_begin": "2024-11-13 22:18:58.779015",
          "client_end": "2024-11-13 22:18:59.229538",
          "http_first_byte_return": 0.450468,
          "http_startup": 0.194402,
          "initialization": 0
        }
      }
    }
  },
  "_metrics": {},
  "begin_time": 1731536322.830469,
  "config": {
    "deployment": {
      "credentials": {
        "account_id": "314211295665"
      },
      "name": "aws",
      "region": "us-east-1",
      "resources": {
        "http-apis": {
          "110_dynamic_html_python_3_8-http-api": {
            "arn": "arn:aws:execute-api:us-east-1:314211295665:xb3dw1b4y9",
            "endpoint": "https://xb3dw1b4y9.execute-api.us-east-1.amazonaws.com"
          },
          "120_uploader_python_3_8-http-api": {
            "arn": "arn:aws:execute-api:us-east-1:314211295665:orle8njuxg",
            "endpoint": "https://orle8njuxg.execute-api.us-east-1.amazonaws.com"
          },
          "210_thumbnailer_python_3_8-http-api": {
            "arn": "arn:aws:execute-api:us-east-1:314211295665:1owsl69vx2",
            "endpoint": "https://1owsl69vx2.execute-api.us-east-1.amazonaws.com"
          },
          "220_video_processing_python_3_8-http-api": {
            "arn": "arn:aws:execute-api:us-east-1:314211295665:r0135su3ef",
            "endpoint": "https://r0135su3ef.execute-api.us-east-1.amazonaws.com"
          },
          "311_compression_python_3_8-http-api": {
            "arn": "arn:aws:execute-api:us-east-1:314211295665:xtmhwxb7j4",
            "endpoint": "https://xtmhwxb7j4.execute-api.us-east-1.amazonaws.com"
          },
          "501_graph_pagerank_python_3_8-http-api": {
            "arn": "arn:aws:execute-api:us-east-1:314211295665:0i4buwihqd",
            "endpoint": "https://0i4buwihqd.execute-api.us-east-1.amazonaws.com"
          },
          "502_graph_mst_python_3_8-http-api": {
            "arn": "arn:aws:execute-api:us-east-1:314211295665:u5fm1u42s1",
            "endpoint": "https://u5fm1u42s1.execute-api.us-east-1.amazonaws.com"
          },
          "503_graph_bfs_python_3_8-http-api": {
            "arn": "arn:aws:execute-api:us-east-1:314211295665:lwb2q068wg",
            "endpoint": "https://lwb2q068wg.execute-api.us-east-1.amazonaws.com"
          }
        },
        "lambda-role": "arn:aws:iam::314211295665:role/sebs-lambda-role"
      }
    },
    "experiments": {
      "architecture": "arm64",
      "download_results": true,
      "experiments": {
        "eviction-model": {
          "function_copy_idx": 0,
          "invocations": 1,
          "repetitions": 5,
          "sleep": 1
        },
        "invocation-overhead": {
          "N": 20,
          "code_begin": 1048576,
          "code_end": 261619712,
          "code_points": 20,
          "payload_begin": 1024,
          "payload_end": 6251000,
          "payload_points": 20,
          "repetitions": 5,
          "type": "payload"
        },
        "network-ping-pong": {
          "invocations": 50,
          "repetitions": 1000,
          "threads": 1
        },
        "perf-cost": {
          "benchmark": "210.thumbnailer",
          "concurrent-invocations": 50,
          "experiments": [
            "cold",
            "warm"
          ],
          "input-size": "test",
          "memory-sizes": [
            128,
            256,
            512,
            1024
          ],
          "repetitions": 50
        }
      },
      "flags": {},
      "runtime": {
        "language": "python",
        "version": "3.8"
      },
      "update_code": false,
      "update_storage": false
    }
  },
  "end_time": 1731536344.373611,
  "result_bucket": null,
  "statistics": {
    "cold_count": 0,
    "failures": [],
    "failures_count": 0,
    "incorrect": [],
    "incorrect_count": 0,
    "samples_generated": 50
  }
}