{
  "_invocations": {
    "220_video_processing_python_3_8": {
      "00ade462-75ab-4fc6-b042-9dd3f2e81eaf": {
        "billing": {
          "_billed_time": 1943,
          "_gb_seconds": 7958528,
          "_memory": 4096
        },
        "output": {
          "begin": "1730500858.084540",
          "cold_start_var": "",
          "container_id": "cbc3d107",
          "end": "1730500860.023456",
          "is_cold": true,
          "request_id": "00ade462-75ab-4fc6-b042-9dd3f2e81eaf",
          "result": {
            "measurement": {
              "compute_time": 1317715.0,
              "download_size": 15350231,
              "download_time": 166864.0,
              "upload_size": 591845,
              "upload_time": 115748.0
            }
          },
          "results_time": 0
        },
        "provider_times": {
          "execution": 1942130,
          "initialization": 141010
        },
        "request_id": "00ade462-75ab-4fc6-b042-9dd3f2e81eaf",
        "stats": {
          "cold_start": true,
          "failure": false,
          "memory_used": 335.0
        },
        "times": {
          "benchmark": 1938916,
          "client": 2847870,
          "client_begin": "2024-11-01 22:40:57.188168",
          "client_end": "2024-11-01 22:41:00.036038",
          "http_first_byte_return": 2.84784,
          "http_startup": 0.329497,
          "initialization": 0
        }
      },
      "10d455fb-dff3-4890-bf36-b602fbf1f678": {
        "billing": {
          "_billed_time": 1899,
          "_gb_seconds": 7778304,
          "_memory": 4096
        },
        "output": {
          "begin": "1730500858.034667",
          "cold_start_var": "",
          "container_id": "d7d61f4c",
          "end": "1730500859.930432",
          "is_cold": true,
          "request_id": "10d455fb-dff3-4890-bf36-b602fbf1f678",
          "result": {
            "measurement": {
              "compute_time": 1305466.0,
              "download_size": 15350231,
              "download_time": 132411.0,
              "upload_size": 591845,
              "upload_time": 124587.0
            }
          },
          "results_time": 0
        },
        "provider_times": {
          "execution": 1898750,
          "initialization": 131060
        },
        "request_id": "10d455fb-dff3-4890-bf36-b602fbf1f678",
        "stats": {
          "cold_start": true,
          "failure": false,
          "memory_used": 336.0
        },
        "times": {
          "benchmark": 1895765,
          "client": 2745321,
          "client_begin": "2024-11-01 22:40:57.196500",
          "client_end": "2024-11-01 22:40:59.941821",
          "http_first_byte_return": 2.745288,
          "http_startup": 0.275487,
          "initialization": 0
        }
      },
      "13e48257-3f24-4361-9fc6-2d8d3e539baf": {
        "billing": {
          "_billed_time": 2005,
          "_gb_seconds": 8212480,
          "_memory": 4096
        },
        "output": {
          "begin": "1730500858.003984",
          "cold_start_var": "",
          "container_id": "0d7fc0c6",
          "end": "1730500860.005119",
          "is_cold": true,
          "request_id": "13e48257-3f24-4361-9fc6-2d8d3e539baf",
          "result": {
            "measurement": {
              "compute_time": 1356950.0,
              "download_size": 15350231,
              "download_time": 166517.0,
              "upload_size": 591845,
              "upload_time": 109845.0
            }
          },
          "results_time": 0
        },
        "provider_times": {
          "execution": 2004250,
          "initialization": 150390
        },
        "request_id": "13e48257-3f24-4361-9fc6-2d8d3e539baf",
        "stats": {
          "cold_start": true,
          "failure": false,
          "memory_used": 336.0
        },
        "times": {
          "benchmark": 2001135,
          "client": 2858328,
          "client_begin": "2024-11-01 22:40:57.158851",
          "client_end": "2024-11-01 22:41:00.017179",
          "http_first_byte_return": 2.85829,
          "http_startup": 0.263921,
          "initialization": 0
        }
      },
      "19bcf4fd-479f-428a-bb76-5076bdee59c3": {
        "billing": {
          "_billed_time": 2066,
          "_gb_seconds": 8462336,
          "_memory": 4096
        },
        "output": {
          "begin": "1730500858.064639",
          "cold_start_var": "",
          "container_id": "92db4561",
          "end": "1730500860.126829",
          "is_cold": true,
          "request_id": "19bcf4fd-479f-428a-bb76-5076bdee59c3",
          "result": {
            "measurement": {
              "compute_time": 1375782.0,
              "download_size": 15350231,
              "download_time": 170251.0,
              "upload_size": 591845,
              "upload_time": 163136.0
            }
          },
          "results_time": 0
        },
        "provider_times": {
          "execution": 2065739,
          "initialization": 143010
        },
        "request_id": "19bcf4fd-479f-428a-bb76-5076bdee59c3",
        "stats": {
          "cold_start": true,
          "failure": false,
          "memory_used": 336.0
        },
        "times": {
          "benchmark": 2062190,
          "client": 2948458,
          "client_begin": "2024-11-01 22:40:57.190185",
          "client_end": "2024-11-01 22:41:00.138643",
          "http_first_byte_return": 2.948422,
          "http_startup": 0.291342,
          "initialization": 0
        }
      },
      "2050eb3b-5f93-42d7-8d3b-4cb0a2a129d1": {
        "billing": {
          "_billed_time": 1976,
          "_gb_seconds": 8093696,
          "_memory": 4096
        },
        "output": {
          "begin": "1730500857.965815",
          "cold_start_var": "",
          "container_id": "1a6a1244",
          "end": "1730500859.937567",
          "is_cold": true,
          "request_id": "2050eb3b-5f93-42d7-8d3b-4cb0a2a129d1",
          "result": {
            "measurement": {
              "compute_time": 1308495.0,
              "download_size": 15350231,
              "download_time": 169861.0,
              "upload_size": 591845,
              "upload_time": 157916.0
            }
          },
          "results_time": 0
        },
        "provider_times": {
          "execution": 1975280,
          "initialization": 134730
        },
        "request_id": "2050eb3b-5f93-42d7-8d3b-4cb0a2a129d1",
        "stats": {
          "cold_start": true,
          "failure": false,
          "memory_used": 336.0
        },
        "times": {
          "benchmark": 1971752,
          "client": 2767935,
          "client_begin": "2024-11-01 22:40:57.182011",
          "client_end": "2024-11-01 22:40:59.949946",
          "http_first_byte_return": 2.767899,
          "http_startup": 0.217569,
          "initialization": 0
        }
      },
      "270b485d-25d1-448e-b499-987442b46330": {
        "billing": {
          "_billed_time": 1933,
          "_gb_seconds": 7917568,
          "_memory": 4096
        },
        "output": {
          "begin": "1730500857.927163",
          "cold_start_var": "",
          "container_id": "4dbd37ce",
          "end": "1730500859.856943",
          "is_cold": true,
          "request_id": "270b485d-25d1-448e-b499-987442b46330",
          "result": {
            "measurement": {
              "compute_time": 1317401.0,
              "download_size": 15350231,
              "download_time": 144227.0,
              "upload_size": 591845,
              "upload_time": 127488.0
            }
          },
          "results_time": 0
        },
        "provider_times": {
          "execution": 1932150,
          "initialization": 135470
        },
        "request_id": "270b485d-25d1-448e-b499-987442b46330",
        "stats": {
          "cold_start": true,
          "failure": false,
          "memory_used": 330.0
        },
        "times": {
          "benchmark": 1929780,
          "client": 2684882,
          "client_begin": "2024-11-01 22:40:57.184168",
          "client_end": "2024-11-01 22:40:59.869050",
          "http_first_byte_return": 2.684831,
          "http_startup": 0.167715,
          "initialization": 0
        }
      },
      "27ab1598-8e3b-4f02-8bea-f227c63fb3f2": {
        "billing": {
          "_billed_time": 2045,
          "_gb_seconds": 8376320,
          "_memory": 4096
        },
        "output": {
          "begin": "1730500857.985219",
          "cold_start_var": "",
          "container_id": "c8e0669b",
          "end": "1730500860.027011",
          "is_cold": true,
          "request_id": "27ab1598-8e3b-4f02-8bea-f227c63fb3f2",
          "result": {
            "measurement": {
              "compute_time": 1378631.0,
              "download_size": 15350231,
              "download_time": 159776.0,
              "upload_size": 591845,
              "upload_time": 112930.0
            }
          },
          "results_time": 0
        },
        "provider_times": {
          "execution": 2044340,
          "initialization": 138750
        },
        "request_id": "27ab1598-8e3b-4f02-8bea-f227c63fb3f2",
        "stats": {
          "cold_start": true,
          "failure": false,
          "memory_used": 338.0
        },
        "times": {
          "benchmark": 2041792,
          "client": 2883882,
          "client_begin": "2024-11-01 22:40:57.155271",
          "client_end": "2024-11-01 22:41:00.039153",
          "http_first_byte_return": 2.881131,
          "http_startup": 0.247103,
          "initialization": 0
        }
      },
      "28f66cd9-0bc5-45f2-b2c8-cd50553ff9d7": {
        "billing": {
          "_billed_time": 1898,
          "_gb_seconds": 7774208,
          "_memory": 4096
        },
        "output": {
          "begin": "1730500857.924366",
          "cold_start_var": "",
          "container_id": "0b1f0b72",
          "end": "1730500859.819306",
          "is_cold": true,
          "request_id": "28f66cd9-0bc5-45f2-b2c8-cd50553ff9d7",
          "result": {
            "measurement": {
              "compute_time": 1315265.0,
              "download_size": 15350231,
              "download_time": 146694.0,
              "upload_size": 591845,
              "upload_time": 87636.0
            }
          },
          "results_time": 0
        },
        "provider_times": {
          "execution": 1897520,
          "initialization": 134630
        },
        "request_id": "28f66cd9-0bc5-45f2-b2c8-cd50553ff9d7",
        "stats": {
          "cold_start": true,
          "failure": false,
          "memory_used": 332.0
        },
        "times": {
          "benchmark": 1894940,
          "client": 2680761,
          "client_begin": "2024-11-01 22:40:57.150204",
          "client_end": "2024-11-01 22:40:59.830965",
          "http_first_byte_return": 2.680676,
          "http_startup": 0.204851,
          "initialization": 0
        }
      },
      "3f654a54-bdae-4519-ba71-e1366fe053eb": {
        "billing": {
          "_billed_time": 1939,
          "_gb_seconds": 7942144,
          "_memory": 4096
        },
        "output": {
          "begin": "1730500858.071295",
          "cold_start_var": "",
          "container_id": "1eca3f5a",
          "end": "1730500860.007085",
          "is_cold": true,
          "request_id": "3f654a54-bdae-4519-ba71-e1366fe053eb",
          "result": {
            "measurement": {
              "compute_time": 1326051.0,
              "download_size": 15350231,
              "download_time": 137985.0,
              "upload_size": 591845,
              "upload_time": 114943.0
            }
          },
          "results_time": 0
        },
        "provider_times": {
          "execution": 1938260,
          "initialization": 136310
        },
        "request_id": "3f654a54-bdae-4519-ba71-e1366fe053eb",
        "stats": {
          "cold_start": true,
          "failure": false,
          "memory_used": 337.0
        },
        "times": {
          "benchmark": 1935790,
          "client": 2823241,
          "client_begin": "2024-11-01 22:40:57.196427",
          "client_end": "2024-11-01 22:41:00.019668",
          "http_first_byte_return": 2.823196,
          "http_startup": 0.316467,
          "initialization": 0
        }
      },
      "494d0cf7-6fa5-4aed-bd2e-82cfd1ecb15e": {
        "billing": {
          "_billed_time": 1936,
          "_gb_seconds": 7929856,
          "_memory": 4096
        },
        "output": {
          "begin": "1730500857.995094",
          "cold_start_var": "",
          "container_id": "407bea2a",
          "end": "1730500859.928464",
          "is_cold": true,
          "request_id": "494d0cf7-6fa5-4aed-bd2e-82cfd1ecb15e",
          "result": {
            "measurement": {
              "compute_time": 1312471.0,
              "download_size": 15350231,
              "download_time": 143238.0,
              "upload_size": 591845,
              "upload_time": 128769.0
            }
          },
          "results_time": 0
        },
        "provider_times": {
          "execution": 1935800,
          "initialization": 133810
        },
        "request_id": "494d0cf7-6fa5-4aed-bd2e-82cfd1ecb15e",
        "stats": {
          "cold_start": true,
          "failure": false,
          "memory_used": 334.0
        },
        "times": {
          "benchmark": 1933370,
          "client": 2747201,
          "client_begin": "2024-11-01 22:40:57.193209",
          "client_end": "2024-11-01 22:40:59.940410",
          "http_first_byte_return": 2.747167,
          "http_startup": 0.251733,
          "initialization": 0
        }
      },
      "4aad0a49-091e-4c2b-87ab-714ca80589fe": {
        "billing": {
          "_billed_time": 1971,
          "_gb_seconds": 8073216,
          "_memory": 4096
        },
        "output": {
          "begin": "1730500858.110131",
          "cold_start_var": "",
          "container_id": "1c245b05",
          "end": "1730500860.077427",
          "is_cold": true,
          "request_id": "4aad0a49-091e-4c2b-87ab-714ca80589fe",
          "result": {
            "measurement": {
              "compute_time": 1331278.0,
              "download_size": 15350231,
              "download_time": 134386.0,
              "upload_size": 591845,
              "upload_time": 166661.0
            }
          },
          "results_time": 0
        },
        "provider_times": {
          "execution": 1970310,
          "initialization": 140230
        },
        "request_id": "4aad0a49-091e-4c2b-87ab-714ca80589fe",
        "stats": {
          "cold_start": true,
          "failure": false,
          "memory_used": 334.0
        },
        "times": {
          "benchmark": 1967296,
          "client": 2891657,
          "client_begin": "2024-11-01 22:40:57.197932",
          "client_end": "2024-11-01 22:41:00.089589",
          "http_first_byte_return": 2.891615,
          "http_startup": 0.320586,
          "initialization": 0
        }
      },
      "4b92c5b4-0ae2-4402-9687-bcb53107c759": {
        "billing": {
          "_billed_time": 2690,
          "_gb_seconds": 11018240,
          "_memory": 4096
        },
        "output": {
          "begin": "1730500858.071748",
          "cold_start_var": "",
          "container_id": "936a1484",
          "end": "1730500860.758995",
          "is_cold": true,
          "request_id": "4b92c5b4-0ae2-4402-9687-bcb53107c759",
          "result": {
            "measurement": {
              "compute_time": 1320816.0,
              "download_size": 15350231,
              "download_time": 137217.0,
              "upload_size": 591845,
              "upload_time": 107636.0
            }
          },
          "results_time": 0
        },
        "provider_times": {
          "execution": 2689610,
          "initialization": 141930
        },
        "request_id": "4b92c5b4-0ae2-4402-9687-bcb53107c759",
        "stats": {
          "cold_start": true,
          "failure": false,
          "memory_used": 332.0
        },
        "times": {
          "benchmark": 2687247,
          "client": 4320268,
          "client_begin": "2024-11-01 22:40:57.229098",
          "client_end": "2024-11-01 22:41:01.549366",
          "http_first_byte_return": 4.320206,
          "http_startup": 0.259964,
          "initialization": 0
        }
      },
      "52c36198-e694-4dd0-adaf-8d3b40acccf9": {
        "billing": {
          "_billed_time": 2075,
          "_gb_seconds": 8499200,
          "_memory": 4096
        },
        "output": {
          "begin": "1730500858.033258",
          "cold_start_var": "",
          "container_id": "00782601",
          "end": "1730500860.104518",
          "is_cold": true,
          "request_id": "52c36198-e694-4dd0-adaf-8d3b40acccf9",
          "result": {
            "measurement": {
              "compute_time": 1338472.0,
              "download_size": 15350231,
              "download_time": 157201.0,
              "upload_size": 591845,
              "upload_time": 174393.0
            }
          },
          "results_time": 0
        },
        "provider_times": {
          "execution": 2074719,
          "initialization": 145360
        },
        "request_id": "52c36198-e694-4dd0-adaf-8d3b40acccf9",
        "stats": {
          "cold_start": true,
          "failure": false,
          "memory_used": 334.0
        },
        "times": {
          "benchmark": 2071260,
          "client": 2886206,
          "client_begin": "2024-11-01 22:40:57.232200",
          "client_end": "2024-11-01 22:41:00.118406",
          "http_first_byte_return": 2.886168,
          "http_startup": 0.242491,
          "initialization": 0
        }
      },
      "577fc9a9-0c45-4d40-b327-acd09f1ed1de": {
        "billing": {
          "_billed_time": 2003,
          "_gb_seconds": 8204288,
          "_memory": 4096
        },
        "output": {
          "begin": "1730500858.019374",
          "cold_start_var": "",
          "container_id": "6dfca31e",
          "end": "1730500860.019613",
          "is_cold": true,
          "request_id": "577fc9a9-0c45-4d40-b327-acd09f1ed1de",
          "result": {
            "measurement": {
              "compute_time": 1326765.0,
              "download_size": 15350231,
              "download_time": 137582.0,
              "upload_size": 591845,
              "upload_time": 173004.0
            }
          },
          "results_time": 0
        },
        "provider_times": {
          "execution": 2002690,
          "initialization": 153550
        },
        "request_id": "577fc9a9-0c45-4d40-b327-acd09f1ed1de",
        "stats": {
          "cold_start": true,
          "failure": false,
          "memory_used": 336.0
        },
        "times": {
          "benchmark": 2000239,
          "client": 2859113,
          "client_begin": "2024-11-01 22:40:57.173326",
          "client_end": "2024-11-01 22:41:00.032439",
          "http_first_byte_return": 2.85908,
          "http_startup": 0.253143,
          "initialization": 0
        }
      },
      "5c73e5d9-f82d-47ef-8ccd-b59fae2d18aa": {
        "billing": {
          "_billed_time": 2087,
          "_gb_seconds": 8548352,
          "_memory": 4096
        },
        "output": {
          "begin": "1730500857.996580",
          "cold_start_var": "",
          "container_id": "c91c6db2",
          "end": "1730500860.079883",
          "is_cold": true,
          "request_id": "5c73e5d9-f82d-47ef-8ccd-b59fae2d18aa",
          "result": {
            "measurement": {
              "compute_time": 1358260.0,
              "download_size": 15350231,
              "download_time": 197782.0,
              "upload_size": 591845,
              "upload_time": 112846.0
            }
          },
          "results_time": 0
        },
        "provider_times": {
          "execution": 2086469,
          "initialization": 159640
        },
        "request_id": "5c73e5d9-f82d-47ef-8ccd-b59fae2d18aa",
        "stats": {
          "cold_start": true,
          "failure": false,
          "memory_used": 335.0
        },
        "times": {
          "benchmark": 2083303,
          "client": 2942795,
          "client_begin": "2024-11-01 22:40:57.150886",
          "client_end": "2024-11-01 22:41:00.093681",
          "http_first_byte_return": 2.939572,
          "http_startup": 0.248584,
          "initialization": 0
        }
      },
      "60e99a2d-86eb-4c1c-8a28-e8010c1a4424": {
        "billing": {
          "_billed_time": 1986,
          "_gb_seconds": 8134656,
          "_memory": 4096
        },
        "output": {
          "begin": "1730500858.095325",
          "cold_start_var": "",
          "container_id": "aad5ee2b",
          "end": "1730500860.078328",
          "is_cold": true,
          "request_id": "60e99a2d-86eb-4c1c-8a28-e8010c1a4424",
          "result": {
            "measurement": {
              "compute_time": 1317828.0,
              "download_size": 15350231,
              "download_time": 163582.0,
              "upload_size": 591845,
              "upload_time": 156496.0
            }
          },
          "results_time": 0
        },
        "provider_times": {
          "execution": 1985800,
          "initialization": 143810
        },
        "request_id": "60e99a2d-86eb-4c1c-8a28-e8010c1a4424",
        "stats": {
          "cold_start": true,
          "failure": false,
          "memory_used": 334.0
        },
        "times": {
          "benchmark": 1983003,
          "client": 2850861,
          "client_begin": "2024-11-01 22:40:57.240140",
          "client_end": "2024-11-01 22:41:00.091001",
          "http_first_byte_return": 2.850823,
          "http_startup": 0.278756,
          "initialization": 0
        }
      },
      "67481f2a-2e9b-4aa5-a89f-c3b0f464b3ae": {
        "billing": {
          "_billed_time": 1969,
          "_gb_seconds": 8065024,
          "_memory": 4096
        },
        "output": {
          "begin": "1730500858.027052",
          "cold_start_var": "",
          "container_id": "4967d0bc",
          "end": "1730500859.992802",
          "is_cold": true,
          "request_id": "67481f2a-2e9b-4aa5-a89f-c3b0f464b3ae",
          "result": {
            "measurement": {
              "compute_time": 1356117.0,
              "download_size": 15350231,
              "download_time": 136247.0,
              "upload_size": 591845,
              "upload_time": 117030.0
            }
          },
          "results_time": 0
        },
        "provider_times": {
          "execution": 1968060,
          "initialization": 148880
        },
        "request_id": "67481f2a-2e9b-4aa5-a89f-c3b0f464b3ae",
        "stats": {
          "cold_start": true,
          "failure": false,
          "memory_used": 337.0
        },
        "times": {
          "benchmark": 1965750,
          "client": 2814624,
          "client_begin": "2024-11-01 22:40:57.190112",
          "client_end": "2024-11-01 22:41:00.004736",
          "http_first_byte_return": 2.814586,
          "http_startup": 0.257071,
          "initialization": 0
        }
      },
      "6aae8058-2025-47c1-91a7-51f0f91b265f": {
        "billing": {
          "_billed_time": 1977,
          "_gb_seconds": 8097792,
          "_memory": 4096
        },
        "output": {
          "begin": "1730500858.185361",
          "cold_start_var": "",
          "container_id": "f8dc543e",
          "end": "1730500860.158422",
          "is_cold": true,
          "request_id": "6aae8058-2025-47c1-91a7-51f0f91b265f",
          "result": {
            "measurement": {
              "compute_time": 1314599.0,
              "download_size": 15350231,
              "download_time": 164183.0,
              "upload_size": 591845,
              "upload_time": 140886.0
            }
          },
          "results_time": 0
        },
        "provider_times": {
          "execution": 1976450,
          "initialization": 143440
        },
        "request_id": "6aae8058-2025-47c1-91a7-51f0f91b265f",
        "stats": {
          "cold_start": true,
          "failure": false,
          "memory_used": 332.0
        },
        "times": {
          "benchmark": 1973061,
          "client": 2971038,
          "client_begin": "2024-11-01 22:40:57.201035",
          "client_end": "2024-11-01 22:41:00.172073",
          "http_first_byte_return": 2.971003,
          "http_startup": 0.318078,
          "initialization": 0
        }
      },
      "6fdd1b52-4ca8-4f47-bb8f-527c1a93d980": {
        "billing": {
          "_billed_time": 2054,
          "_gb_seconds": 8413184,
          "_memory": 4096
        },
        "output": {
          "begin": "1730500857.976970",
          "cold_start_var": "",
          "container_id": "27a3d4ef",
          "end": "1730500860.028040",
          "is_cold": true,
          "request_id": "6fdd1b52-4ca8-4f47-bb8f-527c1a93d980",
          "result": {
            "measurement": {
              "compute_time": 1357433.0,
              "download_size": 15350231,
              "download_time": 160780.0,
              "upload_size": 591845,
              "upload_time": 148962.0
            }
          },
          "results_time": 0
        },
        "provider_times": {
          "execution": 2054000,
          "initialization": 139560
        },
        "request_id": "6fdd1b52-4ca8-4f47-bb8f-527c1a93d980",
        "stats": {
          "cold_start": true,
          "failure": false,
          "memory_used": 332.0
        },
        "times": {
          "benchmark": 2051070,
          "client": 2869710,
          "client_begin": "2024-11-01 22:40:57.170120",
          "client_end": "2024-11-01 22:41:00.039830",
          "http_first_byte_return": 2.869671,
          "http_startup": 0.252536,
          "initialization": 0
        }
      },
      "77cbd7b0-c8b4-4f2e-b32d-8e661e046977": {
        "billing": {
          "_billed_time": 2017,
          "_gb_seconds": 8261632,
          "_memory": 4096
        },
        "output": {
          "begin": "1730500857.972315",
          "cold_start_var": "",
          "container_id": "b7329633",
          "end": "1730500859.986047",
          "is_cold": true,
          "request_id": "77cbd7b0-c8b4-4f2e-b32d-8e661e046977",
          "result": {
            "measurement": {
              "compute_time": 1347614.0,
              "download_size": 15350231,
              "download_time": 151700.0,
              "upload_size": 591845,
              "upload_time": 145562.0
            }
          },
          "results_time": 0
        },
        "provider_times": {
          "execution": 2016560,
          "initialization": 140710
        },
        "request_id": "77cbd7b0-c8b4-4f2e-b32d-8e661e046977",
        "stats": {
          "cold_start": true,
          "failure": false,
          "memory_used": 334.0
        },
        "times": {
          "benchmark": 2013732,
          "client": 2805025,
          "client_begin": "2024-11-01 22:40:57.193930",
          "client_end": "2024-11-01 22:40:59.998955",
          "http_first_byte_return": 2.804991,
          "http_startup": 0.217512,
          "initialization": 0
        }
      },
      "7b6c4c88-2bd2-4dba-838a-55b3630ccb95": {
        "billing": {
          "_billed_time": 2932,
          "_gb_seconds": 12009472,
          "_memory": 4096
        },
        "output": {
          "begin": "1730500857.991591",
          "cold_start_var": "",
          "container_id": "644a1021",
          "end": "1730500860.919783",
          "is_cold": true,
          "request_id": "7b6c4c88-2bd2-4dba-838a-55b3630ccb95",
          "result": {
            "measurement": {
              "compute_time": 1537853.0,
              "download_size": 15350231,
              "download_time": 220608.0,
              "upload_size": 591845,
              "upload_time": 169141.0
            }
          },
          "results_time": 0
        },
        "provider_times": {
          "execution": 2931070,
          "initialization": 138660
        },
        "request_id": "7b6c4c88-2bd2-4dba-838a-55b3630ccb95",
        "stats": {
          "cold_start": true,
          "failure": false,
          "memory_used": 332.0
        },
        "times": {
          "benchmark": 2928192,
          "client": 4261578,
          "client_begin": "2024-11-01 22:40:57.174424",
          "client_end": "2024-11-01 22:41:01.436002",
          "http_first_byte_return": 4.261508,
          "http_startup": 0.226638,
          "initialization": 0
        }
      },
      "7c09d805-b3ef-4bc1-b600-c52bbb1d30c7": {
        "billing": {
          "_billed_time": 2020,
          "_gb_seconds": 8273920,
          "_memory": 4096
        },
        "output": {
          "begin": "1730500857.959846",
          "cold_start_var": "",
          "container_id": "c43a9983",
          "end": "1730500859.976133",
          "is_cold": true,
          "request_id": "7c09d805-b3ef-4bc1-b600-c52bbb1d30c7",
          "result": {
            "measurement": {
              "compute_time": 1361265.0,
              "download_size": 15350231,
              "download_time": 164549.0,
              "upload_size": 591845,
              "upload_time": 97831.0
            }
          },
          "results_time": 0
        },
        "provider_times": {
          "execution": 2019430,
          "initialization": 158700
        },
        "request_id": "7c09d805-b3ef-4bc1-b600-c52bbb1d30c7",
        "stats": {
          "cold_start": true,
          "failure": false,
          "memory_used": 335.0
        },
        "times": {
          "benchmark": 2016287,
          "client": 2824030,
          "client_begin": "2024-11-01 22:40:57.164495",
          "client_end": "2024-11-01 22:40:59.988525",
          "http_first_byte_return": 2.823994,
          "http_startup": 0.192192,
          "initialization": 0
        }
      },
      "820a0e5c-0f10-423e-ad5d-792e4e774a80": {
        "billing": {
          "_billed_time": 1892,
          "_gb_seconds": 7749632,
          "_memory": 4096
        },
        "output": {
          "begin": "1730500858.036964",
          "cold_start_var": "",
          "container_id": "12eb8b8c",
          "end": "1730500859.926296",
          "is_cold": true,
          "request_id": "820a0e5c-0f10-423e-ad5d-792e4e774a80",
          "result": {
            "measurement": {
              "compute_time": 1217908.0,
              "download_size": 15350231,
              "download_time": 145901.0,
              "upload_size": 591845,
              "upload_time": 136183.0
            }
          },
          "results_time": 0
        },
        "provider_times": {
          "execution": 1891430,
          "initialization": 124970
        },
        "request_id": "820a0e5c-0f10-423e-ad5d-792e4e774a80",
        "stats": {
          "cold_start": true,
          "failure": false,
          "memory_used": 334.0
        },
        "times": {
          "benchmark": 1889332,
          "client": 2712706,
          "client_begin": "2024-11-01 22:40:57.225974",
          "client_end": "2024-11-01 22:40:59.938680",
          "http_first_byte_return": 2.71266,
          "http_startup": 0.250483,
          "initialization": 0
        }
      },
      "82878181-e548-4f06-bba7-fc64bae2d0cc": {
        "billing": {
          "_billed_time": 2012,
          "_gb_seconds": 8241152,
          "_memory": 4096
        },
        "output": {
          "begin": "1730500857.968091",
          "cold_start_var": "",
          "container_id": "c0d0f4a5",
          "end": "1730500859.977525",
          "is_cold": true,
          "request_id": "82878181-e548-4f06-bba7-fc64bae2d0cc",
          "result": {
            "measurement": {
              "compute_time": 1373915.0,
              "download_size": 15350231,
              "download_time": 163942.0,
              "upload_size": 591845,
              "upload_time": 111001.0
            }
          },
          "results_time": 0
        },
        "provider_times": {
          "execution": 2011970,
          "initialization": 147620
        },
        "request_id": "82878181-e548-4f06-bba7-fc64bae2d0cc",
        "stats": {
          "cold_start": true,
          "failure": false,
          "memory_used": 336.0
        },
        "times": {
          "benchmark": 2009434,
          "client": 2831152,
          "client_begin": "2024-11-01 22:40:57.158652",
          "client_end": "2024-11-01 22:40:59.989804",
          "http_first_byte_return": 2.830994,
          "http_startup": 0.24309,
          "initialization": 0
        }
      },
      "8c98d748-b99b-4c47-87dd-ed45e79e9e98": {
        "billing": {
          "_billed_time": 2167,
          "_gb_seconds": 8876032,
          "_memory": 4096
        },
        "output": {
          "begin": "1730500858.078849",
          "cold_start_var": "",
          "container_id": "126363cb",
          "end": "1730500860.241619",
          "is_cold": true,
          "request_id": "8c98d748-b99b-4c47-87dd-ed45e79e9e98",
          "result": {
            "measurement": {
              "compute_time": 1336733.0,
              "download_size": 15350231,
              "download_time": 145138.0,
              "upload_size": 591845,
              "upload_time": 181346.0
            }
          },
          "results_time": 0
        },
        "provider_times": {
          "execution": 2166230,
          "initialization": 158180
        },
        "request_id": "8c98d748-b99b-4c47-87dd-ed45e79e9e98",
        "stats": {
          "cold_start": true,
          "failure": false,
          "memory_used": 333.0
        },
        "times": {
          "benchmark": 2162770,
          "client": 3045334,
          "client_begin": "2024-11-01 22:40:57.209988",
          "client_end": "2024-11-01 22:41:00.255322",
          "http_first_byte_return": 3.045288,
          "http_startup": 0.302643,
          "initialization": 0
        }
      },
      "90eade06-3fdf-4d02-a227-635efd73ac70": {
        "billing": {
          "_billed_time": 2230,
          "_gb_seconds": 9134080,
          "_memory": 4096
        },
        "output": {
          "begin": "1730500857.964595",
          "cold_start_var": "",
          "container_id": "54f67bc2",
          "end": "1730500860.191810",
          "is_cold": true,
          "request_id": "90eade06-3fdf-4d02-a227-635efd73ac70",
          "result": {
            "measurement": {
              "compute_time": 1648406.0,
              "download_size": 15350231,
              "download_time": 145133.0,
              "upload_size": 591845,
              "upload_time": 112332.0
            }
          },
          "results_time": 0
        },
        "provider_times": {
          "execution": 2229470,
          "initialization": 125560
        },
        "request_id": "90eade06-3fdf-4d02-a227-635efd73ac70",
        "stats": {
          "cold_start": true,
          "failure": false,
          "memory_used": 331.0
        },
        "times": {
          "benchmark": 2227215,
          "client": 3019729,
          "client_begin": "2024-11-01 22:40:57.185152",
          "client_end": "2024-11-01 22:41:00.204881",
          "http_first_byte_return": 3.019687,
          "http_startup": 0.20509,
          "initialization": 0
        }
      },
      "9860d707-0708-4caa-a2b7-4de52e6f99e5": {
        "billing": {
          "_billed_time": 2049,
          "_gb_seconds": 8392704,
          "_memory": 4096
        },
        "output": {
          "begin": "1730500858.110341",
          "cold_start_var": "",
          "container_id": "82955d64",
          "end": "1730500860.156347",
          "is_cold": true,
          "request_id": "9860d707-0708-4caa-a2b7-4de52e6f99e5",
          "result": {
            "measurement": {
              "compute_time": 1387527.0,
              "download_size": 15350231,
              "download_time": 169436.0,
              "upload_size": 591845,
              "upload_time": 124732.0
            }
          },
          "results_time": 0
        },
        "provider_times": {
          "execution": 2048679,
          "initialization": 156160
        },
        "request_id": "9860d707-0708-4caa-a2b7-4de52e6f99e5",
        "stats": {
          "cold_start": true,
          "failure": false,
          "memory_used": 334.0
        },
        "times": {
          "benchmark": 2046006,
          "client": 2926981,
          "client_begin": "2024-11-01 22:40:57.241942",
          "client_end": "2024-11-01 22:41:00.168923",
          "http_first_byte_return": 2.926943,
          "http_startup": 0.273589,
          "initialization": 0
        }
      },
      "9bc93262-d610-4f78-ab66-22c21345b6de": {
        "billing": {
          "_billed_time": 2034,
          "_gb_seconds": 8331264,
          "_memory": 4096
        },
        "output": {
          "begin": "1730500857.985133",
          "cold_start_var": "",
          "container_id": "80e5ff79",
          "end": "1730500860.015330",
          "is_cold": true,
          "request_id": "9bc93262-d610-4f78-ab66-22c21345b6de",
          "result": {
            "measurement": {
              "compute_time": 1385079.0,
              "download_size": 15350231,
              "download_time": 161024.0,
              "upload_size": 591845,
              "upload_time": 111142.0
            }
          },
          "results_time": 0
        },
        "provider_times": {
          "execution": 2033510,
          "initialization": 146020
        },
        "request_id": "9bc93262-d610-4f78-ab66-22c21345b6de",
        "stats": {
          "cold_start": true,
          "failure": false,
          "memory_used": 335.0
        },
        "times": {
          "benchmark": 2030197,
          "client": 2877217,
          "client_begin": "2024-11-01 22:40:57.151461",
          "client_end": "2024-11-01 22:41:00.028678",
          "http_first_byte_return": 2.877176,
          "http_startup": 0.248841,
          "initialization": 0
        }
      },
      "a165c918-a866-4fb5-9dc0-13d9f5e47d9b": {
        "billing": {
          "_billed_time": 1971,
          "_gb_seconds": 8073216,
          "_memory": 4096
        },
        "output": {
          "begin": "1730500857.962086",
          "cold_start_var": "",
          "container_id": "6d71ce75",
          "end": "1730500859.929700",
          "is_cold": true,
          "request_id": "a165c918-a866-4fb5-9dc0-13d9f5e47d9b",
          "result": {
            "measurement": {
              "compute_time": 1337958.0,
              "download_size": 15350231,
              "download_time": 144080.0,
              "upload_size": 591845,
              "upload_time": 146328.0
            }
          },
          "results_time": 0
        },
        "provider_times": {
          "execution": 1970310,
          "initialization": 137120
        },
        "request_id": "a165c918-a866-4fb5-9dc0-13d9f5e47d9b",
        "stats": {
          "cold_start": true,
          "failure": false,
          "memory_used": 333.0
        },
        "times": {
          "benchmark": 1967614,
          "client": 2774407,
          "client_begin": "2024-11-01 22:40:57.167171",
          "client_end": "2024-11-01 22:40:59.941578",
          "http_first_byte_return": 2.774356,
          "http_startup": 0.232407,
          "initialization": 0
        }
      },
      "b89d3dca-9ced-4d22-ac07-97388a5caf5e": {
        "billing": {
          "_billed_time": 2025,
          "_gb_seconds": 8294400,
          "_memory": 4096
        },
        "output": {
          "begin": "1730500858.011481",
          "cold_start_var": "",
          "container_id": "f1ea4b6a",
          "end": "1730500860.033873",
          "is_cold": true,
          "request_id": "b89d3dca-9ced-4d22-ac07-97388a5caf5e",
          "result": {
            "measurement": {
              "compute_time": 1332917.0,
              "download_size": 15350231,
              "download_time": 160343.0,
              "upload_size": 591845,
              "upload_time": 138692.0
            }
          },
          "results_time": 0
        },
        "provider_times": {
          "execution": 2024830,
          "initialization": 135660
        },
        "request_id": "b89d3dca-9ced-4d22-ac07-97388a5caf5e",
        "stats": {
          "cold_start": true,
          "failure": false,
          "memory_used": 334.0
        },
        "times": {
          "benchmark": 2022392,
          "client": 2832820,
          "client_begin": "2024-11-01 22:40:57.213939",
          "client_end": "2024-11-01 22:41:00.046759",
          "http_first_byte_return": 2.832784,
          "http_startup": 0.256634,
          "initialization": 0
        }
      },
      "b916c912-a0df-4ebb-9e48-cf1ea0861e1d": {
        "billing": {
          "_billed_time": 1978,
          "_gb_seconds": 8101888,
          "_memory": 4096
        },
        "output": {
          "begin": "1730500858.003998",
          "cold_start_var": "",
          "container_id": "c950607f",
          "end": "1730500859.978140",
          "is_cold": true,
          "request_id": "b916c912-a0df-4ebb-9e48-cf1ea0861e1d",
          "result": {
            "measurement": {
              "compute_time": 1349824.0,
              "download_size": 15350231,
              "download_time": 143247.0,
              "upload_size": 591845,
              "upload_time": 122858.0
            }
          },
          "results_time": 0
        },
        "provider_times": {
          "execution": 1977600,
          "initialization": 162880
        },
        "request_id": "b916c912-a0df-4ebb-9e48-cf1ea0861e1d",
        "stats": {
          "cold_start": true,
          "failure": false,
          "memory_used": 334.0
        },
        "times": {
          "benchmark": 1974142,
          "client": 2811973,
          "client_begin": "2024-11-01 22:40:57.179095",
          "client_end": "2024-11-01 22:40:59.991068",
          "http_first_byte_return": 2.811937,
          "http_startup": 0.224428,
          "initialization": 0
        }
      },
      "bbc14593-c7c6-42f2-8e70-9033b828f8d1": {
        "billing": {
          "_billed_time": 2148,
          "_gb_seconds": 8798208,
          "_memory": 4096
        },
        "output": {
          "begin": "1730500858.000147",
          "cold_start_var": "",
          "container_id": "bfe0d5d6",
          "end": "1730500860.144986",
          "is_cold": true,
          "request_id": "bbc14593-c7c6-42f2-8e70-9033b828f8d1",
          "result": {
            "measurement": {
              "compute_time": 1524605.0,
              "download_size": 15350231,
              "download_time": 151383.0,
              "upload_size": 591845,
              "upload_time": 83790.0
            }
          },
          "results_time": 0
        },
        "provider_times": {
          "execution": 2147540,
          "initialization": 214180
        },
        "request_id": "bbc14593-c7c6-42f2-8e70-9033b828f8d1",
        "stats": {
          "cold_start": true,
          "failure": false,
          "memory_used": 335.0
        },
        "times": {
          "benchmark": 2144839,
          "client": 2973487,
          "client_begin": "2024-11-01 22:40:57.185213",
          "client_end": "2024-11-01 22:41:00.158700",
          "http_first_byte_return": 2.973438,
          "http_startup": 0.177341,
          "initialization": 0
        }
      },
      "c1afea1e-4105-43a6-90b8-fb7488355b7b": {
        "billing": {
          "_billed_time": 1949,
          "_gb_seconds": 7983104,
          "_memory": 4096
        },
        "output": {
          "begin": "1730500857.928580",
          "cold_start_var": "",
          "container_id": "c8cbeaeb",
          "end": "1730500859.874260",
          "is_cold": true,
          "request_id": "c1afea1e-4105-43a6-90b8-fb7488355b7b",
          "result": {
            "measurement": {
              "compute_time": 1323122.0,
              "download_size": 15350231,
              "download_time": 130773.0,
              "upload_size": 591845,
              "upload_time": 138509.0
            }
          },
          "results_time": 0
        },
        "provider_times": {
          "execution": 1948310,
          "initialization": 132400
        },
        "request_id": "c1afea1e-4105-43a6-90b8-fb7488355b7b",
        "stats": {
          "cold_start": true,
          "failure": false,
          "memory_used": 331.0
        },
        "times": {
          "benchmark": 1945680,
          "client": 2731009,
          "client_begin": "2024-11-01 22:40:57.155520",
          "client_end": "2024-11-01 22:40:59.886529",
          "http_first_byte_return": 2.730957,
          "http_startup": 0.17213,
          "initialization": 0
        }
      },
      "c630800f-67ee-473a-a1ec-f8a764b2b6eb": {
        "billing": {
          "_billed_time": 2202,
          "_gb_seconds": 9019392,
          "_memory": 4096
        },
        "output": {
          "begin": "1730500857.967507",
          "cold_start_var": "",
          "container_id": "38f4fa77",
          "end": "1730500860.166832",
          "is_cold": true,
          "request_id": "c630800f-67ee-473a-a1ec-f8a764b2b6eb",
          "result": {
            "measurement": {
              "compute_time": 1475868.0,
              "download_size": 15350231,
              "download_time": 198194.0,
              "upload_size": 591845,
              "upload_time": 138598.0
            }
          },
          "results_time": 0
        },
        "provider_times": {
          "execution": 2201960,
          "initialization": 167070
        },
        "request_id": "c630800f-67ee-473a-a1ec-f8a764b2b6eb",
        "stats": {
          "cold_start": true,
          "failure": false,
          "memory_used": 335.0
        },
        "times": {
          "benchmark": 2199325,
          "client": 3020480,
          "client_begin": "2024-11-01 22:40:57.158699",
          "client_end": "2024-11-01 22:41:00.179179",
          "http_first_byte_return": 3.020442,
          "http_startup": 0.192417,
          "initialization": 0
        }
      },
      "cc4d60eb-0a40-45d7-bc1c-6843f4e42ec7": {
        "billing": {
          "_billed_time": 1888,
          "_gb_seconds": 7733248,
          "_memory": 4096
        },
        "output": {
          "begin": "1730500858.064459",
          "cold_start_var": "",
          "container_id": "e69bbc9b",
          "end": "1730500859.949152",
          "is_cold": true,
          "request_id": "cc4d60eb-0a40-45d7-bc1c-6843f4e42ec7",
          "result": {
            "measurement": {
              "compute_time": 1308996.0,
              "download_size": 15350231,
              "download_time": 136266.0,
              "upload_size": 591845,
              "upload_time": 108635.0
            }
          },
          "results_time": 0
        },
        "provider_times": {
          "execution": 1887030,
          "initialization": 134390
        },
        "request_id": "cc4d60eb-0a40-45d7-bc1c-6843f4e42ec7",
        "stats": {
          "cold_start": true,
          "failure": false,
          "memory_used": 334.0
        },
        "times": {
          "benchmark": 1884693,
          "client": 2727811,
          "client_begin": "2024-11-01 22:40:57.233932",
          "client_end": "2024-11-01 22:40:59.961743",
          "http_first_byte_return": 2.727776,
          "http_startup": 0.247443,
          "initialization": 0
        }
      },
      "cd303317-3e2a-4ff5-b3bc-5d8cb95b4d3d": {
        "billing": {
          "_billed_time": 2060,
          "_gb_seconds": 8437760,
          "_memory": 4096
        },
        "output": {
          "begin": "1730500858.044742",
          "cold_start_var": "",
          "container_id": "1a697b0f",
          "end": "1730500860.101756",
          "is_cold": true,
          "request_id": "cd303317-3e2a-4ff5-b3bc-5d8cb95b4d3d",
          "result": {
            "measurement": {
              "compute_time": 1338918.0,
              "download_size": 15350231,
              "download_time": 196154.0,
              "upload_size": 591845,
              "upload_time": 157636.0
            }
          },
          "results_time": 0
        },
        "provider_times": {
          "execution": 2059360,
          "initialization": 144420
        },
        "request_id": "cd303317-3e2a-4ff5-b3bc-5d8cb95b4d3d",
        "stats": {
          "cold_start": true,
          "failure": false,
          "memory_used": 334.0
        },
        "times": {
          "benchmark": 2057014,
          "client": 2912322,
          "client_begin": "2024-11-01 22:40:57.201947",
          "client_end": "2024-11-01 22:41:00.114269",
          "http_first_byte_return": 2.912283,
          "http_startup": 0.273179,
          "initialization": 0
        }
      },
      "cf1e6e5d-b7d4-4433-95e7-413d8b245a5f": {
        "billing": {
          "_billed_time": 1926,
          "_gb_seconds": 7888896,
          "_memory": 4096
        },
        "output": {
          "begin": "1730500857.985970",
          "cold_start_var": "",
          "container_id": "83b3c446",
          "end": "1730500859.908202",
          "is_cold": true,
          "request_id": "cf1e6e5d-b7d4-4433-95e7-413d8b245a5f",
          "result": {
            "measurement": {
              "compute_time": 1338723.0,
              "download_size": 15350231,
              "download_time": 140785.0,
              "upload_size": 591845,
              "upload_time": 103083.0
            }
          },
          "results_time": 0
        },
        "provider_times": {
          "execution": 1925640,
          "initialization": 163410
        },
        "request_id": "cf1e6e5d-b7d4-4433-95e7-413d8b245a5f",
        "stats": {
          "cold_start": true,
          "failure": false,
          "memory_used": 335.0
        },
        "times": {
          "benchmark": 1922232,
          "client": 2758080,
          "client_begin": "2024-11-01 22:40:57.163661",
          "client_end": "2024-11-01 22:40:59.921741",
          "http_first_byte_return": 2.75803,
          "http_startup": 0.20624,
          "initialization": 0
        }
      },
      "d4270335-b5a6-4928-a41a-a6129c620105": {
        "billing": {
          "_billed_time": 2122,
          "_gb_seconds": 8691712,
          "_memory": 4096
        },
        "output": {
          "begin": "1730500858.036954",
          "cold_start_var": "",
          "container_id": "beddc446",
          "end": "1730500860.156374",
          "is_cold": true,
          "request_id": "d4270335-b5a6-4928-a41a-a6129c620105",
          "result": {
            "measurement": {
              "compute_time": 1605889.0,
              "download_size": 15350231,
              "download_time": 129117.0,
              "upload_size": 591845,
              "upload_time": 67090.0
            }
          },
          "results_time": 0
        },
        "provider_times": {
          "execution": 2122000,
          "initialization": 122420
        },
        "request_id": "d4270335-b5a6-4928-a41a-a6129c620105",
        "stats": {
          "cold_start": true,
          "failure": false,
          "memory_used": 333.0
        },
        "times": {
          "benchmark": 2119420,
          "client": 2925015,
          "client_begin": "2024-11-01 22:40:57.245039",
          "client_end": "2024-11-01 22:41:00.170054",
          "http_first_byte_return": 2.924983,
          "http_startup": 0.232195,
          "initialization": 0
        }
      },
      "d857a601-461a-4428-9764-2c2278118365": {
        "billing": {
          "_billed_time": 2101,
          "_gb_seconds": 8605696,
          "_memory": 4096
        },
        "output": {
          "begin": "1730500858.096104",
          "cold_start_var": "",
          "container_id": "1bd324c1",
          "end": "1730500860.194437",
          "is_cold": true,
          "request_id": "d857a601-461a-4428-9764-2c2278118365",
          "result": {
            "measurement": {
              "compute_time": 1315641.0,
              "download_size": 15350231,
              "download_time": 183965.0,
              "upload_size": 591845,
              "upload_time": 214220.0
            }
          },
          "results_time": 0
        },
        "provider_times": {
          "execution": 2100660,
          "initialization": 192430
        },
        "request_id": "d857a601-461a-4428-9764-2c2278118365",
        "stats": {
          "cold_start": true,
          "failure": false,
          "memory_used": 334.0
        },
        "times": {
          "benchmark": 2098333,
          "client": 3021563,
          "client_begin": "2024-11-01 22:40:57.186043",
          "client_end": "2024-11-01 22:41:00.207606",
          "http_first_byte_return": 3.02153,
          "http_startup": 0.289751,
          "initialization": 0
        }
      },
      "deb77a0a-0a3e-4426-9ad3-7c869d6ce464": {
        "billing": {
          "_billed_time": 2268,
          "_gb_seconds": 9289728,
          "_memory": 4096
        },
        "output": {
          "begin": "1730500857.943945",
          "cold_start_var": "",
          "container_id": "efae992a",
          "end": "1730500860.208609",
          "is_cold": true,
          "request_id": "deb77a0a-0a3e-4426-9ad3-7c869d6ce464",
          "result": {
            "measurement": {
              "compute_time": 1623537.0,
              "download_size": 15350231,
              "download_time": 194119.0,
              "upload_size": 591845,
              "upload_time": 126159.0
            }
          },
          "results_time": 0
        },
        "provider_times": {
          "execution": 2267530,
          "initialization": 120070
        },
        "request_id": "deb77a0a-0a3e-4426-9ad3-7c869d6ce464",
        "stats": {
          "cold_start": true,
          "failure": false,
          "memory_used": 331.0
        },
        "times": {
          "benchmark": 2264664,
          "client": 3044033,
          "client_begin": "2024-11-01 22:40:57.178989",
          "client_end": "2024-11-01 22:41:00.223022",
          "http_first_byte_return": 3.043999,
          "http_startup": 0.19612,
          "initialization": 0
        }
      },
      "e740470d-d4da-433d-a45d-04190c466880": {
        "billing": {
          "_billed_time": 2073,
          "_gb_seconds": 8491008,
          "_memory": 4096
        },
        "output": {
          "begin": "1730500858.009075",
          "cold_start_var": "",
          "container_id": "57014e72",
          "end": "1730500860.077928",
          "is_cold": true,
          "request_id": "e740470d-d4da-433d-a45d-04190c466880",
          "result": {
            "measurement": {
              "compute_time": 1347545.0,
              "download_size": 15350231,
              "download_time": 158668.0,
              "upload_size": 591845,
              "upload_time": 188967.0
            }
          },
          "results_time": 0
        },
        "provider_times": {
          "execution": 2072900,
          "initialization": 152050
        },
        "request_id": "e740470d-d4da-433d-a45d-04190c466880",
        "stats": {
          "cold_start": true,
          "failure": false,
          "memory_used": 334.0
        },
        "times": {
          "benchmark": 2068853,
          "client": 2899571,
          "client_begin": "2024-11-01 22:40:57.193290",
          "client_end": "2024-11-01 22:41:00.092861",
          "http_first_byte_return": 2.899529,
          "http_startup": 0.217354,
          "initialization": 0
        }
      },
      "e76496e9-d15c-4bf3-bb3d-972b192a45d0": {
        "billing": {
          "_billed_time": 1910,
          "_gb_seconds": 7823360,
          "_memory": 4096
        },
        "output": {
          "begin": "1730500857.981271",
          "cold_start_var": "",
          "container_id": "3f667694",
          "end": "1730500859.887917",
          "is_cold": true,
          "request_id": "e76496e9-d15c-4bf3-bb3d-972b192a45d0",
          "result": {
            "measurement": {
              "compute_time": 1356041.0,
              "download_size": 15350231,
              "download_time": 140471.0,
              "upload_size": 591845,
              "upload_time": 49190.0
            }
          },
          "results_time": 0
        },
        "provider_times": {
          "execution": 1909270,
          "initialization": 141260
        },
        "request_id": "e76496e9-d15c-4bf3-bb3d-972b192a45d0",
        "stats": {
          "cold_start": true,
          "failure": false,
          "memory_used": 330.0
        },
        "times": {
          "benchmark": 1906646,
          "client": 2730009,
          "client_begin": "2024-11-01 22:40:57.169646",
          "client_end": "2024-11-01 22:40:59.899655",
          "http_first_byte_return": 2.72996,
          "http_startup": 0.23466,
          "initialization": 0
        }
      },
      "e7b4120d-cce3-443a-bb1a-bb044dda2a27": {
        "billing": {
          "_billed_time": 2157,
          "_gb_seconds": 8835072,
          "_memory": 4096
        },
        "output": {
          "begin": "1730500857.884119",
          "cold_start_var": "",
          "container_id": "f5bdeccb",
          "end": "1730500860.037960",
          "is_cold": true,
          "request_id": "e7b4120d-cce3-443a-bb1a-bb044dda2a27",
          "result": {
            "measurement": {
              "compute_time": 1601554.0,
              "download_size": 15350231,
              "download_time": 127340.0,
              "upload_size": 591845,
              "upload_time": 122703.0
            }
          },
          "results_time": 0
        },
        "provider_times": {
          "execution": 2156370,
          "initialization": 118370
        },
        "request_id": "e7b4120d-cce3-443a-bb1a-bb044dda2a27",
        "stats": {
          "cold_start": true,
          "failure": false,
          "memory_used": 335.0
        },
        "times": {
          "benchmark": 2153841,
          "client": 2888368,
          "client_begin": "2024-11-01 22:40:57.162513",
          "client_end": "2024-11-01 22:41:00.050881",
          "http_first_byte_return": 2.888058,
          "http_startup": 0.164052,
          "initialization": 0
        }
      },
      "e7bd7c44-81c3-4136-8c25-b2c7adcc3855": {
        "billing": {
          "_billed_time": 2391,
          "_gb_seconds": 9793536,
          "_memory": 4096
        },
        "output": {
          "begin": "1730500857.963520",
          "cold_start_var": "",
          "container_id": "b04f929a",
          "end": "1730500860.351290",
          "is_cold": true,
          "request_id": "e7bd7c44-81c3-4136-8c25-b2c7adcc3855",
          "result": {
            "measurement": {
              "compute_time": 1338392.0,
              "download_size": 15350231,
              "download_time": 175809.0,
              "upload_size": 591845,
              "upload_time": 107894.0
            }
          },
          "results_time": 0
        },
        "provider_times": {
          "execution": 2390900,
          "initialization": 168360
        },
        "request_id": "e7bd7c44-81c3-4136-8c25-b2c7adcc3855",
        "stats": {
          "cold_start": true,
          "failure": false,
          "memory_used": 334.0
        },
        "times": {
          "benchmark": 2387770,
          "client": 3197455,
          "client_begin": "2024-11-01 22:40:57.166936",
          "client_end": "2024-11-01 22:41:00.364391",
          "http_first_byte_return": 3.197395,
          "http_startup": 0.183411,
          "initialization": 0
        }
      },
      "e86595c2-34b6-4f36-8792-3490c6ab5514": {
        "billing": {
          "_billed_time": 2121,
          "_gb_seconds": 8687616,
          "_memory": 4096
        },
        "output": {
          "begin": "1730500858.001088",
          "cold_start_var": "",
          "container_id": "8c0ab9d1",
          "end": "1730500860.118876",
          "is_cold": true,
          "request_id": "e86595c2-34b6-4f36-8792-3490c6ab5514",
          "result": {
            "measurement": {
              "compute_time": 1350841.0,
              "download_size": 15350231,
              "download_time": 184661.0,
              "upload_size": 591845,
              "upload_time": 223785.0
            }
          },
          "results_time": 0
        },
        "provider_times": {
          "execution": 2120410,
          "initialization": 166890
        },
        "request_id": "e86595c2-34b6-4f36-8792-3490c6ab5514",
        "stats": {
          "cold_start": true,
          "failure": false,
          "memory_used": 336.0
        },
        "times": {
          "benchmark": 2117788,
          "client": 2972612,
          "client_begin": "2024-11-01 22:40:57.158742",
          "client_end": "2024-11-01 22:41:00.131354",
          "http_first_byte_return": 2.972577,
          "http_startup": 0.24,
          "initialization": 0
        }
      },
      "ed276e54-8913-4f08-9859-d05c23f1a713": {
        "billing": {
          "_billed_time": 2100,
          "_gb_seconds": 8601600,
          "_memory": 4096
        },
        "output": {
          "begin": "1730500858.068044",
          "cold_start_var": "",
          "container_id": "57643ae8",
          "end": "1730500860.164608",
          "is_cold": true,
          "request_id": "ed276e54-8913-4f08-9859-d05c23f1a713",
          "result": {
            "measurement": {
              "compute_time": 1377157.0,
              "download_size": 15350231,
              "download_time": 163575.0,
              "upload_size": 591845,
              "upload_time": 176595.0
            }
          },
          "results_time": 0
        },
        "provider_times": {
          "execution": 2099000,
          "initialization": 145960
        },
        "request_id": "ed276e54-8913-4f08-9859-d05c23f1a713",
        "stats": {
          "cold_start": true,
          "failure": false,
          "memory_used": 336.0
        },
        "times": {
          "benchmark": 2096564,
          "client": 2940240,
          "client_begin": "2024-11-01 22:40:57.237028",
          "client_end": "2024-11-01 22:41:00.177268",
          "http_first_byte_return": 2.940205,
          "http_startup": 0.27089,
          "initialization": 0
        }
      },
      "ee1ab8f7-dc41-4fb5-9126-3c3dc8870de2": {
        "billing": {
          "_billed_time": 2043,
          "_gb_seconds": 8368128,
          "_memory": 4096
        },
        "output": {
          "begin": "1730500857.937057",
          "cold_start_var": "",
          "container_id": "78301647",
          "end": "1730500859.976521",
          "is_cold": true,
          "request_id": "ee1ab8f7-dc41-4fb5-9126-3c3dc8870de2",
          "result": {
            "measurement": {
              "compute_time": 1376611.0,
              "download_size": 15350231,
              "download_time": 149625.0,
              "upload_size": 591845,
              "upload_time": 160493.0
            }
          },
          "results_time": 0
        },
        "provider_times": {
          "execution": 2042670,
          "initialization": 145490
        },
        "request_id": "ee1ab8f7-dc41-4fb5-9126-3c3dc8870de2",
        "stats": {
          "cold_start": true,
          "failure": false,
          "memory_used": 335.0
        },
        "times": {
          "benchmark": 2039464,
          "client": 2821287,
          "client_begin": "2024-11-01 22:40:57.167123",
          "client_end": "2024-11-01 22:40:59.988410",
          "http_first_byte_return": 2.821241,
          "http_startup": 0.188783,
          "initialization": 0
        }
      },
      "ef19a7bb-82d5-455a-8f09-219bd0e2105b": {
        "billing": {
          "_billed_time": 1985,
          "_gb_seconds": 8130560,
          "_memory": 4096
        },
        "output": {
          "begin": "1730500857.963127",
          "cold_start_var": "",
          "container_id": "2b44abdd",
          "end": "1730500859.945653",
          "is_cold": true,
          "request_id": "ef19a7bb-82d5-455a-8f09-219bd0e2105b",
          "result": {
            "measurement": {
              "compute_time": 1342729.0,
              "download_size": 15350231,
              "download_time": 167032.0,
              "upload_size": 591845,
              "upload_time": 130466.0
            }
          },
          "results_time": 0
        },
        "provider_times": {
          "execution": 1984920,
          "initialization": 142660
        },
        "request_id": "ef19a7bb-82d5-455a-8f09-219bd0e2105b",
        "stats": {
          "cold_start": true,
          "failure": false,
          "memory_used": 332.0
        },
        "times": {
          "benchmark": 1982526,
          "client": 2779646,
          "client_begin": "2024-11-01 22:40:57.177559",
          "client_end": "2024-11-01 22:40:59.957205",
          "http_first_byte_return": 2.77961,
          "http_startup": 0.22269,
          "initialization": 0
        }
      },
      "f75efbeb-9549-4ce5-8577-04d0a1e39472": {
        "billing": {
          "_billed_time": 1973,
          "_gb_seconds": 8081408,
          "_memory": 4096
        },
        "output": {
          "begin": "1730500857.958244",
          "cold_start_var": "",
          "container_id": "dc98c8e8",
          "end": "1730500859.928807",
          "is_cold": true,
          "request_id": "f75efbeb-9549-4ce5-8577-04d0a1e39472",
          "result": {
            "measurement": {
              "compute_time": 1333420.0,
              "download_size": 15350231,
              "download_time": 139737.0,
              "upload_size": 591845,
              "upload_time": 155644.0
            }
          },
          "results_time": 0
        },
        "provider_times": {
          "execution": 1972990,
          "initialization": 137950
        },
        "request_id": "f75efbeb-9549-4ce5-8577-04d0a1e39472",
        "stats": {
          "cold_start": true,
          "failure": false,
          "memory_used": 335.0
        },
        "times": {
          "benchmark": 1970563,
          "client": 2781495,
          "client_begin": "2024-11-01 22:40:57.158804",
          "client_end": "2024-11-01 22:40:59.940299",
          "http_first_byte_return": 2.781456,
          "http_startup": 0.230749,
          "initialization": 0
        }
      },
      "f83bb718-9144-46d9-acaf-69b70cdd1953": {
        "billing": {
          "_billed_time": 1952,
          "_gb_seconds": 7995392,
          "_memory": 4096
        },
        "output": {
          "begin": "1730500857.960171",
          "cold_start_var": "",
          "container_id": "9882561c",
          "end": "1730500859.909371",
          "is_cold": true,
          "request_id": "f83bb718-9144-46d9-acaf-69b70cdd1953",
          "result": {
            "measurement": {
              "compute_time": 1328507.0,
              "download_size": 15350231,
              "download_time": 133069.0,
              "upload_size": 591845,
              "upload_time": 154046.0
            }
          },
          "results_time": 0
        },
        "provider_times": {
          "execution": 1951850,
          "initialization": 140310
        },
        "request_id": "f83bb718-9144-46d9-acaf-69b70cdd1953",
        "stats": {
          "cold_start": true,
          "failure": false,
          "memory_used": 333.0
        },
        "times": {
          "benchmark": 1949200,
          "client": 2715295,
          "client_begin": "2024-11-01 22:40:57.205951",
          "client_end": "2024-11-01 22:40:59.921246",
          "http_first_byte_return": 2.715247,
          "http_startup": 0.272621,
          "initialization": 0
        }
      }
    }
  },
  "_metrics": {
    "220_video_processing_python_3_8": {}
  },
  "begin_time": 1730500834.848609,
  "config": {
    "deployment": {
      "credentials": {
        "account_id": "314211295665"
      },
      "name": "aws",
      "region": "us-east-1",
      "resources": {
        "http-apis": {
          "110_dynamic_html_python_3_8-http-api": {
            "arn": "arn:aws:execute-api:us-east-1:314211295665:xb3dw1b4y9",
            "endpoint": "https://xb3dw1b4y9.execute-api.us-east-1.amazonaws.com"
          },
          "120_uploader_python_3_8-http-api": {
            "arn": "arn:aws:execute-api:us-east-1:314211295665:orle8njuxg",
            "endpoint": "https://orle8njuxg.execute-api.us-east-1.amazonaws.com"
          },
          "210_thumbnailer_python_3_8-http-api": {
            "arn": "arn:aws:execute-api:us-east-1:314211295665:1owsl69vx2",
            "endpoint": "https://1owsl69vx2.execute-api.us-east-1.amazonaws.com"
          },
          "220_video_processing_python_3_8-http-api": {
            "arn": "arn:aws:execute-api:us-east-1:314211295665:r0135su3ef",
            "endpoint": "https://r0135su3ef.execute-api.us-east-1.amazonaws.com"
          },
          "311_compression_python_3_8-http-api": {
            "arn": "arn:aws:execute-api:us-east-1:314211295665:xtmhwxb7j4",
            "endpoint": "https://xtmhwxb7j4.execute-api.us-east-1.amazonaws.com"
          },
          "501_graph_pagerank_python_3_8-http-api": {
            "arn": "arn:aws:execute-api:us-east-1:314211295665:0i4buwihqd",
            "endpoint": "https://0i4buwihqd.execute-api.us-east-1.amazonaws.com"
          },
          "502_graph_mst_python_3_8-http-api": {
            "arn": "arn:aws:execute-api:us-east-1:314211295665:u5fm1u42s1",
            "endpoint": "https://u5fm1u42s1.execute-api.us-east-1.amazonaws.com"
          },
          "503_graph_bfs_python_3_8-http-api": {
            "arn": "arn:aws:execute-api:us-east-1:314211295665:lwb2q068wg",
            "endpoint": "https://lwb2q068wg.execute-api.us-east-1.amazonaws.com"
          }
        },
        "lambda-role": "arn:aws:iam::314211295665:role/sebs-lambda-role"
      }
    },
    "experiments": {
      "architecture": "x86_64",
      "download_results": true,
      "experiments": {},
      "flags": {},
      "runtime": {
        "language": "python",
        "version": "3.8"
      },
      "update_code": false,
      "update_storage": false
    }
  },
  "end_time": 1730500866.551696,
  "result_bucket": null,
  "statistics": {
    "cold_count": 50,
    "failures": [],
    "failures_count": 0,
    "incorrect": [],
    "incorrect_count": 0,
    "samples_generated": 50
  }
}