{
  "_invocations": {
    "220_video_processing_python_3_8": {
      "0d07a508-55b8-4387-834f-1c169057ef76": {
        "billing": {
          "_billed_time": 5149,
          "_gb_seconds": 5272576,
          "_memory": 1024
        },
        "output": {
          "begin": "1730500707.481544",
          "cold_start_var": "",
          "container_id": "7941adbb",
          "end": "1730500712.627071",
          "is_cold": true,
          "request_id": "0d07a508-55b8-4387-834f-1c169057ef76",
          "result": {
            "measurement": {
              "compute_time": 4285786.0,
              "download_size": 15350231,
              "download_time": 213840.0,
              "upload_size": 591845,
              "upload_time": 53088.0
            }
          },
          "results_time": 0
        },
        "provider_times": {
          "execution": 5148160,
          "initialization": 142650
        },
        "request_id": "0d07a508-55b8-4387-834f-1c169057ef76",
        "stats": {
          "cold_start": true,
          "failure": false,
          "memory_used": 328.0
        },
        "times": {
          "benchmark": 5145527,
          "client": 6276663,
          "client_begin": "2024-11-01 22:38:26.684168",
          "client_end": "2024-11-01 22:38:32.960831",
          "http_first_byte_return": 6.276618,
          "http_startup": 0.226542,
          "initialization": 0
        }
      },
      "0f7bb71d-f52b-4ce4-8967-115a48916ef8": {
        "billing": {
          "_billed_time": 5158,
          "_gb_seconds": 5281792,
          "_memory": 1024
        },
        "output": {
          "begin": "1730500707.446775",
          "cold_start_var": "",
          "container_id": "a3bd261b",
          "end": "1730500712.601238",
          "is_cold": true,
          "request_id": "0f7bb71d-f52b-4ce4-8967-115a48916ef8",
          "result": {
            "measurement": {
              "compute_time": 4279551.0,
              "download_size": 15350231,
              "download_time": 215421.0,
              "upload_size": 591845,
              "upload_time": 111461.0
            }
          },
          "results_time": 0
        },
        "provider_times": {
          "execution": 5157150,
          "initialization": 150330
        },
        "request_id": "0f7bb71d-f52b-4ce4-8967-115a48916ef8",
        "stats": {
          "cold_start": true,
          "failure": false,
          "memory_used": 325.0
        },
        "times": {
          "benchmark": 5154463,
          "client": 6229727,
          "client_begin": "2024-11-01 22:38:26.684221",
          "client_end": "2024-11-01 22:38:32.913948",
          "http_first_byte_return": 6.22969,
          "http_startup": 0.195366,
          "initialization": 0
        }
      },
      "0fcf8bd5-c5c2-4ec9-ae4d-2fa0a0f7fbbd": {
        "billing": {
          "_billed_time": 5306,
          "_gb_seconds": 5433344,
          "_memory": 1024
        },
        "output": {
          "begin": "1730500707.594244",
          "cold_start_var": "",
          "container_id": "f0273b07",
          "end": "1730500712.896621",
          "is_cold": true,
          "request_id": "0fcf8bd5-c5c2-4ec9-ae4d-2fa0a0f7fbbd",
          "result": {
            "measurement": {
              "compute_time": 4385017.0,
              "download_size": 15350231,
              "download_time": 202147.0,
              "upload_size": 591845,
              "upload_time": 168597.0
            }
          },
          "results_time": 0
        },
        "provider_times": {
          "execution": 5305700,
          "initialization": 138110
        },
        "request_id": "0fcf8bd5-c5c2-4ec9-ae4d-2fa0a0f7fbbd",
        "stats": {
          "cold_start": true,
          "failure": false,
          "memory_used": 331.0
        },
        "times": {
          "benchmark": 5302377,
          "client": 6359781,
          "client_begin": "2024-11-01 22:38:26.799672",
          "client_end": "2024-11-01 22:38:33.159453",
          "http_first_byte_return": 6.359743,
          "http_startup": 0.227689,
          "initialization": 0
        }
      },
      "12e0edb0-0f10-49a8-b5ec-2d2c04cd8202": {
        "billing": {
          "_billed_time": 5135,
          "_gb_seconds": 5258240,
          "_memory": 1024
        },
        "output": {
          "begin": "1730500707.512859",
          "cold_start_var": "",
          "container_id": "cd1be215",
          "end": "1730500712.643944",
          "is_cold": true,
          "request_id": "12e0edb0-0f10-49a8-b5ec-2d2c04cd8202",
          "result": {
            "measurement": {
              "compute_time": 4245199.0,
              "download_size": 15350231,
              "download_time": 215403.0,
              "upload_size": 591845,
              "upload_time": 150351.0
            }
          },
          "results_time": 0
        },
        "provider_times": {
          "execution": 5134200,
          "initialization": 133550
        },
        "request_id": "12e0edb0-0f10-49a8-b5ec-2d2c04cd8202",
        "stats": {
          "cold_start": true,
          "failure": false,
          "memory_used": 325.0
        },
        "times": {
          "benchmark": 5131085,
          "client": 6269967,
          "client_begin": "2024-11-01 22:38:26.721932",
          "client_end": "2024-11-01 22:38:32.991899",
          "http_first_byte_return": 6.269937,
          "http_startup": 0.182621,
          "initialization": 0
        }
      },
      "184076d0-d284-4207-bf01-29f05fed8075": {
        "billing": {
          "_billed_time": 4942,
          "_gb_seconds": 5060608,
          "_memory": 1024
        },
        "output": {
          "begin": "1730500707.433265",
          "cold_start_var": "",
          "container_id": "94ccc3f3",
          "end": "1730500712.371565",
          "is_cold": true,
          "request_id": "184076d0-d284-4207-bf01-29f05fed8075",
          "result": {
            "measurement": {
              "compute_time": 4154362.0,
              "download_size": 15350231,
              "download_time": 194058.0,
              "upload_size": 591845,
              "upload_time": 96143.0
            }
          },
          "results_time": 0
        },
        "provider_times": {
          "execution": 4941470,
          "initialization": 130560
        },
        "request_id": "184076d0-d284-4207-bf01-29f05fed8075",
        "stats": {
          "cold_start": true,
          "failure": false,
          "memory_used": 325.0
        },
        "times": {
          "benchmark": 4938300,
          "client": 6243554,
          "client_begin": "2024-11-01 22:38:26.658390",
          "client_end": "2024-11-01 22:38:32.901944",
          "http_first_byte_return": 6.243479,
          "http_startup": 0.209828,
          "initialization": 0
        }
      },
      "1920cfcf-9cf0-4656-b75b-e1b64fbc7bf1": {
        "billing": {
          "_billed_time": 4503,
          "_gb_seconds": 4611072,
          "_memory": 1024
        },
        "output": {
          "begin": "1730500707.530502",
          "cold_start_var": "",
          "container_id": "364ecf2b",
          "end": "1730500712.030848",
          "is_cold": true,
          "request_id": "1920cfcf-9cf0-4656-b75b-e1b64fbc7bf1",
          "result": {
            "measurement": {
              "compute_time": 3546936.0,
              "download_size": 15350231,
              "download_time": 256139.0,
              "upload_size": 591845,
              "upload_time": 168274.0
            }
          },
          "results_time": 0
        },
        "provider_times": {
          "execution": 4502420,
          "initialization": 120420
        },
        "request_id": "1920cfcf-9cf0-4656-b75b-e1b64fbc7bf1",
        "stats": {
          "cold_start": true,
          "failure": false,
          "memory_used": 333.0
        },
        "times": {
          "benchmark": 4500346,
          "client": 5255994,
          "client_begin": "2024-11-01 22:38:26.787194",
          "client_end": "2024-11-01 22:38:32.043188",
          "http_first_byte_return": 5.255924,
          "http_startup": 0.197829,
          "initialization": 0
        }
      },
      "1a40074a-1beb-45f7-b562-6ec078094412": {
        "billing": {
          "_billed_time": 5707,
          "_gb_seconds": 5843968,
          "_memory": 1024
        },
        "output": {
          "begin": "1730500707.529631",
          "cold_start_var": "",
          "container_id": "25b61f24",
          "end": "1730500713.232941",
          "is_cold": true,
          "request_id": "1a40074a-1beb-45f7-b562-6ec078094412",
          "result": {
            "measurement": {
              "compute_time": 4234016.0,
              "download_size": 15350231,
              "download_time": 219894.0,
              "upload_size": 591845,
              "upload_time": 380746.0
            }
          },
          "results_time": 0
        },
        "provider_times": {
          "execution": 5706290,
          "initialization": 129410
        },
        "request_id": "1a40074a-1beb-45f7-b562-6ec078094412",
        "stats": {
          "cold_start": true,
          "failure": false,
          "memory_used": 329.0
        },
        "times": {
          "benchmark": 5703310,
          "client": 6452745,
          "client_begin": "2024-11-01 22:38:26.793394",
          "client_end": "2024-11-01 22:38:33.246139",
          "http_first_byte_return": 6.4527,
          "http_startup": 0.162177,
          "initialization": 0
        }
      },
      "24f28481-39ed-4c57-823f-1dc962632dba": {
        "billing": {
          "_billed_time": 5052,
          "_gb_seconds": 5173248,
          "_memory": 1024
        },
        "output": {
          "begin": "1730500707.490703",
          "cold_start_var": "",
          "container_id": "cdca774a",
          "end": "1730500712.539558",
          "is_cold": true,
          "request_id": "24f28481-39ed-4c57-823f-1dc962632dba",
          "result": {
            "measurement": {
              "compute_time": 4214410.0,
              "download_size": 15350231,
              "download_time": 204002.0,
              "upload_size": 591845,
              "upload_time": 116584.0
            }
          },
          "results_time": 0
        },
        "provider_times": {
          "execution": 5051160,
          "initialization": 132490
        },
        "request_id": "24f28481-39ed-4c57-823f-1dc962632dba",
        "stats": {
          "cold_start": true,
          "failure": false,
          "memory_used": 328.0
        },
        "times": {
          "benchmark": 5048855,
          "client": 6234065,
          "client_begin": "2024-11-01 22:38:26.790294",
          "client_end": "2024-11-01 22:38:33.024359",
          "http_first_byte_return": 6.234034,
          "http_startup": 0.143605,
          "initialization": 0
        }
      },
      "294e1e14-2b46-44d9-80ea-f2247686269c": {
        "billing": {
          "_billed_time": 4912,
          "_gb_seconds": 5029888,
          "_memory": 1024
        },
        "output": {
          "begin": "1730500707.479696",
          "cold_start_var": "",
          "container_id": "f0f992c1",
          "end": "1730500712.388302",
          "is_cold": true,
          "request_id": "294e1e14-2b46-44d9-80ea-f2247686269c",
          "result": {
            "measurement": {
              "compute_time": 4127153.0,
              "download_size": 15350231,
              "download_time": 198388.0,
              "upload_size": 591845,
              "upload_time": 67552.0
            }
          },
          "results_time": 0
        },
        "provider_times": {
          "execution": 4911550,
          "initialization": 137600
        },
        "request_id": "294e1e14-2b46-44d9-80ea-f2247686269c",
        "stats": {
          "cold_start": true,
          "failure": false,
          "memory_used": 328.0
        },
        "times": {
          "benchmark": 4908606,
          "client": 6240379,
          "client_begin": "2024-11-01 22:38:26.749999",
          "client_end": "2024-11-01 22:38:32.990378",
          "http_first_byte_return": 6.240324,
          "http_startup": 0.165246,
          "initialization": 0
        }
      },
      "297d0e15-6b5a-4ce1-8e91-5ca5ffd05480": {
        "billing": {
          "_billed_time": 5148,
          "_gb_seconds": 5271552,
          "_memory": 1024
        },
        "output": {
          "begin": "1730500707.575015",
          "cold_start_var": "",
          "container_id": "05c6fa09",
          "end": "1730500712.719247",
          "is_cold": true,
          "request_id": "297d0e15-6b5a-4ce1-8e91-5ca5ffd05480",
          "result": {
            "measurement": {
              "compute_time": 4214209.0,
              "download_size": 15350231,
              "download_time": 237308.0,
              "upload_size": 591845,
              "upload_time": 156479.0
            }
          },
          "results_time": 0
        },
        "provider_times": {
          "execution": 5147390,
          "initialization": 143520
        },
        "request_id": "297d0e15-6b5a-4ce1-8e91-5ca5ffd05480",
        "stats": {
          "cold_start": true,
          "failure": false,
          "memory_used": 330.0
        },
        "times": {
          "benchmark": 5144232,
          "client": 6311519,
          "client_begin": "2024-11-01 22:38:26.808101",
          "client_end": "2024-11-01 22:38:33.119620",
          "http_first_byte_return": 6.311485,
          "http_startup": 0.194527,
          "initialization": 0
        }
      },
      "2a6a72ff-8838-4a34-b4b5-caba87791f68": {
        "billing": {
          "_billed_time": 4926,
          "_gb_seconds": 5044224,
          "_memory": 1024
        },
        "output": {
          "begin": "1730500707.596428",
          "cold_start_var": "",
          "container_id": "b04f9a85",
          "end": "1730500712.519895",
          "is_cold": true,
          "request_id": "2a6a72ff-8838-4a34-b4b5-caba87791f68",
          "result": {
            "measurement": {
              "compute_time": 4061542.0,
              "download_size": 15350231,
              "download_time": 235299.0,
              "upload_size": 591845,
              "upload_time": 138284.0
            }
          },
          "results_time": 0
        },
        "provider_times": {
          "execution": 4925740,
          "initialization": 126110
        },
        "request_id": "2a6a72ff-8838-4a34-b4b5-caba87791f68",
        "stats": {
          "cold_start": true,
          "failure": false,
          "memory_used": 330.0
        },
        "times": {
          "benchmark": 4923467,
          "client": 6360225,
          "client_begin": "2024-11-01 22:38:26.821939",
          "client_end": "2024-11-01 22:38:33.182164",
          "http_first_byte_return": 6.360186,
          "http_startup": 0.22213,
          "initialization": 0
        }
      },
      "2d31e55f-7f08-43fd-b67b-0617300e6e14": {
        "billing": {
          "_billed_time": 5429,
          "_gb_seconds": 5559296,
          "_memory": 1024
        },
        "output": {
          "begin": "1730500707.467973",
          "cold_start_var": "",
          "container_id": "09b9da19",
          "end": "1730500712.892731",
          "is_cold": true,
          "request_id": "2d31e55f-7f08-43fd-b67b-0617300e6e14",
          "result": {
            "measurement": {
              "compute_time": 4424416.0,
              "download_size": 15350231,
              "download_time": 219495.0,
              "upload_size": 591845,
              "upload_time": 207640.0
            }
          },
          "results_time": 0
        },
        "provider_times": {
          "execution": 5428050,
          "initialization": 159440
        },
        "request_id": "2d31e55f-7f08-43fd-b67b-0617300e6e14",
        "stats": {
          "cold_start": true,
          "failure": false,
          "memory_used": 328.0
        },
        "times": {
          "benchmark": 5424758,
          "client": 6255974,
          "client_begin": "2024-11-01 22:38:26.672305",
          "client_end": "2024-11-01 22:38:32.928279",
          "http_first_byte_return": 6.255923,
          "http_startup": 0.206478,
          "initialization": 0
        }
      },
      "39de49b2-877f-44e2-bbb5-c1586d868df3": {
        "billing": {
          "_billed_time": 5062,
          "_gb_seconds": 5183488,
          "_memory": 1024
        },
        "output": {
          "begin": "1730500707.493001",
          "cold_start_var": "",
          "container_id": "a86b4158",
          "end": "1730500712.551948",
          "is_cold": true,
          "request_id": "39de49b2-877f-44e2-bbb5-c1586d868df3",
          "result": {
            "measurement": {
              "compute_time": 4182008.0,
              "download_size": 15350231,
              "download_time": 241635.0,
              "upload_size": 591845,
              "upload_time": 123719.0
            }
          },
          "results_time": 0
        },
        "provider_times": {
          "execution": 5061310,
          "initialization": 133890
        },
        "request_id": "39de49b2-877f-44e2-bbb5-c1586d868df3",
        "stats": {
          "cold_start": true,
          "failure": false,
          "memory_used": 332.0
        },
        "times": {
          "benchmark": 5058947,
          "client": 6320552,
          "client_begin": "2024-11-01 22:38:26.687432",
          "client_end": "2024-11-01 22:38:33.007984",
          "http_first_byte_return": 6.320513,
          "http_startup": 0.228382,
          "initialization": 0
        }
      },
      "435cd767-b7a1-461a-89ff-e57a83ee1a25": {
        "billing": {
          "_billed_time": 5077,
          "_gb_seconds": 5198848,
          "_memory": 1024
        },
        "output": {
          "begin": "1730500707.553695",
          "cold_start_var": "",
          "container_id": "2defb72f",
          "end": "1730500712.627100",
          "is_cold": true,
          "request_id": "435cd767-b7a1-461a-89ff-e57a83ee1a25",
          "result": {
            "measurement": {
              "compute_time": 4219178.0,
              "download_size": 15350231,
              "download_time": 197790.0,
              "upload_size": 591845,
              "upload_time": 144349.0
            }
          },
          "results_time": 0
        },
        "provider_times": {
          "execution": 5076560,
          "initialization": 137200
        },
        "request_id": "435cd767-b7a1-461a-89ff-e57a83ee1a25",
        "stats": {
          "cold_start": true,
          "failure": false,
          "memory_used": 328.0
        },
        "times": {
          "benchmark": 5073405,
          "client": 6322728,
          "client_begin": "2024-11-01 22:38:26.690198",
          "client_end": "2024-11-01 22:38:33.012926",
          "http_first_byte_return": 6.322694,
          "http_startup": 0.290407,
          "initialization": 0
        }
      },
      "509f9796-9f90-430a-a7af-010a974f180c": {
        "billing": {
          "_billed_time": 5131,
          "_gb_seconds": 5254144,
          "_memory": 1024
        },
        "output": {
          "begin": "1730500707.556683",
          "cold_start_var": "",
          "container_id": "b33f1972",
          "end": "1730500712.684832",
          "is_cold": true,
          "request_id": "509f9796-9f90-430a-a7af-010a974f180c",
          "result": {
            "measurement": {
              "compute_time": 4245569.0,
              "download_size": 15350231,
              "download_time": 199451.0,
              "upload_size": 591845,
              "upload_time": 163890.0
            }
          },
          "results_time": 0
        },
        "provider_times": {
          "execution": 5130680,
          "initialization": 136400
        },
        "request_id": "509f9796-9f90-430a-a7af-010a974f180c",
        "stats": {
          "cold_start": true,
          "failure": false,
          "memory_used": 326.0
        },
        "times": {
          "benchmark": 5128149,
          "client": 6303953,
          "client_begin": "2024-11-01 22:38:26.725023",
          "client_end": "2024-11-01 22:38:33.028976",
          "http_first_byte_return": 6.303925,
          "http_startup": 0.270972,
          "initialization": 0
        }
      },
      "53bf1d3a-b9aa-4c53-a8f2-9d87743b21ba": {
        "billing": {
          "_billed_time": 5199,
          "_gb_seconds": 5323776,
          "_memory": 1024
        },
        "output": {
          "begin": "1730500707.473136",
          "cold_start_var": "",
          "container_id": "5e1e782f",
          "end": "1730500712.668384",
          "is_cold": true,
          "request_id": "53bf1d3a-b9aa-4c53-a8f2-9d87743b21ba",
          "result": {
            "measurement": {
              "compute_time": 4323115.0,
              "download_size": 15350231,
              "download_time": 222347.0,
              "upload_size": 591845,
              "upload_time": 108480.0
            }
          },
          "results_time": 0
        },
        "provider_times": {
          "execution": 5198260,
          "initialization": 139220
        },
        "request_id": "53bf1d3a-b9aa-4c53-a8f2-9d87743b21ba",
        "stats": {
          "cold_start": true,
          "failure": false,
          "memory_used": 326.0
        },
        "times": {
          "benchmark": 5195248,
          "client": 6259185,
          "client_begin": "2024-11-01 22:38:26.670364",
          "client_end": "2024-11-01 22:38:32.929549",
          "http_first_byte_return": 6.257923,
          "http_startup": 0.221112,
          "initialization": 0
        }
      },
      "624da2ad-60b5-4077-9623-008ecd6cc2f7": {
        "billing": {
          "_billed_time": 5145,
          "_gb_seconds": 5268480,
          "_memory": 1024
        },
        "output": {
          "begin": "1730500707.585401",
          "cold_start_var": "",
          "container_id": "3aeb5de2",
          "end": "1730500712.726502",
          "is_cold": true,
          "request_id": "624da2ad-60b5-4077-9623-008ecd6cc2f7",
          "result": {
            "measurement": {
              "compute_time": 4240907.0,
              "download_size": 15350231,
              "download_time": 203355.0,
              "upload_size": 591845,
              "upload_time": 156628.0
            }
          },
          "results_time": 0
        },
        "provider_times": {
          "execution": 5144380,
          "initialization": 133280
        },
        "request_id": "624da2ad-60b5-4077-9623-008ecd6cc2f7",
        "stats": {
          "cold_start": true,
          "failure": false,
          "memory_used": 324.0
        },
        "times": {
          "benchmark": 5141101,
          "client": 6285398,
          "client_begin": "2024-11-01 22:38:26.789909",
          "client_end": "2024-11-01 22:38:33.075307",
          "http_first_byte_return": 6.285361,
          "http_startup": 0.209074,
          "initialization": 0
        }
      },
      "6b027308-44b4-4437-a0bf-25ddbf349f05": {
        "billing": {
          "_billed_time": 5092,
          "_gb_seconds": 5214208,
          "_memory": 1024
        },
        "output": {
          "begin": "1730500707.573941",
          "cold_start_var": "",
          "container_id": "de89eef8",
          "end": "1730500712.662142",
          "is_cold": true,
          "request_id": "6b027308-44b4-4437-a0bf-25ddbf349f05",
          "result": {
            "measurement": {
              "compute_time": 4184355.0,
              "download_size": 15350231,
              "download_time": 200975.0,
              "upload_size": 591845,
              "upload_time": 161841.0
            }
          },
          "results_time": 0
        },
        "provider_times": {
          "execution": 5091020,
          "initialization": 131020
        },
        "request_id": "6b027308-44b4-4437-a0bf-25ddbf349f05",
        "stats": {
          "cold_start": true,
          "failure": false,
          "memory_used": 323.0
        },
        "times": {
          "benchmark": 5088201,
          "client": 6421705,
          "client_begin": "2024-11-01 22:38:26.693809",
          "client_end": "2024-11-01 22:38:33.115514",
          "http_first_byte_return": 6.421667,
          "http_startup": 0.307007,
          "initialization": 0
        }
      },
      "6cb1a322-3038-4ef8-a2f0-6e255c27dea1": {
        "billing": {
          "_billed_time": 5204,
          "_gb_seconds": 5328896,
          "_memory": 1024
        },
        "output": {
          "begin": "1730500707.555106",
          "cold_start_var": "",
          "container_id": "8d1f8261",
          "end": "1730500712.755766",
          "is_cold": true,
          "request_id": "6cb1a322-3038-4ef8-a2f0-6e255c27dea1",
          "result": {
            "measurement": {
              "compute_time": 4322926.0,
              "download_size": 15350231,
              "download_time": 215850.0,
              "upload_size": 591845,
              "upload_time": 120967.0
            }
          },
          "results_time": 0
        },
        "provider_times": {
          "execution": 5203270,
          "initialization": 148850
        },
        "request_id": "6cb1a322-3038-4ef8-a2f0-6e255c27dea1",
        "stats": {
          "cold_start": true,
          "failure": false,
          "memory_used": 333.0
        },
        "times": {
          "benchmark": 5200660,
          "client": 6305265,
          "client_begin": "2024-11-01 22:38:26.721132",
          "client_end": "2024-11-01 22:38:33.026397",
          "http_first_byte_return": 6.305223,
          "http_startup": 0.270969,
          "initialization": 0
        }
      },
      "74186691-5acb-4aa0-8812-88381387b334": {
        "billing": {
          "_billed_time": 5140,
          "_gb_seconds": 5263360,
          "_memory": 1024
        },
        "output": {
          "begin": "1730500707.557918",
          "cold_start_var": "",
          "container_id": "2bfa0c5b",
          "end": "1730500712.695345",
          "is_cold": true,
          "request_id": "74186691-5acb-4aa0-8812-88381387b334",
          "result": {
            "measurement": {
              "compute_time": 4253952.0,
              "download_size": 15350231,
              "download_time": 218422.0,
              "upload_size": 591845,
              "upload_time": 135206.0
            }
          },
          "results_time": 0
        },
        "provider_times": {
          "execution": 5139990,
          "initialization": 145010
        },
        "request_id": "74186691-5acb-4aa0-8812-88381387b334",
        "stats": {
          "cold_start": true,
          "failure": false,
          "memory_used": 329.0
        },
        "times": {
          "benchmark": 5137427,
          "client": 6285007,
          "client_begin": "2024-11-01 22:38:26.729938",
          "client_end": "2024-11-01 22:38:33.014945",
          "http_first_byte_return": 6.284975,
          "http_startup": 0.252101,
          "initialization": 0
        }
      },
      "76d38e0c-3621-4857-9517-cef8c818ab2e": {
        "billing": {
          "_billed_time": 5028,
          "_gb_seconds": 5148672,
          "_memory": 1024
        },
        "output": {
          "begin": "1730500707.529068",
          "cold_start_var": "",
          "container_id": "8fd5b74a",
          "end": "1730500712.553971",
          "is_cold": true,
          "request_id": "76d38e0c-3621-4857-9517-cef8c818ab2e",
          "result": {
            "measurement": {
              "compute_time": 4160732.0,
              "download_size": 15350231,
              "download_time": 196960.0,
              "upload_size": 591845,
              "upload_time": 122486.0
            }
          },
          "results_time": 0
        },
        "provider_times": {
          "execution": 5027320,
          "initialization": 132360
        },
        "request_id": "76d38e0c-3621-4857-9517-cef8c818ab2e",
        "stats": {
          "cold_start": true,
          "failure": false,
          "memory_used": 331.0
        },
        "times": {
          "benchmark": 5024903,
          "client": 6365496,
          "client_begin": "2024-11-01 22:38:26.696917",
          "client_end": "2024-11-01 22:38:33.062413",
          "http_first_byte_return": 6.365451,
          "http_startup": 0.275078,
          "initialization": 0
        }
      },
      "7be65caa-a3f2-4b3a-bca2-33bb63627515": {
        "billing": {
          "_billed_time": 4999,
          "_gb_seconds": 5118976,
          "_memory": 1024
        },
        "output": {
          "begin": "1730500707.463374",
          "cold_start_var": "",
          "container_id": "63a98e15",
          "end": "1730500712.459669",
          "is_cold": true,
          "request_id": "7be65caa-a3f2-4b3a-bca2-33bb63627515",
          "result": {
            "measurement": {
              "compute_time": 4083403.0,
              "download_size": 15350231,
              "download_time": 212112.0,
              "upload_size": 591845,
              "upload_time": 113646.0
            }
          },
          "results_time": 0
        },
        "provider_times": {
          "execution": 4998440,
          "initialization": 120610
        },
        "request_id": "7be65caa-a3f2-4b3a-bca2-33bb63627515",
        "stats": {
          "cold_start": true,
          "failure": false,
          "memory_used": 326.0
        },
        "times": {
          "benchmark": 4996295,
          "client": 6254366,
          "client_begin": "2024-11-01 22:38:26.674017",
          "client_end": "2024-11-01 22:38:32.928383",
          "http_first_byte_return": 6.254211,
          "http_startup": 0.216679,
          "initialization": 0
        }
      },
      "81945299-d800-4bfe-98d5-e4627ce9a391": {
        "billing": {
          "_billed_time": 5071,
          "_gb_seconds": 5192704,
          "_memory": 1024
        },
        "output": {
          "begin": "1730500707.595079",
          "cold_start_var": "",
          "container_id": "61e3d0af",
          "end": "1730500712.662750",
          "is_cold": true,
          "request_id": "81945299-d800-4bfe-98d5-e4627ce9a391",
          "result": {
            "measurement": {
              "compute_time": 4128316.0,
              "download_size": 15350231,
              "download_time": 234542.0,
              "upload_size": 591845,
              "upload_time": 206398.0
            }
          },
          "results_time": 0
        },
        "provider_times": {
          "execution": 5070810,
          "initialization": 120120
        },
        "request_id": "81945299-d800-4bfe-98d5-e4627ce9a391",
        "stats": {
          "cold_start": true,
          "failure": false,
          "memory_used": 329.0
        },
        "times": {
          "benchmark": 5067671,
          "client": 6372724,
          "client_begin": "2024-11-01 22:38:26.812385",
          "client_end": "2024-11-01 22:38:33.185109",
          "http_first_byte_return": 6.372687,
          "http_startup": 0.235064,
          "initialization": 0
        }
      },
      "902d8213-8052-4f15-80fb-2aa246e74f82": {
        "billing": {
          "_billed_time": 5117,
          "_gb_seconds": 5239808,
          "_memory": 1024
        },
        "output": {
          "begin": "1730500707.514580",
          "cold_start_var": "",
          "container_id": "36d14f87",
          "end": "1730500712.628438",
          "is_cold": true,
          "request_id": "902d8213-8052-4f15-80fb-2aa246e74f82",
          "result": {
            "measurement": {
              "compute_time": 4256126.0,
              "download_size": 15350231,
              "download_time": 218925.0,
              "upload_size": 591845,
              "upload_time": 115267.0
            }
          },
          "results_time": 0
        },
        "provider_times": {
          "execution": 5116930,
          "initialization": 139180
        },
        "request_id": "902d8213-8052-4f15-80fb-2aa246e74f82",
        "stats": {
          "cold_start": true,
          "failure": false,
          "memory_used": 325.0
        },
        "times": {
          "benchmark": 5113858,
          "client": 6319478,
          "client_begin": "2024-11-01 22:38:26.718016",
          "client_end": "2024-11-01 22:38:33.037494",
          "http_first_byte_return": 6.319438,
          "http_startup": 0.249314,
          "initialization": 0
        }
      },
      "9f808b19-fff3-41fa-8023-fc4a62646832": {
        "billing": {
          "_billed_time": 5285,
          "_gb_seconds": 5411840,
          "_memory": 1024
        },
        "output": {
          "begin": "1730500707.567533",
          "cold_start_var": "",
          "container_id": "7a2cb0e4",
          "end": "1730500712.848497",
          "is_cold": true,
          "request_id": "9f808b19-fff3-41fa-8023-fc4a62646832",
          "result": {
            "measurement": {
              "compute_time": 4311938.0,
              "download_size": 15350231,
              "download_time": 238035.0,
              "upload_size": 591845,
              "upload_time": 207050.0
            }
          },
          "results_time": 0
        },
        "provider_times": {
          "execution": 5284100,
          "initialization": 133830
        },
        "request_id": "9f808b19-fff3-41fa-8023-fc4a62646832",
        "stats": {
          "cold_start": true,
          "failure": false,
          "memory_used": 327.0
        },
        "times": {
          "benchmark": 5280964,
          "client": 6284668,
          "client_begin": "2024-11-01 22:38:26.788737",
          "client_end": "2024-11-01 22:38:33.073405",
          "http_first_byte_return": 6.284603,
          "http_startup": 0.207899,
          "initialization": 0
        }
      },
      "a1257a6a-e352-40a1-a1cf-4dbb350274da": {
        "billing": {
          "_billed_time": 5425,
          "_gb_seconds": 5555200,
          "_memory": 1024
        },
        "output": {
          "begin": "1730500707.485151",
          "cold_start_var": "",
          "container_id": "68fc5435",
          "end": "1730500712.905847",
          "is_cold": true,
          "request_id": "a1257a6a-e352-40a1-a1cf-4dbb350274da",
          "result": {
            "measurement": {
              "compute_time": 4428416.0,
              "download_size": 15350231,
              "download_time": 236196.0,
              "upload_size": 591845,
              "upload_time": 123693.0
            }
          },
          "results_time": 0
        },
        "provider_times": {
          "execution": 5424640,
          "initialization": 146700
        },
        "request_id": "a1257a6a-e352-40a1-a1cf-4dbb350274da",
        "stats": {
          "cold_start": true,
          "failure": false,
          "memory_used": 333.0
        },
        "times": {
          "benchmark": 5420696,
          "client": 6258364,
          "client_begin": "2024-11-01 22:38:26.681044",
          "client_end": "2024-11-01 22:38:32.939408",
          "http_first_byte_return": 6.258328,
          "http_startup": 0.220795,
          "initialization": 0
        }
      },
      "a54a8162-73d1-4a67-8ee7-e125b15b3928": {
        "billing": {
          "_billed_time": 5076,
          "_gb_seconds": 5197824,
          "_memory": 1024
        },
        "output": {
          "begin": "1730500707.443703",
          "cold_start_var": "",
          "container_id": "4ea5d887",
          "end": "1730500712.516425",
          "is_cold": true,
          "request_id": "a54a8162-73d1-4a67-8ee7-e125b15b3928",
          "result": {
            "measurement": {
              "compute_time": 4225841.0,
              "download_size": 15350231,
              "download_time": 200303.0,
              "upload_size": 591845,
              "upload_time": 119943.0
            }
          },
          "results_time": 0
        },
        "provider_times": {
          "execution": 5075820,
          "initialization": 134940
        },
        "request_id": "a54a8162-73d1-4a67-8ee7-e125b15b3928",
        "stats": {
          "cold_start": true,
          "failure": false,
          "memory_used": 327.0
        },
        "times": {
          "benchmark": 5072722,
          "client": 6225197,
          "client_begin": "2024-11-01 22:38:26.675417",
          "client_end": "2024-11-01 22:38:32.900614",
          "http_first_byte_return": 6.225156,
          "http_startup": 0.192058,
          "initialization": 0
        }
      },
      "a58a327b-a8a1-49fb-868d-d855894892c6": {
        "billing": {
          "_billed_time": 5026,
          "_gb_seconds": 5146624,
          "_memory": 1024
        },
        "output": {
          "begin": "1730500707.544675",
          "cold_start_var": "",
          "container_id": "cc34a59f",
          "end": "1730500712.567328",
          "is_cold": true,
          "request_id": "a58a327b-a8a1-49fb-868d-d855894892c6",
          "result": {
            "measurement": {
              "compute_time": 4149630.0,
              "download_size": 15350231,
              "download_time": 214413.0,
              "upload_size": 591845,
              "upload_time": 114548.0
            }
          },
          "results_time": 0
        },
        "provider_times": {
          "execution": 5025980,
          "initialization": 147910
        },
        "request_id": "a58a327b-a8a1-49fb-868d-d855894892c6",
        "stats": {
          "cold_start": true,
          "failure": false,
          "memory_used": 332.0
        },
        "times": {
          "benchmark": 5022653,
          "client": 6318523,
          "client_begin": "2024-11-01 22:38:26.689975",
          "client_end": "2024-11-01 22:38:33.008498",
          "http_first_byte_return": 6.318485,
          "http_startup": 0.284714,
          "initialization": 0
        }
      },
      "a7b7dee6-ff9b-41b9-b00a-f3b9d485db97": {
        "billing": {
          "_billed_time": 5115,
          "_gb_seconds": 5237760,
          "_memory": 1024
        },
        "output": {
          "begin": "1730500707.598683",
          "cold_start_var": "",
          "container_id": "3703a5c1",
          "end": "1730500712.710937",
          "is_cold": true,
          "request_id": "a7b7dee6-ff9b-41b9-b00a-f3b9d485db97",
          "result": {
            "measurement": {
              "compute_time": 4302962.0,
              "download_size": 15350231,
              "download_time": 209081.0,
              "upload_size": 591845,
              "upload_time": 74159.0
            }
          },
          "results_time": 0
        },
        "provider_times": {
          "execution": 5114730,
          "initialization": 137970
        },
        "request_id": "a7b7dee6-ff9b-41b9-b00a-f3b9d485db97",
        "stats": {
          "cold_start": true,
          "failure": false,
          "memory_used": 326.0
        },
        "times": {
          "benchmark": 5112254,
          "client": 6320281,
          "client_begin": "2024-11-01 22:38:26.837952",
          "client_end": "2024-11-01 22:38:33.158233",
          "http_first_byte_return": 6.320235,
          "http_startup": 0.189826,
          "initialization": 0
        }
      },
      "b04f5183-4231-48b4-839c-7d5fca9eaeac": {
        "billing": {
          "_billed_time": 5375,
          "_gb_seconds": 5504000,
          "_memory": 1024
        },
        "output": {
          "begin": "1730500707.584772",
          "cold_start_var": "",
          "container_id": "c2ec41e0",
          "end": "1730500712.956239",
          "is_cold": true,
          "request_id": "b04f5183-4231-48b4-839c-7d5fca9eaeac",
          "result": {
            "measurement": {
              "compute_time": 4362701.0,
              "download_size": 15350231,
              "download_time": 227729.0,
              "upload_size": 591845,
              "upload_time": 173003.0
            }
          },
          "results_time": 0
        },
        "provider_times": {
          "execution": 5374100,
          "initialization": 148350
        },
        "request_id": "b04f5183-4231-48b4-839c-7d5fca9eaeac",
        "stats": {
          "cold_start": true,
          "failure": false,
          "memory_used": 327.0
        },
        "times": {
          "benchmark": 5371467,
          "client": 6317517,
          "client_begin": "2024-11-01 22:38:26.713966",
          "client_end": "2024-11-01 22:38:33.031483",
          "http_first_byte_return": 6.317482,
          "http_startup": 0.282752,
          "initialization": 0
        }
      },
      "b3098b87-7368-443b-9e97-30c22e9e0d06": {
        "billing": {
          "_billed_time": 5251,
          "_gb_seconds": 5377024,
          "_memory": 1024
        },
        "output": {
          "begin": "1730500707.478095",
          "cold_start_var": "",
          "container_id": "ef8aed7d",
          "end": "1730500712.726363",
          "is_cold": true,
          "request_id": "b3098b87-7368-443b-9e97-30c22e9e0d06",
          "result": {
            "measurement": {
              "compute_time": 4369392.0,
              "download_size": 15350231,
              "download_time": 219787.0,
              "upload_size": 591845,
              "upload_time": 111086.0
            }
          },
          "results_time": 0
        },
        "provider_times": {
          "execution": 5250780,
          "initialization": 134900
        },
        "request_id": "b3098b87-7368-443b-9e97-30c22e9e0d06",
        "stats": {
          "cold_start": true,
          "failure": false,
          "memory_used": 325.0
        },
        "times": {
          "benchmark": 5248268,
          "client": 6268769,
          "client_begin": "2024-11-01 22:38:26.721185",
          "client_end": "2024-11-01 22:38:32.989954",
          "http_first_byte_return": 6.268732,
          "http_startup": 0.190271,
          "initialization": 0
        }
      },
      "b99ca80d-dd5e-4dac-9b36-6cafffbf55db": {
        "billing": {
          "_billed_time": 5232,
          "_gb_seconds": 5357568,
          "_memory": 1024
        },
        "output": {
          "begin": "1730500707.590937",
          "cold_start_var": "",
          "container_id": "c70135fa",
          "end": "1730500712.819567",
          "is_cold": true,
          "request_id": "b99ca80d-dd5e-4dac-9b36-6cafffbf55db",
          "result": {
            "measurement": {
              "compute_time": 4269226.0,
              "download_size": 15350231,
              "download_time": 218798.0,
              "upload_size": 591845,
              "upload_time": 147260.0
            }
          },
          "results_time": 0
        },
        "provider_times": {
          "execution": 5231590,
          "initialization": 150040
        },
        "request_id": "b99ca80d-dd5e-4dac-9b36-6cafffbf55db",
        "stats": {
          "cold_start": true,
          "failure": false,
          "memory_used": 328.0
        },
        "times": {
          "benchmark": 5228630,
          "client": 6324175,
          "client_begin": "2024-11-01 22:38:26.705982",
          "client_end": "2024-11-01 22:38:33.030157",
          "http_first_byte_return": 6.324141,
          "http_startup": 0.289148,
          "initialization": 0
        }
      },
      "bd978f53-87c1-45e2-9e88-329c5f7d36b6": {
        "billing": {
          "_billed_time": 5088,
          "_gb_seconds": 5210112,
          "_memory": 1024
        },
        "output": {
          "begin": "1730500707.577429",
          "cold_start_var": "",
          "container_id": "802d448f",
          "end": "1730500712.662395",
          "is_cold": true,
          "request_id": "bd978f53-87c1-45e2-9e88-329c5f7d36b6",
          "result": {
            "measurement": {
              "compute_time": 4211098.0,
              "download_size": 15350231,
              "download_time": 238736.0,
              "upload_size": 591845,
              "upload_time": 101880.0
            }
          },
          "results_time": 0
        },
        "provider_times": {
          "execution": 5087410,
          "initialization": 144740
        },
        "request_id": "bd978f53-87c1-45e2-9e88-329c5f7d36b6",
        "stats": {
          "cold_start": true,
          "failure": false,
          "memory_used": 331.0
        },
        "times": {
          "benchmark": 5084966,
          "client": 6316135,
          "client_begin": "2024-11-01 22:38:26.805108",
          "client_end": "2024-11-01 22:38:33.121243",
          "http_first_byte_return": 6.316102,
          "http_startup": 0.185556,
          "initialization": 0
        }
      },
      "c0882b30-144d-4c42-92b7-49c2e816a3be": {
        "billing": {
          "_billed_time": 5323,
          "_gb_seconds": 5450752,
          "_memory": 1024
        },
        "output": {
          "begin": "1730500707.770568",
          "cold_start_var": "",
          "container_id": "d719ebe0",
          "end": "1730500713.089736",
          "is_cold": true,
          "request_id": "c0882b30-144d-4c42-92b7-49c2e816a3be",
          "result": {
            "measurement": {
              "compute_time": 4282431.0,
              "download_size": 15350231,
              "download_time": 235377.0,
              "upload_size": 591845,
              "upload_time": 164469.0
            }
          },
          "results_time": 0
        },
        "provider_times": {
          "execution": 5322490,
          "initialization": 311350
        },
        "request_id": "c0882b30-144d-4c42-92b7-49c2e816a3be",
        "stats": {
          "cold_start": true,
          "failure": false,
          "memory_used": 329.0
        },
        "times": {
          "benchmark": 5319168,
          "client": 6374550,
          "client_begin": "2024-11-01 22:38:26.728116",
          "client_end": "2024-11-01 22:38:33.102666",
          "http_first_byte_return": 6.374511,
          "http_startup": 0.234067,
          "initialization": 0
        }
      },
      "c1431ae7-49cc-4e0c-8d68-06d0026a7039": {
        "billing": {
          "_billed_time": 5421,
          "_gb_seconds": 5551104,
          "_memory": 1024
        },
        "output": {
          "begin": "1730500707.556153",
          "cold_start_var": "",
          "container_id": "50fadf20",
          "end": "1730500712.973619",
          "is_cold": true,
          "request_id": "c1431ae7-49cc-4e0c-8d68-06d0026a7039",
          "result": {
            "measurement": {
              "compute_time": 4416703.0,
              "download_size": 15350231,
              "download_time": 254356.0,
              "upload_size": 591845,
              "upload_time": 222210.0
            }
          },
          "results_time": 0
        },
        "provider_times": {
          "execution": 5420210,
          "initialization": 135780
        },
        "request_id": "c1431ae7-49cc-4e0c-8d68-06d0026a7039",
        "stats": {
          "cold_start": true,
          "failure": false,
          "memory_used": 325.0
        },
        "times": {
          "benchmark": 5417466,
          "client": 6283688,
          "client_begin": "2024-11-01 22:38:26.792373",
          "client_end": "2024-11-01 22:38:33.076061",
          "http_first_byte_return": 6.28365,
          "http_startup": 0.196577,
          "initialization": 0
        }
      },
      "c146cf20-6a97-4586-9d66-4c42a8551d8c": {
        "billing": {
          "_billed_time": 5218,
          "_gb_seconds": 5343232,
          "_memory": 1024
        },
        "output": {
          "begin": "1730500707.601630",
          "cold_start_var": "",
          "container_id": "37018fb0",
          "end": "1730500712.816723",
          "is_cold": true,
          "request_id": "c146cf20-6a97-4586-9d66-4c42a8551d8c",
          "result": {
            "measurement": {
              "compute_time": 4357564.0,
              "download_size": 15350231,
              "download_time": 219919.0,
              "upload_size": 591845,
              "upload_time": 40855.0
            }
          },
          "results_time": 0
        },
        "provider_times": {
          "execution": 5217730,
          "initialization": 152470
        },
        "request_id": "c146cf20-6a97-4586-9d66-4c42a8551d8c",
        "stats": {
          "cold_start": true,
          "failure": false,
          "memory_used": 329.0
        },
        "times": {
          "benchmark": 5215093,
          "client": 6366225,
          "client_begin": "2024-11-01 22:38:26.802024",
          "client_end": "2024-11-01 22:38:33.168249",
          "http_first_byte_return": 6.36619,
          "http_startup": 0.240115,
          "initialization": 0
        }
      },
      "c172cb78-4d9d-48bb-ab6e-c433bcee8e8e": {
        "billing": {
          "_billed_time": 5061,
          "_gb_seconds": 5182464,
          "_memory": 1024
        },
        "output": {
          "begin": "1730500707.519277",
          "cold_start_var": "",
          "container_id": "46b1d951",
          "end": "1730500712.577376",
          "is_cold": true,
          "request_id": "c172cb78-4d9d-48bb-ab6e-c433bcee8e8e",
          "result": {
            "measurement": {
              "compute_time": 4185116.0,
              "download_size": 15350231,
              "download_time": 190336.0,
              "upload_size": 591845,
              "upload_time": 172691.0
            }
          },
          "results_time": 0
        },
        "provider_times": {
          "execution": 5060550,
          "initialization": 142540
        },
        "request_id": "c172cb78-4d9d-48bb-ab6e-c433bcee8e8e",
        "stats": {
          "cold_start": true,
          "failure": false,
          "memory_used": 330.0
        },
        "times": {
          "benchmark": 5058099,
          "client": 6306680,
          "client_begin": "2024-11-01 22:38:26.665960",
          "client_end": "2024-11-01 22:38:32.972640",
          "http_first_byte_return": 6.306591,
          "http_startup": 0.272706,
          "initialization": 0
        }
      },
      "c2e32e0e-7450-4edb-b77d-72af8ef99f7a": {
        "billing": {
          "_billed_time": 4938,
          "_gb_seconds": 5056512,
          "_memory": 1024
        },
        "output": {
          "begin": "1730500707.500066",
          "cold_start_var": "",
          "container_id": "9177d308",
          "end": "1730500712.435112",
          "is_cold": true,
          "request_id": "c2e32e0e-7450-4edb-b77d-72af8ef99f7a",
          "result": {
            "measurement": {
              "compute_time": 4110853.0,
              "download_size": 15350231,
              "download_time": 232802.0,
              "upload_size": 591845,
              "upload_time": 101121.0
            }
          },
          "results_time": 0
        },
        "provider_times": {
          "execution": 4937790,
          "initialization": 127200
        },
        "request_id": "c2e32e0e-7450-4edb-b77d-72af8ef99f7a",
        "stats": {
          "cold_start": true,
          "failure": false,
          "memory_used": 326.0
        },
        "times": {
          "benchmark": 4935046,
          "client": 6311815,
          "client_begin": "2024-11-01 22:38:26.662134",
          "client_end": "2024-11-01 22:38:32.973949",
          "http_first_byte_return": 6.310418,
          "http_startup": 0.277896,
          "initialization": 0
        }
      },
      "cb2be216-5b05-45ee-9eef-6b8ba9a0f18f": {
        "billing": {
          "_billed_time": 4955,
          "_gb_seconds": 5073920,
          "_memory": 1024
        },
        "output": {
          "begin": "1730500707.510950",
          "cold_start_var": "",
          "container_id": "d3409ac7",
          "end": "1730500712.462972",
          "is_cold": true,
          "request_id": "cb2be216-5b05-45ee-9eef-6b8ba9a0f18f",
          "result": {
            "measurement": {
              "compute_time": 4167502.0,
              "download_size": 15350231,
              "download_time": 194614.0,
              "upload_size": 591845,
              "upload_time": 74503.0
            }
          },
          "results_time": 0
        },
        "provider_times": {
          "execution": 4954370,
          "initialization": 135830
        },
        "request_id": "cb2be216-5b05-45ee-9eef-6b8ba9a0f18f",
        "stats": {
          "cold_start": true,
          "failure": false,
          "memory_used": 326.0
        },
        "times": {
          "benchmark": 4952022,
          "client": 6309070,
          "client_begin": "2024-11-01 22:38:26.664101",
          "client_end": "2024-11-01 22:38:32.973171",
          "http_first_byte_return": 6.309028,
          "http_startup": 0.275353,
          "initialization": 0
        }
      },
      "cc912e92-8fad-41b6-adab-72bc5d84f469": {
        "billing": {
          "_billed_time": 5230,
          "_gb_seconds": 5355520,
          "_memory": 1024
        },
        "output": {
          "begin": "1730500707.624947",
          "cold_start_var": "",
          "container_id": "db01583f",
          "end": "1730500712.851926",
          "is_cold": true,
          "request_id": "cc912e92-8fad-41b6-adab-72bc5d84f469",
          "result": {
            "measurement": {
              "compute_time": 4305414.0,
              "download_size": 15350231,
              "download_time": 219188.0,
              "upload_size": 591845,
              "upload_time": 161782.0
            }
          },
          "results_time": 0
        },
        "provider_times": {
          "execution": 5229580,
          "initialization": 143460
        },
        "request_id": "cc912e92-8fad-41b6-adab-72bc5d84f469",
        "stats": {
          "cold_start": true,
          "failure": false,
          "memory_used": 326.0
        },
        "times": {
          "benchmark": 5226979,
          "client": 6366775,
          "client_begin": "2024-11-01 22:38:26.801969",
          "client_end": "2024-11-01 22:38:33.168744",
          "http_first_byte_return": 6.366729,
          "http_startup": 0.246659,
          "initialization": 0
        }
      },
      "d0165620-bc1e-4a0f-badb-2cf7e40793c9": {
        "billing": {
          "_billed_time": 5269,
          "_gb_seconds": 5395456,
          "_memory": 1024
        },
        "output": {
          "begin": "1730500707.537986",
          "cold_start_var": "",
          "container_id": "62a51854",
          "end": "1730500712.803765",
          "is_cold": true,
          "request_id": "d0165620-bc1e-4a0f-badb-2cf7e40793c9",
          "result": {
            "measurement": {
              "compute_time": 4336872.0,
              "download_size": 15350231,
              "download_time": 211830.0,
              "upload_size": 591845,
              "upload_time": 186331.0
            }
          },
          "results_time": 0
        },
        "provider_times": {
          "execution": 5268920,
          "initialization": 142090
        },
        "request_id": "d0165620-bc1e-4a0f-badb-2cf7e40793c9",
        "stats": {
          "cold_start": true,
          "failure": false,
          "memory_used": 328.0
        },
        "times": {
          "benchmark": 5265779,
          "client": 6325902,
          "client_begin": "2024-11-01 22:38:26.677150",
          "client_end": "2024-11-01 22:38:33.003052",
          "http_first_byte_return": 6.325868,
          "http_startup": 0.290587,
          "initialization": 0
        }
      },
      "d45b03af-b605-4be3-b317-0c8b2772c1fe": {
        "billing": {
          "_billed_time": 5127,
          "_gb_seconds": 5250048,
          "_memory": 1024
        },
        "output": {
          "begin": "1730500707.529805",
          "cold_start_var": "",
          "container_id": "58fda0c6",
          "end": "1730500712.653830",
          "is_cold": true,
          "request_id": "d45b03af-b605-4be3-b317-0c8b2772c1fe",
          "result": {
            "measurement": {
              "compute_time": 4239936.0,
              "download_size": 15350231,
              "download_time": 207607.0,
              "upload_size": 591845,
              "upload_time": 133529.0
            }
          },
          "results_time": 0
        },
        "provider_times": {
          "execution": 5126340,
          "initialization": 138760
        },
        "request_id": "d45b03af-b605-4be3-b317-0c8b2772c1fe",
        "stats": {
          "cold_start": true,
          "failure": false,
          "memory_used": 330.0
        },
        "times": {
          "benchmark": 5124025,
          "client": 6330326,
          "client_begin": "2024-11-01 22:38:26.666662",
          "client_end": "2024-11-01 22:38:32.996988",
          "http_first_byte_return": 6.330287,
          "http_startup": 0.288049,
          "initialization": 0
        }
      },
      "dbec7dd1-32f7-4ce4-a682-5fdc0f2f5223": {
        "billing": {
          "_billed_time": 5141,
          "_gb_seconds": 5264384,
          "_memory": 1024
        },
        "output": {
          "begin": "1730500707.547019",
          "cold_start_var": "",
          "container_id": "79e3e019",
          "end": "1730500712.683833",
          "is_cold": true,
          "request_id": "dbec7dd1-32f7-4ce4-a682-5fdc0f2f5223",
          "result": {
            "measurement": {
              "compute_time": 4279747.0,
              "download_size": 15350231,
              "download_time": 203744.0,
              "upload_size": 591845,
              "upload_time": 109079.0
            }
          },
          "results_time": 0
        },
        "provider_times": {
          "execution": 5140170,
          "initialization": 139510
        },
        "request_id": "dbec7dd1-32f7-4ce4-a682-5fdc0f2f5223",
        "stats": {
          "cold_start": true,
          "failure": false,
          "memory_used": 332.0
        },
        "times": {
          "benchmark": 5136814,
          "client": 6338318,
          "client_begin": "2024-11-01 22:38:26.658758",
          "client_end": "2024-11-01 22:38:32.997076",
          "http_first_byte_return": 6.338236,
          "http_startup": 0.299889,
          "initialization": 0
        }
      },
      "dc996350-ab1e-4803-a66e-13e710cae758": {
        "billing": {
          "_billed_time": 5041,
          "_gb_seconds": 5161984,
          "_memory": 1024
        },
        "output": {
          "begin": "1730500707.620091",
          "cold_start_var": "",
          "container_id": "20ff22d5",
          "end": "1730500712.658011",
          "is_cold": true,
          "request_id": "dc996350-ab1e-4803-a66e-13e710cae758",
          "result": {
            "measurement": {
              "compute_time": 4149030.0,
              "download_size": 15350231,
              "download_time": 212281.0,
              "upload_size": 591845,
              "upload_time": 177960.0
            }
          },
          "results_time": 0
        },
        "provider_times": {
          "execution": 5040990,
          "initialization": 130289
        },
        "request_id": "dc996350-ab1e-4803-a66e-13e710cae758",
        "stats": {
          "cold_start": true,
          "failure": false,
          "memory_used": 331.0
        },
        "times": {
          "benchmark": 5037920,
          "client": 6322319,
          "client_begin": "2024-11-01 22:38:26.841054",
          "client_end": "2024-11-01 22:38:33.163373",
          "http_first_byte_return": 6.322284,
          "http_startup": 0.207581,
          "initialization": 0
        }
      },
      "e1feb5bc-5bf3-438f-9615-a29cfb440139": {
        "billing": {
          "_billed_time": 5082,
          "_gb_seconds": 5203968,
          "_memory": 1024
        },
        "output": {
          "begin": "1730500707.426232",
          "cold_start_var": "",
          "container_id": "cab6a908",
          "end": "1730500712.505435",
          "is_cold": true,
          "request_id": "e1feb5bc-5bf3-438f-9615-a29cfb440139",
          "result": {
            "measurement": {
              "compute_time": 4207021.0,
              "download_size": 15350231,
              "download_time": 235158.0,
              "upload_size": 591845,
              "upload_time": 123027.0
            }
          },
          "results_time": 0
        },
        "provider_times": {
          "execution": 5081560,
          "initialization": 136930
        },
        "request_id": "e1feb5bc-5bf3-438f-9615-a29cfb440139",
        "stats": {
          "cold_start": true,
          "failure": false,
          "memory_used": 331.0
        },
        "times": {
          "benchmark": 5079203,
          "client": 6218730,
          "client_begin": "2024-11-01 22:38:26.680395",
          "client_end": "2024-11-01 22:38:32.899125",
          "http_first_byte_return": 6.218656,
          "http_startup": 0.186282,
          "initialization": 0
        }
      },
      "e5fc9556-cbec-4260-8437-30f82654b807": {
        "billing": {
          "_billed_time": 5381,
          "_gb_seconds": 5510144,
          "_memory": 1024
        },
        "output": {
          "begin": "1730500707.511651",
          "cold_start_var": "",
          "container_id": "eb456c04",
          "end": "1730500712.890122",
          "is_cold": true,
          "request_id": "e5fc9556-cbec-4260-8437-30f82654b807",
          "result": {
            "measurement": {
              "compute_time": 4401239.0,
              "download_size": 15350231,
              "download_time": 239060.0,
              "upload_size": 591845,
              "upload_time": 145747.0
            }
          },
          "results_time": 0
        },
        "provider_times": {
          "execution": 5380910,
          "initialization": 154400
        },
        "request_id": "e5fc9556-cbec-4260-8437-30f82654b807",
        "stats": {
          "cold_start": true,
          "failure": false,
          "memory_used": 333.0
        },
        "times": {
          "benchmark": 5378471,
          "client": 6286525,
          "client_begin": "2024-11-01 22:38:26.680471",
          "client_end": "2024-11-01 22:38:32.966996",
          "http_first_byte_return": 6.286492,
          "http_startup": 0.252631,
          "initialization": 0
        }
      },
      "e8a41ef3-48f6-46be-9633-d5c7b768af2f": {
        "billing": {
          "_billed_time": 5116,
          "_gb_seconds": 5238784,
          "_memory": 1024
        },
        "output": {
          "begin": "1730500707.565544",
          "cold_start_var": "",
          "container_id": "06e58dc8",
          "end": "1730500712.677485",
          "is_cold": true,
          "request_id": "e8a41ef3-48f6-46be-9633-d5c7b768af2f",
          "result": {
            "measurement": {
              "compute_time": 4248438.0,
              "download_size": 15350231,
              "download_time": 221510.0,
              "upload_size": 591845,
              "upload_time": 123372.0
            }
          },
          "results_time": 0
        },
        "provider_times": {
          "execution": 5115180,
          "initialization": 134300
        },
        "request_id": "e8a41ef3-48f6-46be-9633-d5c7b768af2f",
        "stats": {
          "cold_start": true,
          "failure": false,
          "memory_used": 331.0
        },
        "times": {
          "benchmark": 5111941,
          "client": 6279519,
          "client_begin": "2024-11-01 22:38:26.753053",
          "client_end": "2024-11-01 22:38:33.032572",
          "http_first_byte_return": 6.279487,
          "http_startup": 0.244443,
          "initialization": 0
        }
      },
      "f45ca498-c5f2-452e-aee3-b8c786d7ea80": {
        "billing": {
          "_billed_time": 5287,
          "_gb_seconds": 5413888,
          "_memory": 1024
        },
        "output": {
          "begin": "1730500707.601913",
          "cold_start_var": "",
          "container_id": "556bde57",
          "end": "1730500712.885860",
          "is_cold": true,
          "request_id": "f45ca498-c5f2-452e-aee3-b8c786d7ea80",
          "result": {
            "measurement": {
              "compute_time": 4349800.0,
              "download_size": 15350231,
              "download_time": 217843.0,
              "upload_size": 591845,
              "upload_time": 121693.0
            }
          },
          "results_time": 0
        },
        "provider_times": {
          "execution": 5286990,
          "initialization": 158260
        },
        "request_id": "f45ca498-c5f2-452e-aee3-b8c786d7ea80",
        "stats": {
          "cold_start": true,
          "failure": false,
          "memory_used": 333.0
        },
        "times": {
          "benchmark": 5283947,
          "client": 6268308,
          "client_begin": "2024-11-01 22:38:26.830006",
          "client_end": "2024-11-01 22:38:33.098314",
          "http_first_byte_return": 6.26827,
          "http_startup": 0.184617,
          "initialization": 0
        }
      },
      "f4c29e58-82d8-4bf6-bc6b-c42c6fd9efc7": {
        "billing": {
          "_billed_time": 5352,
          "_gb_seconds": 5480448,
          "_memory": 1024
        },
        "output": {
          "begin": "1730500707.569414",
          "cold_start_var": "",
          "container_id": "2a453971",
          "end": "1730500712.918005",
          "is_cold": true,
          "request_id": "f4c29e58-82d8-4bf6-bc6b-c42c6fd9efc7",
          "result": {
            "measurement": {
              "compute_time": 4341076.0,
              "download_size": 15350231,
              "download_time": 244635.0,
              "upload_size": 591845,
              "upload_time": 145762.0
            }
          },
          "results_time": 0
        },
        "provider_times": {
          "execution": 5351180,
          "initialization": 143950
        },
        "request_id": "f4c29e58-82d8-4bf6-bc6b-c42c6fd9efc7",
        "stats": {
          "cold_start": true,
          "failure": false,
          "memory_used": 330.0
        },
        "times": {
          "benchmark": 5348591,
          "client": 6307603,
          "client_begin": "2024-11-01 22:38:26.796554",
          "client_end": "2024-11-01 22:38:33.104157",
          "http_first_byte_return": 6.307569,
          "http_startup": 0.194737,
          "initialization": 0
        }
      },
      "f52ba73f-d5da-434f-8279-36d5e8aadaef": {
        "billing": {
          "_billed_time": 4993,
          "_gb_seconds": 5112832,
          "_memory": 1024
        },
        "output": {
          "begin": "1730500707.550809",
          "cold_start_var": "",
          "container_id": "f31af221",
          "end": "1730500712.540378",
          "is_cold": true,
          "request_id": "f52ba73f-d5da-434f-8279-36d5e8aadaef",
          "result": {
            "measurement": {
              "compute_time": 4163394.0,
              "download_size": 15350231,
              "download_time": 212092.0,
              "upload_size": 591845,
              "upload_time": 104075.0
            }
          },
          "results_time": 0
        },
        "provider_times": {
          "execution": 4992030,
          "initialization": 134980
        },
        "request_id": "f52ba73f-d5da-434f-8279-36d5e8aadaef",
        "stats": {
          "cold_start": true,
          "failure": false,
          "memory_used": 327.0
        },
        "times": {
          "benchmark": 4989569,
          "client": 6315174,
          "client_begin": "2024-11-01 22:38:26.709091",
          "client_end": "2024-11-01 22:38:33.024265",
          "http_first_byte_return": 6.315135,
          "http_startup": 0.27675,
          "initialization": 0
        }
      }
    }
  },
  "_metrics": {
    "220_video_processing_python_3_8": {}
  },
  "begin_time": 1730500681.225495,
  "config": {
    "deployment": {
      "credentials": {
        "account_id": "314211295665"
      },
      "name": "aws",
      "region": "us-east-1",
      "resources": {
        "http-apis": {
          "110_dynamic_html_python_3_8-http-api": {
            "arn": "arn:aws:execute-api:us-east-1:314211295665:xb3dw1b4y9",
            "endpoint": "https://xb3dw1b4y9.execute-api.us-east-1.amazonaws.com"
          },
          "120_uploader_python_3_8-http-api": {
            "arn": "arn:aws:execute-api:us-east-1:314211295665:orle8njuxg",
            "endpoint": "https://orle8njuxg.execute-api.us-east-1.amazonaws.com"
          },
          "210_thumbnailer_python_3_8-http-api": {
            "arn": "arn:aws:execute-api:us-east-1:314211295665:1owsl69vx2",
            "endpoint": "https://1owsl69vx2.execute-api.us-east-1.amazonaws.com"
          },
          "220_video_processing_python_3_8-http-api": {
            "arn": "arn:aws:execute-api:us-east-1:314211295665:r0135su3ef",
            "endpoint": "https://r0135su3ef.execute-api.us-east-1.amazonaws.com"
          },
          "311_compression_python_3_8-http-api": {
            "arn": "arn:aws:execute-api:us-east-1:314211295665:xtmhwxb7j4",
            "endpoint": "https://xtmhwxb7j4.execute-api.us-east-1.amazonaws.com"
          },
          "501_graph_pagerank_python_3_8-http-api": {
            "arn": "arn:aws:execute-api:us-east-1:314211295665:0i4buwihqd",
            "endpoint": "https://0i4buwihqd.execute-api.us-east-1.amazonaws.com"
          },
          "502_graph_mst_python_3_8-http-api": {
            "arn": "arn:aws:execute-api:us-east-1:314211295665:u5fm1u42s1",
            "endpoint": "https://u5fm1u42s1.execute-api.us-east-1.amazonaws.com"
          },
          "503_graph_bfs_python_3_8-http-api": {
            "arn": "arn:aws:execute-api:us-east-1:314211295665:lwb2q068wg",
            "endpoint": "https://lwb2q068wg.execute-api.us-east-1.amazonaws.com"
          }
        },
        "lambda-role": "arn:aws:iam::314211295665:role/sebs-lambda-role"
      }
    },
    "experiments": {
      "architecture": "x86_64",
      "download_results": true,
      "experiments": {},
      "flags": {},
      "runtime": {
        "language": "python",
        "version": "3.8"
      },
      "update_code": false,
      "update_storage": false
    }
  },
  "end_time": 1730500718.248408,
  "result_bucket": null,
  "statistics": {
    "cold_count": 50,
    "failures": [],
    "failures_count": 0,
    "incorrect": [],
    "incorrect_count": 0,
    "samples_generated": 50
  }
}