{
  "_invocations": {
    "220_video_processing_python_3_8": {
      "08ef9bdd-74ff-4b2d-a48e-fb0fde547afd": {
        "billing": {
          "_billed_time": 1200,
          "_gb_seconds": 4915200,
          "_memory": 4096
        },
        "output": {
          "begin": "1730500884.542996",
          "cold_start_var": "",
          "container_id": "1a697b0f",
          "end": "1730500885.740512",
          "is_cold": false,
          "request_id": "08ef9bdd-74ff-4b2d-a48e-fb0fde547afd",
          "result": {
            "measurement": {
              "compute_time": 969790.0,
              "download_size": 15350231,
              "download_time": 138966.0,
              "upload_size": 591845,
              "upload_time": 88632.0
            }
          },
          "results_time": 0
        },
        "provider_times": {
          "execution": 1199510,
          "initialization": 0
        },
        "request_id": "08ef9bdd-74ff-4b2d-a48e-fb0fde547afd",
        "stats": {
          "cold_start": false,
          "failure": false,
          "memory_used": 334.0
        },
        "times": {
          "benchmark": 1197516,
          "client": 2368061,
          "client_begin": "2024-11-01 22:41:24.182026",
          "client_end": "2024-11-01 22:41:26.550087",
          "http_first_byte_return": 2.367955,
          "http_startup": 0.329033,
          "initialization": 0
        }
      },
      "0abca486-c127-405b-8ed3-c2ba0bc21faa": {
        "billing": {
          "_billed_time": 1250,
          "_gb_seconds": 5120000,
          "_memory": 4096
        },
        "output": {
          "begin": "1730500884.505314",
          "cold_start_var": "",
          "container_id": "57014e72",
          "end": "1730500885.752608",
          "is_cold": false,
          "request_id": "0abca486-c127-405b-8ed3-c2ba0bc21faa",
          "result": {
            "measurement": {
              "compute_time": 986399.0,
              "download_size": 15350231,
              "download_time": 141358.0,
              "upload_size": 591845,
              "upload_time": 119413.0
            }
          },
          "results_time": 0
        },
        "provider_times": {
          "execution": 1249260,
          "initialization": 0
        },
        "request_id": "0abca486-c127-405b-8ed3-c2ba0bc21faa",
        "stats": {
          "cold_start": false,
          "failure": false,
          "memory_used": 334.0
        },
        "times": {
          "benchmark": 1247294,
          "client": 2377119,
          "client_begin": "2024-11-01 22:41:24.125334",
          "client_end": "2024-11-01 22:41:26.502453",
          "http_first_byte_return": 2.377032,
          "http_startup": 0.349173,
          "initialization": 0
        }
      },
      "13371d44-5f45-49c9-8f66-a2de7d17bede": {
        "billing": {
          "_billed_time": 1221,
          "_gb_seconds": 5001216,
          "_memory": 4096
        },
        "output": {
          "begin": "1730500884.550385",
          "cold_start_var": "",
          "container_id": "f8dc543e",
          "end": "1730500885.768432",
          "is_cold": false,
          "request_id": "13371d44-5f45-49c9-8f66-a2de7d17bede",
          "result": {
            "measurement": {
              "compute_time": 957040.0,
              "download_size": 15350231,
              "download_time": 141865.0,
              "upload_size": 591845,
              "upload_time": 119016.0
            }
          },
          "results_time": 0
        },
        "provider_times": {
          "execution": 1220100,
          "initialization": 0
        },
        "request_id": "13371d44-5f45-49c9-8f66-a2de7d17bede",
        "stats": {
          "cold_start": false,
          "failure": false,
          "memory_used": 334.0
        },
        "times": {
          "benchmark": 1218047,
          "client": 2317648,
          "client_begin": "2024-11-01 22:41:24.230007",
          "client_end": "2024-11-01 22:41:26.547655",
          "http_first_byte_return": 2.317616,
          "http_startup": 0.285336,
          "initialization": 0
        }
      },
      "153b8191-47e2-4427-b043-d968934d4b91": {
        "billing": {
          "_billed_time": 1281,
          "_gb_seconds": 5246976,
          "_memory": 4096
        },
        "output": {
          "begin": "1730500884.505529",
          "cold_start_var": "",
          "container_id": "27a3d4ef",
          "end": "1730500885.780968",
          "is_cold": false,
          "request_id": "153b8191-47e2-4427-b043-d968934d4b91",
          "result": {
            "measurement": {
              "compute_time": 1010755.0,
              "download_size": 15350231,
              "download_time": 148377.0,
              "upload_size": 591845,
              "upload_time": 116177.0
            }
          },
          "results_time": 0
        },
        "provider_times": {
          "execution": 1280310,
          "initialization": 0
        },
        "request_id": "153b8191-47e2-4427-b043-d968934d4b91",
        "stats": {
          "cold_start": false,
          "failure": false,
          "memory_used": 338.0
        },
        "times": {
          "benchmark": 1275439,
          "client": 2358350,
          "client_begin": "2024-11-01 22:41:24.142312",
          "client_end": "2024-11-01 22:41:26.500662",
          "http_first_byte_return": 2.35832,
          "http_startup": 0.328937,
          "initialization": 0
        }
      },
      "15aee804-f284-4280-982b-e348e640123e": {
        "billing": {
          "_billed_time": 1288,
          "_gb_seconds": 5275648,
          "_memory": 4096
        },
        "output": {
          "begin": "1730500884.523112",
          "cold_start_var": "",
          "container_id": "bfe0d5d6",
          "end": "1730500885.808374",
          "is_cold": false,
          "request_id": "15aee804-f284-4280-982b-e348e640123e",
          "result": {
            "measurement": {
              "compute_time": 1031494.0,
              "download_size": 15350231,
              "download_time": 159379.0,
              "upload_size": 591845,
              "upload_time": 94261.0
            }
          },
          "results_time": 0
        },
        "provider_times": {
          "execution": 1287350,
          "initialization": 0
        },
        "request_id": "15aee804-f284-4280-982b-e348e640123e",
        "stats": {
          "cold_start": false,
          "failure": false,
          "memory_used": 335.0
        },
        "times": {
          "benchmark": 1285262,
          "client": 2390154,
          "client_begin": "2024-11-01 22:41:24.128915",
          "client_end": "2024-11-01 22:41:26.519069",
          "http_first_byte_return": 2.390113,
          "http_startup": 0.357723,
          "initialization": 0
        }
      },
      "18ec939d-7d13-4296-b37d-dee5df13a1e3": {
        "billing": {
          "_billed_time": 1236,
          "_gb_seconds": 5062656,
          "_memory": 4096
        },
        "output": {
          "begin": "1730500884.519003",
          "cold_start_var": "",
          "container_id": "c8e0669b",
          "end": "1730500885.752370",
          "is_cold": false,
          "request_id": "18ec939d-7d13-4296-b37d-dee5df13a1e3",
          "result": {
            "measurement": {
              "compute_time": 970518.0,
              "download_size": 15350231,
              "download_time": 157010.0,
              "upload_size": 591845,
              "upload_time": 105724.0
            }
          },
          "results_time": 0
        },
        "provider_times": {
          "execution": 1235400,
          "initialization": 0
        },
        "request_id": "18ec939d-7d13-4296-b37d-dee5df13a1e3",
        "stats": {
          "cold_start": false,
          "failure": false,
          "memory_used": 338.0
        },
        "times": {
          "benchmark": 1233367,
          "client": 2316904,
          "client_begin": "2024-11-01 22:41:24.213036",
          "client_end": "2024-11-01 22:41:26.529940",
          "http_first_byte_return": 2.31687,
          "http_startup": 0.274365,
          "initialization": 0
        }
      },
      "18f2a695-c7a6-48ee-84ae-0ed3c4b1b496": {
        "billing": {
          "_billed_time": 1202,
          "_gb_seconds": 4923392,
          "_memory": 4096
        },
        "output": {
          "begin": "1730500884.555136",
          "cold_start_var": "",
          "container_id": "1bd324c1",
          "end": "1730500885.754304",
          "is_cold": false,
          "request_id": "18f2a695-c7a6-48ee-84ae-0ed3c4b1b496",
          "result": {
            "measurement": {
              "compute_time": 948489.0,
              "download_size": 15350231,
              "download_time": 144564.0,
              "upload_size": 591845,
              "upload_time": 105996.0
            }
          },
          "results_time": 0
        },
        "provider_times": {
          "execution": 1201970,
          "initialization": 0
        },
        "request_id": "18f2a695-c7a6-48ee-84ae-0ed3c4b1b496",
        "stats": {
          "cold_start": false,
          "failure": false,
          "memory_used": 334.0
        },
        "times": {
          "benchmark": 1199168,
          "client": 2400999,
          "client_begin": "2024-11-01 22:41:24.148488",
          "client_end": "2024-11-01 22:41:26.549487",
          "http_first_byte_return": 2.400843,
          "http_startup": 0.371621,
          "initialization": 0
        }
      },
      "192ad2ab-6c65-437e-9020-5ae4b5488d14": {
        "billing": {
          "_billed_time": 1404,
          "_gb_seconds": 5750784,
          "_memory": 4096
        },
        "output": {
          "begin": "1730500884.524283",
          "cold_start_var": "",
          "container_id": "8c0ab9d1",
          "end": "1730500885.924559",
          "is_cold": false,
          "request_id": "192ad2ab-6c65-437e-9020-5ae4b5488d14",
          "result": {
            "measurement": {
              "compute_time": 1088416.0,
              "download_size": 15350231,
              "download_time": 166466.0,
              "upload_size": 591845,
              "upload_time": 145225.0
            }
          },
          "results_time": 0
        },
        "provider_times": {
          "execution": 1403330,
          "initialization": 0
        },
        "request_id": "192ad2ab-6c65-437e-9020-5ae4b5488d14",
        "stats": {
          "cold_start": false,
          "failure": false,
          "memory_used": 341.0
        },
        "times": {
          "benchmark": 1400276,
          "client": 2365620,
          "client_begin": "2024-11-01 22:41:24.181950",
          "client_end": "2024-11-01 22:41:26.547570",
          "http_first_byte_return": 2.365569,
          "http_startup": 0.309587,
          "initialization": 0
        }
      },
      "1aad7133-8e16-4e22-903d-3dda30c729c8": {
        "billing": {
          "_billed_time": 1234,
          "_gb_seconds": 5054464,
          "_memory": 4096
        },
        "output": {
          "begin": "1730500884.530294",
          "cold_start_var": "",
          "container_id": "6dfca31e",
          "end": "1730500885.761625",
          "is_cold": false,
          "request_id": "1aad7133-8e16-4e22-903d-3dda30c729c8",
          "result": {
            "measurement": {
              "compute_time": 965305.0,
              "download_size": 15350231,
              "download_time": 141322.0,
              "upload_size": 591845,
              "upload_time": 124577.0
            }
          },
          "results_time": 0
        },
        "provider_times": {
          "execution": 1233460,
          "initialization": 0
        },
        "request_id": "1aad7133-8e16-4e22-903d-3dda30c729c8",
        "stats": {
          "cold_start": false,
          "failure": false,
          "memory_used": 336.0
        },
        "times": {
          "benchmark": 1231331,
          "client": 2229458,
          "client_begin": "2024-11-01 22:41:24.292099",
          "client_end": "2024-11-01 22:41:26.521557",
          "http_first_byte_return": 2.229421,
          "http_startup": 0.200445,
          "initialization": 0
        }
      },
      "1bffa66f-0b43-4700-ba6a-e876c584cc78": {
        "billing": {
          "_billed_time": 1216,
          "_gb_seconds": 4980736,
          "_memory": 4096
        },
        "output": {
          "begin": "1730500884.547722",
          "cold_start_var": "",
          "container_id": "aad5ee2b",
          "end": "1730500885.760823",
          "is_cold": false,
          "request_id": "1bffa66f-0b43-4700-ba6a-e876c584cc78",
          "result": {
            "measurement": {
              "compute_time": 953008.0,
              "download_size": 15350231,
              "download_time": 135949.0,
              "upload_size": 591845,
              "upload_time": 124024.0
            }
          },
          "results_time": 0
        },
        "provider_times": {
          "execution": 1215050,
          "initialization": 0
        },
        "request_id": "1bffa66f-0b43-4700-ba6a-e876c584cc78",
        "stats": {
          "cold_start": false,
          "failure": false,
          "memory_used": 334.0
        },
        "times": {
          "benchmark": 1213101,
          "client": 2358324,
          "client_begin": "2024-11-01 22:41:24.185946",
          "client_end": "2024-11-01 22:41:26.544270",
          "http_first_byte_return": 2.358288,
          "http_startup": 0.3266,
          "initialization": 0
        }
      },
      "1d7ae02a-eefd-4b8e-8fb1-915ffeaed958": {
        "billing": {
          "_billed_time": 1374,
          "_gb_seconds": 5627904,
          "_memory": 4096
        },
        "output": {
          "begin": "1730500884.524012",
          "cold_start_var": "",
          "container_id": "f1ea4b6a",
          "end": "1730500885.895176",
          "is_cold": false,
          "request_id": "1d7ae02a-eefd-4b8e-8fb1-915ffeaed958",
          "result": {
            "measurement": {
              "compute_time": 979692.0,
              "download_size": 15350231,
              "download_time": 264649.0,
              "upload_size": 591845,
              "upload_time": 126700.0
            }
          },
          "results_time": 0
        },
        "provider_times": {
          "execution": 1373100,
          "initialization": 0
        },
        "request_id": "1d7ae02a-eefd-4b8e-8fb1-915ffeaed958",
        "stats": {
          "cold_start": false,
          "failure": false,
          "memory_used": 337.0
        },
        "times": {
          "benchmark": 1371164,
          "client": 2361792,
          "client_begin": "2024-11-01 22:41:24.189941",
          "client_end": "2024-11-01 22:41:26.551733",
          "http_first_byte_return": 2.360066,
          "http_startup": 0.295465,
          "initialization": 0
        }
      },
      "2b421007-a3d3-443b-a543-c0603015fce7": {
        "billing": {
          "_billed_time": 1325,
          "_gb_seconds": 5427200,
          "_memory": 4096
        },
        "output": {
          "begin": "1730500884.544767",
          "cold_start_var": "",
          "container_id": "38f4fa77",
          "end": "1730500885.866876",
          "is_cold": false,
          "request_id": "2b421007-a3d3-443b-a543-c0603015fce7",
          "result": {
            "measurement": {
              "compute_time": 989538.0,
              "download_size": 15350231,
              "download_time": 145400.0,
              "upload_size": 591845,
              "upload_time": 187048.0
            }
          },
          "results_time": 0
        },
        "provider_times": {
          "execution": 1324200,
          "initialization": 0
        },
        "request_id": "2b421007-a3d3-443b-a543-c0603015fce7",
        "stats": {
          "cold_start": false,
          "failure": false,
          "memory_used": 335.0
        },
        "times": {
          "benchmark": 1322109,
          "client": 2325845,
          "client_begin": "2024-11-01 22:41:24.213935",
          "client_end": "2024-11-01 22:41:26.539780",
          "http_first_byte_return": 2.325805,
          "http_startup": 0.294518,
          "initialization": 0
        }
      },
      "30db1ff1-2483-4f1e-9551-0c67cf11c0ee": {
        "billing": {
          "_billed_time": 1231,
          "_gb_seconds": 5042176,
          "_memory": 4096
        },
        "output": {
          "begin": "1730500884.500677",
          "cold_start_var": "",
          "container_id": "3f667694",
          "end": "1730500885.727171",
          "is_cold": false,
          "request_id": "30db1ff1-2483-4f1e-9551-0c67cf11c0ee",
          "result": {
            "measurement": {
              "compute_time": 989480.0,
              "download_size": 15350231,
              "download_time": 140615.0,
              "upload_size": 591845,
              "upload_time": 96273.0
            }
          },
          "results_time": 0
        },
        "provider_times": {
          "execution": 1230130,
          "initialization": 0
        },
        "request_id": "30db1ff1-2483-4f1e-9551-0c67cf11c0ee",
        "stats": {
          "cold_start": false,
          "failure": false,
          "memory_used": 334.0
        },
        "times": {
          "benchmark": 1226494,
          "client": 2370739,
          "client_begin": "2024-11-01 22:41:24.126894",
          "client_end": "2024-11-01 22:41:26.497633",
          "http_first_byte_return": 2.370693,
          "http_startup": 0.341786,
          "initialization": 0
        }
      },
      "3396c568-13c7-414c-9cb7-530be46d0729": {
        "billing": {
          "_billed_time": 1471,
          "_gb_seconds": 6025216,
          "_memory": 4096
        },
        "output": {
          "begin": "1730500884.466065",
          "cold_start_var": "",
          "container_id": "f5bdeccb",
          "end": "1730500885.934999",
          "is_cold": false,
          "request_id": "3396c568-13c7-414c-9cb7-530be46d0729",
          "result": {
            "measurement": {
              "compute_time": 1197181.0,
              "download_size": 15350231,
              "download_time": 137920.0,
              "upload_size": 591845,
              "upload_time": 133718.0
            }
          },
          "results_time": 0
        },
        "provider_times": {
          "execution": 1470740,
          "initialization": 0
        },
        "request_id": "3396c568-13c7-414c-9cb7-530be46d0729",
        "stats": {
          "cold_start": false,
          "failure": false,
          "memory_used": 335.0
        },
        "times": {
          "benchmark": 1468934,
          "client": 2335420,
          "client_begin": "2024-11-01 22:41:24.130079",
          "client_end": "2024-11-01 22:41:26.465499",
          "http_first_byte_return": 2.335386,
          "http_startup": 0.301271,
          "initialization": 0
        }
      },
      "37838de7-6f98-4594-bcfa-80d733b8d78b": {
        "billing": {
          "_billed_time": 1250,
          "_gb_seconds": 5120000,
          "_memory": 4096
        },
        "output": {
          "begin": "1730500884.531284",
          "cold_start_var": "",
          "container_id": "80e5ff79",
          "end": "1730500885.778318",
          "is_cold": false,
          "request_id": "37838de7-6f98-4594-bcfa-80d733b8d78b",
          "result": {
            "measurement": {
              "compute_time": 1001255.0,
              "download_size": 15350231,
              "download_time": 141863.0,
              "upload_size": 591845,
              "upload_time": 103788.0
            }
          },
          "results_time": 0
        },
        "provider_times": {
          "execution": 1249480,
          "initialization": 0
        },
        "request_id": "37838de7-6f98-4594-bcfa-80d733b8d78b",
        "stats": {
          "cold_start": false,
          "failure": false,
          "memory_used": 335.0
        },
        "times": {
          "benchmark": 1247034,
          "client": 2314017,
          "client_begin": "2024-11-01 22:41:24.225111",
          "client_end": "2024-11-01 22:41:26.539128",
          "http_first_byte_return": 2.313979,
          "http_startup": 0.272702,
          "initialization": 0
        }
      },
      "3c00f8b9-de1a-447d-8e08-3f391db7c73c": {
        "billing": {
          "_billed_time": 1214,
          "_gb_seconds": 4972544,
          "_memory": 4096
        },
        "output": {
          "begin": "1730500884.553484",
          "cold_start_var": "",
          "container_id": "e69bbc9b",
          "end": "1730500885.764600",
          "is_cold": false,
          "request_id": "3c00f8b9-de1a-447d-8e08-3f391db7c73c",
          "result": {
            "measurement": {
              "compute_time": 947797.0,
              "download_size": 15350231,
              "download_time": 149797.0,
              "upload_size": 591845,
              "upload_time": 113400.0
            }
          },
          "results_time": 0
        },
        "provider_times": {
          "execution": 1213630,
          "initialization": 0
        },
        "request_id": "3c00f8b9-de1a-447d-8e08-3f391db7c73c",
        "stats": {
          "cold_start": false,
          "failure": false,
          "memory_used": 334.0
        },
        "times": {
          "benchmark": 1211116,
          "client": 2326137,
          "client_begin": "2024-11-01 22:41:24.220118",
          "client_end": "2024-11-01 22:41:26.546255",
          "http_first_byte_return": 2.326103,
          "http_startup": 0.2946,
          "initialization": 0
        }
      },
      "41c9d683-0e43-4d15-9da1-d32e2c962d3d": {
        "billing": {
          "_billed_time": 1480,
          "_gb_seconds": 6062080,
          "_memory": 4096
        },
        "output": {
          "begin": "1730500884.523183",
          "cold_start_var": "",
          "container_id": "efae992a",
          "end": "1730500886.001302",
          "is_cold": false,
          "request_id": "41c9d683-0e43-4d15-9da1-d32e2c962d3d",
          "result": {
            "measurement": {
              "compute_time": 1213591.0,
              "download_size": 15350231,
              "download_time": 139024.0,
              "upload_size": 591845,
              "upload_time": 125386.0
            }
          },
          "results_time": 0
        },
        "provider_times": {
          "execution": 1479960,
          "initialization": 0
        },
        "request_id": "41c9d683-0e43-4d15-9da1-d32e2c962d3d",
        "stats": {
          "cold_start": false,
          "failure": false,
          "memory_used": 331.0
        },
        "times": {
          "benchmark": 1478119,
          "client": 2373763,
          "client_begin": "2024-11-01 22:41:24.142240",
          "client_end": "2024-11-01 22:41:26.516003",
          "http_first_byte_return": 2.373724,
          "http_startup": 0.344469,
          "initialization": 0
        }
      },
      "4782b3d5-a824-4076-a36b-ec0fa856aac5": {
        "billing": {
          "_billed_time": 1393,
          "_gb_seconds": 5705728,
          "_memory": 4096
        },
        "output": {
          "begin": "1730500884.531427",
          "cold_start_var": "",
          "container_id": "d7d61f4c",
          "end": "1730500885.920852",
          "is_cold": false,
          "request_id": "4782b3d5-a824-4076-a36b-ec0fa856aac5",
          "result": {
            "measurement": {
              "compute_time": 952061.0,
              "download_size": 15350231,
              "download_time": 135568.0,
              "upload_size": 591845,
              "upload_time": 301677.0
            }
          },
          "results_time": 0
        },
        "provider_times": {
          "execution": 1392240,
          "initialization": 0
        },
        "request_id": "4782b3d5-a824-4076-a36b-ec0fa856aac5",
        "stats": {
          "cold_start": false,
          "failure": false,
          "memory_used": 336.0
        },
        "times": {
          "benchmark": 1389425,
          "client": 2325794,
          "client_begin": "2024-11-01 22:41:24.200147",
          "client_end": "2024-11-01 22:41:26.525941",
          "http_first_byte_return": 2.325763,
          "http_startup": 0.293744,
          "initialization": 0
        }
      },
      "49a5a3c4-17a4-4109-997a-11f230a99e1f": {
        "billing": {
          "_billed_time": 1196,
          "_gb_seconds": 4898816,
          "_memory": 4096
        },
        "output": {
          "begin": "1730500884.542405",
          "cold_start_var": "",
          "container_id": "dc98c8e8",
          "end": "1730500885.735979",
          "is_cold": false,
          "request_id": "49a5a3c4-17a4-4109-997a-11f230a99e1f",
          "result": {
            "measurement": {
              "compute_time": 942572.0,
              "download_size": 15350231,
              "download_time": 134527.0,
              "upload_size": 591845,
              "upload_time": 116356.0
            }
          },
          "results_time": 0
        },
        "provider_times": {
          "execution": 1195710,
          "initialization": 0
        },
        "request_id": "49a5a3c4-17a4-4109-997a-11f230a99e1f",
        "stats": {
          "cold_start": false,
          "failure": false,
          "memory_used": 335.0
        },
        "times": {
          "benchmark": 1193574,
          "client": 2315892,
          "client_begin": "2024-11-01 22:41:24.221939",
          "client_end": "2024-11-01 22:41:26.537831",
          "http_first_byte_return": 2.315845,
          "http_startup": 0.284373,
          "initialization": 0
        }
      },
      "4c3ccb21-a4c4-48d4-8076-8f1fd06124aa": {
        "billing": {
          "_billed_time": 1227,
          "_gb_seconds": 5025792,
          "_memory": 4096
        },
        "output": {
          "begin": "1730500884.464074",
          "cold_start_var": "",
          "container_id": "c8cbeaeb",
          "end": "1730500885.688591",
          "is_cold": false,
          "request_id": "4c3ccb21-a4c4-48d4-8076-8f1fd06124aa",
          "result": {
            "measurement": {
              "compute_time": 961959.0,
              "download_size": 15350231,
              "download_time": 140522.0,
              "upload_size": 591845,
              "upload_time": 121916.0
            }
          },
          "results_time": 0
        },
        "provider_times": {
          "execution": 1226970,
          "initialization": 0
        },
        "request_id": "4c3ccb21-a4c4-48d4-8076-8f1fd06124aa",
        "stats": {
          "cold_start": false,
          "failure": false,
          "memory_used": 334.0
        },
        "times": {
          "benchmark": 1224517,
          "client": 2316579,
          "client_begin": "2024-11-01 22:41:24.145381",
          "client_end": "2024-11-01 22:41:26.461960",
          "http_first_byte_return": 2.316538,
          "http_startup": 0.285209,
          "initialization": 0
        }
      },
      "52289869-46f9-4f6f-bf9e-ff489df088f9": {
        "billing": {
          "_billed_time": 1268,
          "_gb_seconds": 5193728,
          "_memory": 4096
        },
        "output": {
          "begin": "1730500884.495080",
          "cold_start_var": "",
          "container_id": "00782601",
          "end": "1730500885.760341",
          "is_cold": false,
          "request_id": "52289869-46f9-4f6f-bf9e-ff489df088f9",
          "result": {
            "measurement": {
              "compute_time": 954822.0,
              "download_size": 15350231,
              "download_time": 135173.0,
              "upload_size": 591845,
              "upload_time": 175127.0
            }
          },
          "results_time": 0
        },
        "provider_times": {
          "execution": 1267310,
          "initialization": 0
        },
        "request_id": "52289869-46f9-4f6f-bf9e-ff489df088f9",
        "stats": {
          "cold_start": false,
          "failure": false,
          "memory_used": 334.0
        },
        "times": {
          "benchmark": 1265261,
          "client": 2330101,
          "client_begin": "2024-11-01 22:41:24.157997",
          "client_end": "2024-11-01 22:41:26.488098",
          "http_first_byte_return": 2.330071,
          "http_startup": 0.299592,
          "initialization": 0
        }
      },
      "5403e950-a5b3-40ce-b6c9-8ae2e4120951": {
        "billing": {
          "_billed_time": 1163,
          "_gb_seconds": 4763648,
          "_memory": 4096
        },
        "output": {
          "begin": "1730500884.544372",
          "cold_start_var": "",
          "container_id": "4dbd37ce",
          "end": "1730500885.705051",
          "is_cold": false,
          "request_id": "5403e950-a5b3-40ce-b6c9-8ae2e4120951",
          "result": {
            "measurement": {
              "compute_time": 977786.0,
              "download_size": 15350231,
              "download_time": 140608.0,
              "upload_size": 591845,
              "upload_time": 42156.0
            }
          },
          "results_time": 0
        },
        "provider_times": {
          "execution": 1162740,
          "initialization": 0
        },
        "request_id": "5403e950-a5b3-40ce-b6c9-8ae2e4120951",
        "stats": {
          "cold_start": false,
          "failure": false,
          "memory_used": 336.0
        },
        "times": {
          "benchmark": 1160679,
          "client": 2323074,
          "client_begin": "2024-11-01 22:41:24.228167",
          "client_end": "2024-11-01 22:41:26.551241",
          "http_first_byte_return": 2.323036,
          "http_startup": 0.279375,
          "initialization": 0
        }
      },
      "54b6529e-7c96-4e50-9e7c-20014a2994e8": {
        "billing": {
          "_billed_time": 1253,
          "_gb_seconds": 5132288,
          "_memory": 4096
        },
        "output": {
          "begin": "1730500884.510182",
          "cold_start_var": "",
          "container_id": "0d7fc0c6",
          "end": "1730500885.759997",
          "is_cold": false,
          "request_id": "54b6529e-7c96-4e50-9e7c-20014a2994e8",
          "result": {
            "measurement": {
              "compute_time": 986805.0,
              "download_size": 15350231,
              "download_time": 135191.0,
              "upload_size": 591845,
              "upload_time": 127701.0
            }
          },
          "results_time": 0
        },
        "provider_times": {
          "execution": 1252170,
          "initialization": 0
        },
        "request_id": "54b6529e-7c96-4e50-9e7c-20014a2994e8",
        "stats": {
          "cold_start": false,
          "failure": false,
          "memory_used": 337.0
        },
        "times": {
          "benchmark": 1249815,
          "client": 2364996,
          "client_begin": "2024-11-01 22:41:24.140110",
          "client_end": "2024-11-01 22:41:26.505106",
          "http_first_byte_return": 2.364962,
          "http_startup": 0.334521,
          "initialization": 0
        }
      },
      "64b6bd65-0eb3-4dee-82af-5c4420335297": {
        "billing": {
          "_billed_time": 1238,
          "_gb_seconds": 5070848,
          "_memory": 4096
        },
        "output": {
          "begin": "1730500884.557479",
          "cold_start_var": "",
          "container_id": "126363cb",
          "end": "1730500885.793059",
          "is_cold": false,
          "request_id": "64b6bd65-0eb3-4dee-82af-5c4420335297",
          "result": {
            "measurement": {
              "compute_time": 960852.0,
              "download_size": 15350231,
              "download_time": 142666.0,
              "upload_size": 591845,
              "upload_time": 131935.0
            }
          },
          "results_time": 0
        },
        "provider_times": {
          "execution": 1237640,
          "initialization": 0
        },
        "request_id": "64b6bd65-0eb3-4dee-82af-5c4420335297",
        "stats": {
          "cold_start": false,
          "failure": false,
          "memory_used": 333.0
        },
        "times": {
          "benchmark": 1235580,
          "client": 2356517,
          "client_begin": "2024-11-01 22:41:24.201931",
          "client_end": "2024-11-01 22:41:26.558448",
          "http_first_byte_return": 2.356484,
          "http_startup": 0.318171,
          "initialization": 0
        }
      },
      "69ea9f2e-3bb3-4de3-9228-667bb395942e": {
        "billing": {
          "_billed_time": 1318,
          "_gb_seconds": 5398528,
          "_memory": 4096
        },
        "output": {
          "begin": "1730500884.496773",
          "cold_start_var": "",
          "container_id": "92db4561",
          "end": "1730500885.812206",
          "is_cold": false,
          "request_id": "69ea9f2e-3bb3-4de3-9228-667bb395942e",
          "result": {
            "measurement": {
              "compute_time": 1001076.0,
              "download_size": 15350231,
              "download_time": 142687.0,
              "upload_size": 591845,
              "upload_time": 171535.0
            }
          },
          "results_time": 0
        },
        "provider_times": {
          "execution": 1317540,
          "initialization": 0
        },
        "request_id": "69ea9f2e-3bb3-4de3-9228-667bb395942e",
        "stats": {
          "cold_start": false,
          "failure": false,
          "memory_used": 337.0
        },
        "times": {
          "benchmark": 1315433,
          "client": 2370025,
          "client_begin": "2024-11-01 22:41:24.120936",
          "client_end": "2024-11-01 22:41:26.490961",
          "http_first_byte_return": 2.369992,
          "http_startup": 0.339819,
          "initialization": 0
        }
      },
      "6beb937a-b24c-428e-b7a6-5eb17aedb2fc": {
        "billing": {
          "_billed_time": 1311,
          "_gb_seconds": 5369856,
          "_memory": 4096
        },
        "output": {
          "begin": "1730500884.530235",
          "cold_start_var": "",
          "container_id": "0b1f0b72",
          "end": "1730500885.838008",
          "is_cold": false,
          "request_id": "6beb937a-b24c-428e-b7a6-5eb17aedb2fc",
          "result": {
            "measurement": {
              "compute_time": 985888.0,
              "download_size": 15350231,
              "download_time": 138309.0,
              "upload_size": 591845,
              "upload_time": 183455.0
            }
          },
          "results_time": 0
        },
        "provider_times": {
          "execution": 1310420,
          "initialization": 0
        },
        "request_id": "6beb937a-b24c-428e-b7a6-5eb17aedb2fc",
        "stats": {
          "cold_start": false,
          "failure": false,
          "memory_used": 332.0
        },
        "times": {
          "benchmark": 1307773,
          "client": 2228511,
          "client_begin": "2024-11-01 22:41:24.293891",
          "client_end": "2024-11-01 22:41:26.522402",
          "http_first_byte_return": 2.228476,
          "http_startup": 0.196901,
          "initialization": 0
        }
      },
      "6cdb22d2-1610-4a54-a536-6770db6e18f7": {
        "billing": {
          "_billed_time": 1275,
          "_gb_seconds": 5222400,
          "_memory": 4096
        },
        "output": {
          "begin": "1730500884.522227",
          "cold_start_var": "",
          "container_id": "c950607f",
          "end": "1730500885.794931",
          "is_cold": false,
          "request_id": "6cdb22d2-1610-4a54-a536-6770db6e18f7",
          "result": {
            "measurement": {
              "compute_time": 980206.0,
              "download_size": 15350231,
              "download_time": 162619.0,
              "upload_size": 591845,
              "upload_time": 129758.0
            }
          },
          "results_time": 0
        },
        "provider_times": {
          "execution": 1274780,
          "initialization": 0
        },
        "request_id": "6cdb22d2-1610-4a54-a536-6770db6e18f7",
        "stats": {
          "cold_start": false,
          "failure": false,
          "memory_used": 334.0
        },
        "times": {
          "benchmark": 1272704,
          "client": 2377768,
          "client_begin": "2024-11-01 22:41:24.139422",
          "client_end": "2024-11-01 22:41:26.517190",
          "http_first_byte_return": 2.377729,
          "http_startup": 0.348315,
          "initialization": 0
        }
      },
      "7041a489-db67-419f-bb63-56a6037d0f0c": {
        "billing": {
          "_billed_time": 1463,
          "_gb_seconds": 5992448,
          "_memory": 4096
        },
        "output": {
          "begin": "1730500884.480079",
          "cold_start_var": "",
          "container_id": "beddc446",
          "end": "1730500885.939583",
          "is_cold": false,
          "request_id": "7041a489-db67-419f-bb63-56a6037d0f0c",
          "result": {
            "measurement": {
              "compute_time": 1179001.0,
              "download_size": 15350231,
              "download_time": 137962.0,
              "upload_size": 591845,
              "upload_time": 142428.0
            }
          },
          "results_time": 0
        },
        "provider_times": {
          "execution": 1462070,
          "initialization": 0
        },
        "request_id": "7041a489-db67-419f-bb63-56a6037d0f0c",
        "stats": {
          "cold_start": false,
          "failure": false,
          "memory_used": 333.0
        },
        "times": {
          "benchmark": 1459504,
          "client": 2357851,
          "client_begin": "2024-11-01 22:41:24.116075",
          "client_end": "2024-11-01 22:41:26.473926",
          "http_first_byte_return": 2.357809,
          "http_startup": 0.326114,
          "initialization": 0
        }
      },
      "75d2368c-2ed6-4009-b5d8-65aedcb5e795": {
        "billing": {
          "_billed_time": 1217,
          "_gb_seconds": 4984832,
          "_memory": 4096
        },
        "output": {
          "begin": "1730500884.540903",
          "cold_start_var": "",
          "container_id": "1a6a1244",
          "end": "1730500885.754988",
          "is_cold": false,
          "request_id": "75d2368c-2ed6-4009-b5d8-65aedcb5e795",
          "result": {
            "measurement": {
              "compute_time": 953621.0,
              "download_size": 15350231,
              "download_time": 136839.0,
              "upload_size": 591845,
              "upload_time": 123506.0
            }
          },
          "results_time": 0
        },
        "provider_times": {
          "execution": 1216130,
          "initialization": 0
        },
        "request_id": "75d2368c-2ed6-4009-b5d8-65aedcb5e795",
        "stats": {
          "cold_start": false,
          "failure": false,
          "memory_used": 336.0
        },
        "times": {
          "benchmark": 1214085,
          "client": 2381480,
          "client_begin": "2024-11-01 22:41:24.154062",
          "client_end": "2024-11-01 22:41:26.535542",
          "http_first_byte_return": 2.381427,
          "http_startup": 0.350929,
          "initialization": 0
        }
      },
      "79b92110-6aa2-4b18-8c10-8edc39600745": {
        "billing": {
          "_billed_time": 1350,
          "_gb_seconds": 5529600,
          "_memory": 4096
        },
        "output": {
          "begin": "1730500884.533886",
          "cold_start_var": "",
          "container_id": "b7329633",
          "end": "1730500885.880547",
          "is_cold": false,
          "request_id": "79b92110-6aa2-4b18-8c10-8edc39600745",
          "result": {
            "measurement": {
              "compute_time": 996225.0,
              "download_size": 15350231,
              "download_time": 167463.0,
              "upload_size": 591845,
              "upload_time": 182812.0
            }
          },
          "results_time": 0
        },
        "provider_times": {
          "execution": 1349620,
          "initialization": 0
        },
        "request_id": "79b92110-6aa2-4b18-8c10-8edc39600745",
        "stats": {
          "cold_start": false,
          "failure": false,
          "memory_used": 334.0
        },
        "times": {
          "benchmark": 1346661,
          "client": 2417731,
          "client_begin": "2024-11-01 22:41:24.112304",
          "client_end": "2024-11-01 22:41:26.530035",
          "http_first_byte_return": 2.417682,
          "http_startup": 0.387609,
          "initialization": 0
        }
      },
      "83ad5bd9-cf50-4f7e-abdf-df45e234dba0": {
        "billing": {
          "_billed_time": 1223,
          "_gb_seconds": 5009408,
          "_memory": 4096
        },
        "output": {
          "begin": "1730500884.559335",
          "cold_start_var": "",
          "container_id": "12eb8b8c",
          "end": "1730500885.779219",
          "is_cold": false,
          "request_id": "83ad5bd9-cf50-4f7e-abdf-df45e234dba0",
          "result": {
            "measurement": {
              "compute_time": 899768.0,
              "download_size": 15350231,
              "download_time": 134211.0,
              "upload_size": 591845,
              "upload_time": 185792.0
            }
          },
          "results_time": 0
        },
        "provider_times": {
          "execution": 1222190,
          "initialization": 0
        },
        "request_id": "83ad5bd9-cf50-4f7e-abdf-df45e234dba0",
        "stats": {
          "cold_start": false,
          "failure": false,
          "memory_used": 334.0
        },
        "times": {
          "benchmark": 1219884,
          "client": 2325615,
          "client_begin": "2024-11-01 22:41:24.228424",
          "client_end": "2024-11-01 22:41:26.554039",
          "http_first_byte_return": 2.325582,
          "http_startup": 0.292823,
          "initialization": 0
        }
      },
      "91a77b7b-eea3-4220-9652-a4555840686f": {
        "billing": {
          "_billed_time": 1348,
          "_gb_seconds": 5521408,
          "_memory": 4096
        },
        "output": {
          "begin": "1730500884.549703",
          "cold_start_var": "",
          "container_id": "407bea2a",
          "end": "1730500885.895158",
          "is_cold": false,
          "request_id": "91a77b7b-eea3-4220-9652-a4555840686f",
          "result": {
            "measurement": {
              "compute_time": 985283.0,
              "download_size": 15350231,
              "download_time": 144274.0,
              "upload_size": 591845,
              "upload_time": 215774.0
            }
          },
          "results_time": 0
        },
        "provider_times": {
          "execution": 1347520,
          "initialization": 0
        },
        "request_id": "91a77b7b-eea3-4220-9652-a4555840686f",
        "stats": {
          "cold_start": false,
          "failure": false,
          "memory_used": 338.0
        },
        "times": {
          "benchmark": 1345455,
          "client": 2384658,
          "client_begin": "2024-11-01 22:41:24.157178",
          "client_end": "2024-11-01 22:41:26.541836",
          "http_first_byte_return": 2.384629,
          "http_startup": 0.353883,
          "initialization": 0
        }
      },
      "9af74073-a5e9-457f-84cc-3b3f0326d22f": {
        "billing": {
          "_billed_time": 1253,
          "_gb_seconds": 5132288,
          "_memory": 4096
        },
        "output": {
          "begin": "1730500884.524177",
          "cold_start_var": "",
          "container_id": "4967d0bc",
          "end": "1730500885.774610",
          "is_cold": false,
          "request_id": "9af74073-a5e9-457f-84cc-3b3f0326d22f",
          "result": {
            "measurement": {
              "compute_time": 994240.0,
              "download_size": 15350231,
              "download_time": 164051.0,
              "upload_size": 591845,
              "upload_time": 92014.0
            }
          },
          "results_time": 0
        },
        "provider_times": {
          "execution": 1252480,
          "initialization": 0
        },
        "request_id": "9af74073-a5e9-457f-84cc-3b3f0326d22f",
        "stats": {
          "cold_start": false,
          "failure": false,
          "memory_used": 337.0
        },
        "times": {
          "benchmark": 1250433,
          "client": 2325488,
          "client_begin": "2024-11-01 22:41:24.193944",
          "client_end": "2024-11-01 22:41:26.519432",
          "http_first_byte_return": 2.325452,
          "http_startup": 0.296839,
          "initialization": 0
        }
      },
      "9e3fecb6-e8a9-4d95-9c73-322eca86a659": {
        "billing": {
          "_billed_time": 1243,
          "_gb_seconds": 5091328,
          "_memory": 4096
        },
        "output": {
          "begin": "1730500884.507629",
          "cold_start_var": "",
          "container_id": "6d71ce75",
          "end": "1730500885.747610",
          "is_cold": false,
          "request_id": "9e3fecb6-e8a9-4d95-9c73-322eca86a659",
          "result": {
            "measurement": {
              "compute_time": 968514.0,
              "download_size": 15350231,
              "download_time": 159541.0,
              "upload_size": 591845,
              "upload_time": 111803.0
            }
          },
          "results_time": 0
        },
        "provider_times": {
          "execution": 1242010,
          "initialization": 0
        },
        "request_id": "9e3fecb6-e8a9-4d95-9c73-322eca86a659",
        "stats": {
          "cold_start": false,
          "failure": false,
          "memory_used": 338.0
        },
        "times": {
          "benchmark": 1239981,
          "client": 2369240,
          "client_begin": "2024-11-01 22:41:24.133120",
          "client_end": "2024-11-01 22:41:26.502360",
          "http_first_byte_return": 2.369202,
          "http_startup": 0.3406,
          "initialization": 0
        }
      },
      "a293811a-0f36-4834-bd17-eeff4f3b17af": {
        "billing": {
          "_billed_time": 1230,
          "_gb_seconds": 5038080,
          "_memory": 4096
        },
        "output": {
          "begin": "1730500884.478559",
          "cold_start_var": "",
          "container_id": "82955d64",
          "end": "1730500885.705969",
          "is_cold": false,
          "request_id": "a293811a-0f36-4834-bd17-eeff4f3b17af",
          "result": {
            "measurement": {
              "compute_time": 997975.0,
              "download_size": 15350231,
              "download_time": 155139.0,
              "upload_size": 591845,
              "upload_time": 74167.0
            }
          },
          "results_time": 0
        },
        "provider_times": {
          "execution": 1229980,
          "initialization": 0
        },
        "request_id": "a293811a-0f36-4834-bd17-eeff4f3b17af",
        "stats": {
          "cold_start": false,
          "failure": false,
          "memory_used": 334.0
        },
        "times": {
          "benchmark": 1227410,
          "client": 2330676,
          "client_begin": "2024-11-01 22:41:24.145333",
          "client_end": "2024-11-01 22:41:26.476009",
          "http_first_byte_return": 2.330644,
          "http_startup": 0.297649,
          "initialization": 0
        }
      },
      "a2c9d27d-feec-4971-b882-02420d7f6199": {
        "billing": {
          "_billed_time": 1266,
          "_gb_seconds": 5185536,
          "_memory": 4096
        },
        "output": {
          "begin": "1730500884.531337",
          "cold_start_var": "",
          "container_id": "1eca3f5a",
          "end": "1730500885.794385",
          "is_cold": false,
          "request_id": "a2c9d27d-feec-4971-b882-02420d7f6199",
          "result": {
            "measurement": {
              "compute_time": 970177.0,
              "download_size": 15350231,
              "download_time": 145655.0,
              "upload_size": 591845,
              "upload_time": 147093.0
            }
          },
          "results_time": 0
        },
        "provider_times": {
          "execution": 1265030,
          "initialization": 0
        },
        "request_id": "a2c9d27d-feec-4971-b882-02420d7f6199",
        "stats": {
          "cold_start": false,
          "failure": false,
          "memory_used": 340.0
        },
        "times": {
          "benchmark": 1263048,
          "client": 2410338,
          "client_begin": "2024-11-01 22:41:24.112375",
          "client_end": "2024-11-01 22:41:26.522713",
          "http_first_byte_return": 2.410307,
          "http_startup": 0.380831,
          "initialization": 0
        }
      },
      "a6e48fd7-9532-4b48-af36-2782242bd351": {
        "billing": {
          "_billed_time": 1369,
          "_gb_seconds": 5607424,
          "_memory": 4096
        },
        "output": {
          "begin": "1730500884.542036",
          "cold_start_var": "",
          "container_id": "cbc3d107",
          "end": "1730500885.908069",
          "is_cold": false,
          "request_id": "a6e48fd7-9532-4b48-af36-2782242bd351",
          "result": {
            "measurement": {
              "compute_time": 959142.0,
              "download_size": 15350231,
              "download_time": 191870.0,
              "upload_size": 591845,
              "upload_time": 214887.0
            }
          },
          "results_time": 0
        },
        "provider_times": {
          "execution": 1368760,
          "initialization": 0
        },
        "request_id": "a6e48fd7-9532-4b48-af36-2782242bd351",
        "stats": {
          "cold_start": false,
          "failure": false,
          "memory_used": 335.0
        },
        "times": {
          "benchmark": 1366033,
          "client": 2359400,
          "client_begin": "2024-11-01 22:41:24.185062",
          "client_end": "2024-11-01 22:41:26.544462",
          "http_first_byte_return": 2.359354,
          "http_startup": 0.322369,
          "initialization": 0
        }
      },
      "abfc7a11-9bc8-4bbe-bb93-63925e335ce6": {
        "billing": {
          "_billed_time": 1260,
          "_gb_seconds": 5160960,
          "_memory": 4096
        },
        "output": {
          "begin": "1730500884.520534",
          "cold_start_var": "",
          "container_id": "c91c6db2",
          "end": "1730500885.778079",
          "is_cold": false,
          "request_id": "abfc7a11-9bc8-4bbe-bb93-63925e335ce6",
          "result": {
            "measurement": {
              "compute_time": 991282.0,
              "download_size": 15350231,
              "download_time": 174554.0,
              "upload_size": 591845,
              "upload_time": 91581.0
            }
          },
          "results_time": 0
        },
        "provider_times": {
          "execution": 1259600,
          "initialization": 0
        },
        "request_id": "abfc7a11-9bc8-4bbe-bb93-63925e335ce6",
        "stats": {
          "cold_start": false,
          "failure": false,
          "memory_used": 338.0
        },
        "times": {
          "benchmark": 1257545,
          "client": 2376233,
          "client_begin": "2024-11-01 22:41:24.141472",
          "client_end": "2024-11-01 22:41:26.517705",
          "http_first_byte_return": 2.376196,
          "http_startup": 0.345515,
          "initialization": 0
        }
      },
      "bb797ac8-e703-4194-9e6b-5b76a6edb046": {
        "billing": {
          "_billed_time": 1340,
          "_gb_seconds": 5488640,
          "_memory": 4096
        },
        "output": {
          "begin": "1730500884.487555",
          "cold_start_var": "",
          "container_id": "57643ae8",
          "end": "1730500885.824747",
          "is_cold": false,
          "request_id": "bb797ac8-e703-4194-9e6b-5b76a6edb046",
          "result": {
            "measurement": {
              "compute_time": 1070702.0,
              "download_size": 15350231,
              "download_time": 142850.0,
              "upload_size": 591845,
              "upload_time": 123499.0
            }
          },
          "results_time": 0
        },
        "provider_times": {
          "execution": 1339540,
          "initialization": 0
        },
        "request_id": "bb797ac8-e703-4194-9e6b-5b76a6edb046",
        "stats": {
          "cold_start": false,
          "failure": false,
          "memory_used": 336.0
        },
        "times": {
          "benchmark": 1337192,
          "client": 2354190,
          "client_begin": "2024-11-01 22:41:24.133821",
          "client_end": "2024-11-01 22:41:26.488011",
          "http_first_byte_return": 2.354157,
          "http_startup": 0.319121,
          "initialization": 0
        }
      },
      "befb0ecc-befe-4552-b38b-22461ad5c19f": {
        "billing": {
          "_billed_time": 1294,
          "_gb_seconds": 5300224,
          "_memory": 4096
        },
        "output": {
          "begin": "1730500884.555756",
          "cold_start_var": "",
          "container_id": "1c245b05",
          "end": "1730500885.846420",
          "is_cold": false,
          "request_id": "befb0ecc-befe-4552-b38b-22461ad5c19f",
          "result": {
            "measurement": {
              "compute_time": 983875.0,
              "download_size": 15350231,
              "download_time": 150226.0,
              "upload_size": 591845,
              "upload_time": 156440.0
            }
          },
          "results_time": 0
        },
        "provider_times": {
          "execution": 1293640,
          "initialization": 0
        },
        "request_id": "befb0ecc-befe-4552-b38b-22461ad5c19f",
        "stats": {
          "cold_start": false,
          "failure": false,
          "memory_used": 334.0
        },
        "times": {
          "benchmark": 1290664,
          "client": 2343161,
          "client_begin": "2024-11-01 22:41:24.209948",
          "client_end": "2024-11-01 22:41:26.553109",
          "http_first_byte_return": 2.343126,
          "http_startup": 0.309606,
          "initialization": 0
        }
      },
      "cf34b5a5-da46-4774-ac90-aa00e9b51b39": {
        "billing": {
          "_billed_time": 1237,
          "_gb_seconds": 5066752,
          "_memory": 4096
        },
        "output": {
          "begin": "1730500884.560603",
          "cold_start_var": "",
          "container_id": "644a1021",
          "end": "1730500885.795081",
          "is_cold": false,
          "request_id": "cf34b5a5-da46-4774-ac90-aa00e9b51b39",
          "result": {
            "measurement": {
              "compute_time": 977779.0,
              "download_size": 15350231,
              "download_time": 143201.0,
              "upload_size": 591845,
              "upload_time": 113370.0
            }
          },
          "results_time": 0
        },
        "provider_times": {
          "execution": 1236450,
          "initialization": 0
        },
        "request_id": "cf34b5a5-da46-4774-ac90-aa00e9b51b39",
        "stats": {
          "cold_start": false,
          "failure": false,
          "memory_used": 332.0
        },
        "times": {
          "benchmark": 1234478,
          "client": 2356358,
          "client_begin": "2024-11-01 22:41:24.197050",
          "client_end": "2024-11-01 22:41:26.553408",
          "http_first_byte_return": 2.356326,
          "http_startup": 0.323764,
          "initialization": 0
        }
      },
      "d4386172-fec1-4db8-82a3-fdf48974c0c2": {
        "billing": {
          "_billed_time": 1499,
          "_gb_seconds": 6139904,
          "_memory": 4096
        },
        "output": {
          "begin": "1730500884.458399",
          "cold_start_var": "",
          "container_id": "54f67bc2",
          "end": "1730500885.954488",
          "is_cold": false,
          "request_id": "d4386172-fec1-4db8-82a3-fdf48974c0c2",
          "result": {
            "measurement": {
              "compute_time": 1225570.0,
              "download_size": 15350231,
              "download_time": 137160.0,
              "upload_size": 591845,
              "upload_time": 133245.0
            }
          },
          "results_time": 0
        },
        "provider_times": {
          "execution": 1498010,
          "initialization": 0
        },
        "request_id": "d4386172-fec1-4db8-82a3-fdf48974c0c2",
        "stats": {
          "cold_start": false,
          "failure": false,
          "memory_used": 331.0
        },
        "times": {
          "benchmark": 1496089,
          "client": 2333421,
          "client_begin": "2024-11-01 22:41:24.123259",
          "client_end": "2024-11-01 22:41:26.456680",
          "http_first_byte_return": 2.333358,
          "http_startup": 0.303455,
          "initialization": 0
        }
      },
      "d9b19251-d708-42ec-b3db-6fb1e9af9f8b": {
        "billing": {
          "_billed_time": 1226,
          "_gb_seconds": 5021696,
          "_memory": 4096
        },
        "output": {
          "begin": "1730500884.533012",
          "cold_start_var": "",
          "container_id": "83b3c446",
          "end": "1730500885.756599",
          "is_cold": false,
          "request_id": "d9b19251-d708-42ec-b3db-6fb1e9af9f8b",
          "result": {
            "measurement": {
              "compute_time": 949945.0,
              "download_size": 15350231,
              "download_time": 143936.0,
              "upload_size": 591845,
              "upload_time": 129582.0
            }
          },
          "results_time": 0
        },
        "provider_times": {
          "execution": 1225620,
          "initialization": 0
        },
        "request_id": "d9b19251-d708-42ec-b3db-6fb1e9af9f8b",
        "stats": {
          "cold_start": false,
          "failure": false,
          "memory_used": 335.0
        },
        "times": {
          "benchmark": 1223587,
          "client": 2406906,
          "client_begin": "2024-11-01 22:41:24.149994",
          "client_end": "2024-11-01 22:41:26.556900",
          "http_first_byte_return": 2.406863,
          "http_startup": 0.346271,
          "initialization": 0
        }
      },
      "def05db1-000f-418f-af85-5f94e299bcfb": {
        "billing": {
          "_billed_time": 1217,
          "_gb_seconds": 4984832,
          "_memory": 4096
        },
        "output": {
          "begin": "1730500884.537870",
          "cold_start_var": "",
          "container_id": "2b44abdd",
          "end": "1730500885.752394",
          "is_cold": false,
          "request_id": "def05db1-000f-418f-af85-5f94e299bcfb",
          "result": {
            "measurement": {
              "compute_time": 965980.0,
              "download_size": 15350231,
              "download_time": 137969.0,
              "upload_size": 591845,
              "upload_time": 110455.0
            }
          },
          "results_time": 0
        },
        "provider_times": {
          "execution": 1216670,
          "initialization": 0
        },
        "request_id": "def05db1-000f-418f-af85-5f94e299bcfb",
        "stats": {
          "cold_start": false,
          "failure": false,
          "memory_used": 335.0
        },
        "times": {
          "benchmark": 1214524,
          "client": 2310443,
          "client_begin": "2024-11-01 22:41:24.225198",
          "client_end": "2024-11-01 22:41:26.535641",
          "http_first_byte_return": 2.310347,
          "http_startup": 0.273769,
          "initialization": 0
        }
      },
      "ea6c93cc-d76f-430d-923f-1e409c2e8509": {
        "billing": {
          "_billed_time": 1306,
          "_gb_seconds": 5349376,
          "_memory": 4096
        },
        "output": {
          "begin": "1730500884.516051",
          "cold_start_var": "",
          "container_id": "c0d0f4a5",
          "end": "1730500885.819797",
          "is_cold": false,
          "request_id": "ea6c93cc-d76f-430d-923f-1e409c2e8509",
          "result": {
            "measurement": {
              "compute_time": 1036945.0,
              "download_size": 15350231,
              "download_time": 134878.0,
              "upload_size": 591845,
              "upload_time": 131777.0
            }
          },
          "results_time": 0
        },
        "provider_times": {
          "execution": 1305990,
          "initialization": 0
        },
        "request_id": "ea6c93cc-d76f-430d-923f-1e409c2e8509",
        "stats": {
          "cold_start": false,
          "failure": false,
          "memory_used": 336.0
        },
        "times": {
          "benchmark": 1303746,
          "client": 2388420,
          "client_begin": "2024-11-01 22:41:24.118932",
          "client_end": "2024-11-01 22:41:26.507352",
          "http_first_byte_return": 2.38838,
          "http_startup": 0.357263,
          "initialization": 0
        }
      },
      "ebffac88-24e6-4de6-8450-83decf7dd2b2": {
        "billing": {
          "_billed_time": 1289,
          "_gb_seconds": 5279744,
          "_memory": 4096
        },
        "output": {
          "begin": "1730500884.544285",
          "cold_start_var": "",
          "container_id": "c43a9983",
          "end": "1730500885.829665",
          "is_cold": false,
          "request_id": "ebffac88-24e6-4de6-8450-83decf7dd2b2",
          "result": {
            "measurement": {
              "compute_time": 988052.0,
              "download_size": 15350231,
              "download_time": 154469.0,
              "upload_size": 591845,
              "upload_time": 142730.0
            }
          },
          "results_time": 0
        },
        "provider_times": {
          "execution": 1288130,
          "initialization": 0
        },
        "request_id": "ebffac88-24e6-4de6-8450-83decf7dd2b2",
        "stats": {
          "cold_start": false,
          "failure": false,
          "memory_used": 335.0
        },
        "times": {
          "benchmark": 1285380,
          "client": 2332940,
          "client_begin": "2024-11-01 22:41:24.205032",
          "client_end": "2024-11-01 22:41:26.537972",
          "http_first_byte_return": 2.332904,
          "http_startup": 0.30136,
          "initialization": 0
        }
      },
      "f5440f2d-eb5f-45b2-af93-ebdf21245a1b": {
        "billing": {
          "_billed_time": 1279,
          "_gb_seconds": 5238784,
          "_memory": 4096
        },
        "output": {
          "begin": "1730500884.559810",
          "cold_start_var": "",
          "container_id": "b04f929a",
          "end": "1730500885.835862",
          "is_cold": false,
          "request_id": "f5440f2d-eb5f-45b2-af93-ebdf21245a1b",
          "result": {
            "measurement": {
              "compute_time": 975088.0,
              "download_size": 15350231,
              "download_time": 143289.0,
              "upload_size": 591845,
              "upload_time": 157554.0
            }
          },
          "results_time": 0
        },
        "provider_times": {
          "execution": 1278800,
          "initialization": 0
        },
        "request_id": "f5440f2d-eb5f-45b2-af93-ebdf21245a1b",
        "stats": {
          "cold_start": false,
          "failure": false,
          "memory_used": 334.0
        },
        "times": {
          "benchmark": 1276052,
          "client": 2332320,
          "client_begin": "2024-11-01 22:41:24.217022",
          "client_end": "2024-11-01 22:41:26.549342",
          "http_first_byte_return": 2.332284,
          "http_startup": 0.299217,
          "initialization": 0
        }
      },
      "fd998528-0b35-414b-9e34-870ac18f12f5": {
        "billing": {
          "_billed_time": 1141,
          "_gb_seconds": 4673536,
          "_memory": 4096
        },
        "output": {
          "begin": "1730500884.554560",
          "cold_start_var": "",
          "container_id": "9882561c",
          "end": "1730500885.692663",
          "is_cold": false,
          "request_id": "fd998528-0b35-414b-9e34-870ac18f12f5",
          "result": {
            "measurement": {
              "compute_time": 945929.0,
              "download_size": 15350231,
              "download_time": 136625.0,
              "upload_size": 591845,
              "upload_time": 55430.0
            }
          },
          "results_time": 0
        },
        "provider_times": {
          "execution": 1140050,
          "initialization": 0
        },
        "request_id": "fd998528-0b35-414b-9e34-870ac18f12f5",
        "stats": {
          "cold_start": false,
          "failure": false,
          "memory_used": 333.0
        },
        "times": {
          "benchmark": 1138103,
          "client": 2323937,
          "client_begin": "2024-11-01 22:41:24.221994",
          "client_end": "2024-11-01 22:41:26.545931",
          "http_first_byte_return": 2.323903,
          "http_startup": 0.293103,
          "initialization": 0
        }
      },
      "fe83771c-3b1b-484b-a754-a7ae01df11cb": {
        "billing": {
          "_billed_time": 1220,
          "_gb_seconds": 4997120,
          "_memory": 4096
        },
        "output": {
          "begin": "1730500884.555076",
          "cold_start_var": "",
          "container_id": "936a1484",
          "end": "1730500885.773030",
          "is_cold": false,
          "request_id": "fe83771c-3b1b-484b-a754-a7ae01df11cb",
          "result": {
            "measurement": {
              "compute_time": 964994.0,
              "download_size": 15350231,
              "download_time": 140730.0,
              "upload_size": 591845,
              "upload_time": 112103.0
            }
          },
          "results_time": 0
        },
        "provider_times": {
          "execution": 1219880,
          "initialization": 0
        },
        "request_id": "fe83771c-3b1b-484b-a754-a7ae01df11cb",
        "stats": {
          "cold_start": false,
          "failure": false,
          "memory_used": 332.0
        },
        "times": {
          "benchmark": 1217954,
          "client": 2402156,
          "client_begin": "2024-11-01 22:41:24.153942",
          "client_end": "2024-11-01 22:41:26.556098",
          "http_first_byte_return": 2.402124,
          "http_startup": 0.368211,
          "initialization": 0
        }
      },
      "ff2e0e2d-1221-4678-a18d-48dc12847762": {
        "billing": {
          "_billed_time": 1246,
          "_gb_seconds": 5103616,
          "_memory": 4096
        },
        "output": {
          "begin": "1730500884.515435",
          "cold_start_var": "",
          "container_id": "78301647",
          "end": "1730500885.759144",
          "is_cold": false,
          "request_id": "ff2e0e2d-1221-4678-a18d-48dc12847762",
          "result": {
            "measurement": {
              "compute_time": 966807.0,
              "download_size": 15350231,
              "download_time": 154035.0,
              "upload_size": 591845,
              "upload_time": 122738.0
            }
          },
          "results_time": 0
        },
        "provider_times": {
          "execution": 1245820,
          "initialization": 0
        },
        "request_id": "ff2e0e2d-1221-4678-a18d-48dc12847762",
        "stats": {
          "cold_start": false,
          "failure": false,
          "memory_used": 336.0
        },
        "times": {
          "benchmark": 1243709,
          "client": 2373339,
          "client_begin": "2024-11-01 22:41:24.136244",
          "client_end": "2024-11-01 22:41:26.509583",
          "http_first_byte_return": 2.37331,
          "http_startup": 0.34406,
          "initialization": 0
        }
      }
    }
  },
  "_metrics": {
    "220_video_processing_python_3_8": {}
  },
  "begin_time": 1730500866.57751,
  "config": {
    "deployment": {
      "credentials": {
        "account_id": "314211295665"
      },
      "name": "aws",
      "region": "us-east-1",
      "resources": {
        "http-apis": {
          "110_dynamic_html_python_3_8-http-api": {
            "arn": "arn:aws:execute-api:us-east-1:314211295665:xb3dw1b4y9",
            "endpoint": "https://xb3dw1b4y9.execute-api.us-east-1.amazonaws.com"
          },
          "120_uploader_python_3_8-http-api": {
            "arn": "arn:aws:execute-api:us-east-1:314211295665:orle8njuxg",
            "endpoint": "https://orle8njuxg.execute-api.us-east-1.amazonaws.com"
          },
          "210_thumbnailer_python_3_8-http-api": {
            "arn": "arn:aws:execute-api:us-east-1:314211295665:1owsl69vx2",
            "endpoint": "https://1owsl69vx2.execute-api.us-east-1.amazonaws.com"
          },
          "220_video_processing_python_3_8-http-api": {
            "arn": "arn:aws:execute-api:us-east-1:314211295665:r0135su3ef",
            "endpoint": "https://r0135su3ef.execute-api.us-east-1.amazonaws.com"
          },
          "311_compression_python_3_8-http-api": {
            "arn": "arn:aws:execute-api:us-east-1:314211295665:xtmhwxb7j4",
            "endpoint": "https://xtmhwxb7j4.execute-api.us-east-1.amazonaws.com"
          },
          "501_graph_pagerank_python_3_8-http-api": {
            "arn": "arn:aws:execute-api:us-east-1:314211295665:0i4buwihqd",
            "endpoint": "https://0i4buwihqd.execute-api.us-east-1.amazonaws.com"
          },
          "502_graph_mst_python_3_8-http-api": {
            "arn": "arn:aws:execute-api:us-east-1:314211295665:u5fm1u42s1",
            "endpoint": "https://u5fm1u42s1.execute-api.us-east-1.amazonaws.com"
          },
          "503_graph_bfs_python_3_8-http-api": {
            "arn": "arn:aws:execute-api:us-east-1:314211295665:lwb2q068wg",
            "endpoint": "https://lwb2q068wg.execute-api.us-east-1.amazonaws.com"
          }
        },
        "lambda-role": "arn:aws:iam::314211295665:role/sebs-lambda-role"
      }
    },
    "experiments": {
      "architecture": "x86_64",
      "download_results": true,
      "experiments": {},
      "flags": {},
      "runtime": {
        "language": "python",
        "version": "3.8"
      },
      "update_code": false,
      "update_storage": false
    }
  },
  "end_time": 1730500891.560757,
  "result_bucket": null,
  "statistics": {
    "cold_count": 0,
    "failures": [],
    "failures_count": 0,
    "incorrect": [],
    "incorrect_count": 0,
    "samples_generated": 50
  }
}