{
  "_invocations": {
    "311_compression_python_3_8": {
      "052664e3-8b3b-4493-88e7-97188b2fa56e": {
        "billing": {
          "_billed_time": 2889,
          "_gb_seconds": 5916672,
          "_memory": 2048
        },
        "output": {
          "begin": "1730501748.948244",
          "cold_start_var": "",
          "container_id": "1d98fcf5",
          "end": "1730501751.833719",
          "is_cold": true,
          "request_id": "052664e3-8b3b-4493-88e7-97188b2fa56e",
          "result": {
            "measurement": {
              "compute_time": 383135.0,
              "download_size": 10063841,
              "download_time": 1719345.0,
              "upload_size": 9324800,
              "upload_time": 438192.0
            }
          },
          "results_time": 0
        },
        "provider_times": {
          "execution": 2888000,
          "initialization": 131840
        },
        "request_id": "052664e3-8b3b-4493-88e7-97188b2fa56e",
        "stats": {
          "cold_start": true,
          "failure": false,
          "memory_used": 106.0
        },
        "times": {
          "benchmark": 2885475,
          "client": 4370515,
          "client_begin": "2024-11-01 22:55:48.404731",
          "client_end": "2024-11-01 22:55:52.775246",
          "http_first_byte_return": 4.37045,
          "http_startup": 0.300654,
          "initialization": 0
        }
      },
      "064148db-e064-4b5a-85ce-320a46f5bfd6": {
        "billing": {
          "_billed_time": 2793,
          "_gb_seconds": 5720064,
          "_memory": 2048
        },
        "output": {
          "begin": "1730501748.957717",
          "cold_start_var": "",
          "container_id": "65506fca",
          "end": "1730501751.748227",
          "is_cold": true,
          "request_id": "064148db-e064-4b5a-85ce-320a46f5bfd6",
          "result": {
            "measurement": {
              "compute_time": 385082.0,
              "download_size": 10063841,
              "download_time": 1732078.0,
              "upload_size": 9324800,
              "upload_time": 340100.0
            }
          },
          "results_time": 0
        },
        "provider_times": {
          "execution": 2792860,
          "initialization": 129770
        },
        "request_id": "064148db-e064-4b5a-85ce-320a46f5bfd6",
        "stats": {
          "cold_start": true,
          "failure": false,
          "memory_used": 108.0
        },
        "times": {
          "benchmark": 2790510,
          "client": 4343512,
          "client_begin": "2024-11-01 22:55:48.401533",
          "client_end": "2024-11-01 22:55:52.745045",
          "http_first_byte_return": 4.343467,
          "http_startup": 0.312048,
          "initialization": 0
        }
      },
      "0b92337b-b9f7-4f5d-ac43-1c30a94593a9": {
        "billing": {
          "_billed_time": 2778,
          "_gb_seconds": 5689344,
          "_memory": 2048
        },
        "output": {
          "begin": "1730501748.918195",
          "cold_start_var": "",
          "container_id": "2c4dba37",
          "end": "1730501751.693052",
          "is_cold": true,
          "request_id": "0b92337b-b9f7-4f5d-ac43-1c30a94593a9",
          "result": {
            "measurement": {
              "compute_time": 383434.0,
              "download_size": 10063841,
              "download_time": 1629009.0,
              "upload_size": 9324800,
              "upload_time": 430691.0
            }
          },
          "results_time": 0
        },
        "provider_times": {
          "execution": 2777210,
          "initialization": 127080
        },
        "request_id": "0b92337b-b9f7-4f5d-ac43-1c30a94593a9",
        "stats": {
          "cold_start": true,
          "failure": false,
          "memory_used": 106.0
        },
        "times": {
          "benchmark": 2774857,
          "client": 3361266,
          "client_begin": "2024-11-01 22:55:48.345154",
          "client_end": "2024-11-01 22:55:51.706420",
          "http_first_byte_return": 3.361144,
          "http_startup": 0.33301,
          "initialization": 0
        }
      },
      "0c3e7b7f-051d-4ae0-baa3-e6a8addb26df": {
        "billing": {
          "_billed_time": 2597,
          "_gb_seconds": 5318656,
          "_memory": 2048
        },
        "output": {
          "begin": "1730501748.935895",
          "cold_start_var": "",
          "container_id": "4225922a",
          "end": "1730501751.530259",
          "is_cold": true,
          "request_id": "0c3e7b7f-051d-4ae0-baa3-e6a8addb26df",
          "result": {
            "measurement": {
              "compute_time": 385519.0,
              "download_size": 10063841,
              "download_time": 1461977.0,
              "upload_size": 9324800,
              "upload_time": 419044.0
            }
          },
          "results_time": 0
        },
        "provider_times": {
          "execution": 2596880,
          "initialization": 123760
        },
        "request_id": "0c3e7b7f-051d-4ae0-baa3-e6a8addb26df",
        "stats": {
          "cold_start": true,
          "failure": false,
          "memory_used": 106.0
        },
        "times": {
          "benchmark": 2594364,
          "client": 3212339,
          "client_begin": "2024-11-01 22:55:48.330230",
          "client_end": "2024-11-01 22:55:51.542569",
          "http_first_byte_return": 3.212272,
          "http_startup": 0.370139,
          "initialization": 0
        }
      },
      "14ddc77f-4bca-44cd-a048-1ac342c19cef": {
        "billing": {
          "_billed_time": 2630,
          "_gb_seconds": 5386240,
          "_memory": 2048
        },
        "output": {
          "begin": "1730501748.929604",
          "cold_start_var": "",
          "container_id": "500b9b21",
          "end": "1730501751.557005",
          "is_cold": true,
          "request_id": "14ddc77f-4bca-44cd-a048-1ac342c19cef",
          "result": {
            "measurement": {
              "compute_time": 386553.0,
              "download_size": 10063841,
              "download_time": 1574902.0,
              "upload_size": 9324800,
              "upload_time": 314146.0
            }
          },
          "results_time": 0
        },
        "provider_times": {
          "execution": 2629790,
          "initialization": 134580
        },
        "request_id": "14ddc77f-4bca-44cd-a048-1ac342c19cef",
        "stats": {
          "cold_start": true,
          "failure": false,
          "memory_used": 106.0
        },
        "times": {
          "benchmark": 2627401,
          "client": 3235685,
          "client_begin": "2024-11-01 22:55:48.334485",
          "client_end": "2024-11-01 22:55:51.570170",
          "http_first_byte_return": 3.235612,
          "http_startup": 0.342442,
          "initialization": 0
        }
      },
      "152dc594-2774-4a6d-af0b-67cf1b3ab55c": {
        "billing": {
          "_billed_time": 3033,
          "_gb_seconds": 6211584,
          "_memory": 2048
        },
        "output": {
          "begin": "1730501748.969463",
          "cold_start_var": "",
          "container_id": "2306449d",
          "end": "1730501751.997164",
          "is_cold": true,
          "request_id": "152dc594-2774-4a6d-af0b-67cf1b3ab55c",
          "result": {
            "measurement": {
              "compute_time": 399891.0,
              "download_size": 10063841,
              "download_time": 1756259.0,
              "upload_size": 9324800,
              "upload_time": 524177.0
            }
          },
          "results_time": 0
        },
        "provider_times": {
          "execution": 3032250,
          "initialization": 131900
        },
        "request_id": "152dc594-2774-4a6d-af0b-67cf1b3ab55c",
        "stats": {
          "cold_start": true,
          "failure": false,
          "memory_used": 108.0
        },
        "times": {
          "benchmark": 3027701,
          "client": 4375275,
          "client_begin": "2024-11-01 22:55:48.372706",
          "client_end": "2024-11-01 22:55:52.747981",
          "http_first_byte_return": 4.375237,
          "http_startup": 0.341816,
          "initialization": 0
        }
      },
      "19928afa-f715-45db-ba63-913a095fe5b3": {
        "billing": {
          "_billed_time": 2643,
          "_gb_seconds": 5412864,
          "_memory": 2048
        },
        "output": {
          "begin": "1730501748.939348",
          "cold_start_var": "",
          "container_id": "206692ce",
          "end": "1730501751.578689",
          "is_cold": true,
          "request_id": "19928afa-f715-45db-ba63-913a095fe5b3",
          "result": {
            "measurement": {
              "compute_time": 389863.0,
              "download_size": 10063841,
              "download_time": 1588409.0,
              "upload_size": 9324800,
              "upload_time": 328645.0
            }
          },
          "results_time": 0
        },
        "provider_times": {
          "execution": 2642780,
          "initialization": 128930
        },
        "request_id": "19928afa-f715-45db-ba63-913a095fe5b3",
        "stats": {
          "cold_start": true,
          "failure": false,
          "memory_used": 108.0
        },
        "times": {
          "benchmark": 2639341,
          "client": 3175826,
          "client_begin": "2024-11-01 22:55:48.415840",
          "client_end": "2024-11-01 22:55:51.591666",
          "http_first_byte_return": 3.175786,
          "http_startup": 0.271,
          "initialization": 0
        }
      },
      "19a6a71f-0de6-498d-8e5e-17313ea08bae": {
        "billing": {
          "_billed_time": 2730,
          "_gb_seconds": 5591040,
          "_memory": 2048
        },
        "output": {
          "begin": "1730501748.953511",
          "cold_start_var": "",
          "container_id": "7c9cf080",
          "end": "1730501751.680377",
          "is_cold": true,
          "request_id": "19a6a71f-0de6-498d-8e5e-17313ea08bae",
          "result": {
            "measurement": {
              "compute_time": 384443.0,
              "download_size": 10063841,
              "download_time": 1618363.0,
              "upload_size": 9324800,
              "upload_time": 380711.0
            }
          },
          "results_time": 0
        },
        "provider_times": {
          "execution": 2729680,
          "initialization": 133460
        },
        "request_id": "19a6a71f-0de6-498d-8e5e-17313ea08bae",
        "stats": {
          "cold_start": true,
          "failure": false,
          "memory_used": 108.0
        },
        "times": {
          "benchmark": 2726866,
          "client": 3276106,
          "client_begin": "2024-11-01 22:55:48.415790",
          "client_end": "2024-11-01 22:55:51.691896",
          "http_first_byte_return": 3.276034,
          "http_startup": 0.275986,
          "initialization": 0
        }
      },
      "1f1a9522-169a-4d89-8e90-c7c20d44b801": {
        "billing": {
          "_billed_time": 2996,
          "_gb_seconds": 6135808,
          "_memory": 2048
        },
        "output": {
          "begin": "1730501748.920409",
          "cold_start_var": "",
          "container_id": "8ef1a178",
          "end": "1730501751.911672",
          "is_cold": true,
          "request_id": "1f1a9522-169a-4d89-8e90-c7c20d44b801",
          "result": {
            "measurement": {
              "compute_time": 390866.0,
              "download_size": 10063841,
              "download_time": 1789612.0,
              "upload_size": 9324800,
              "upload_time": 465235.0
            }
          },
          "results_time": 0
        },
        "provider_times": {
          "execution": 2995300,
          "initialization": 129800
        },
        "request_id": "1f1a9522-169a-4d89-8e90-c7c20d44b801",
        "stats": {
          "cold_start": true,
          "failure": false,
          "memory_used": 110.0
        },
        "times": {
          "benchmark": 2991263,
          "client": 4352965,
          "client_begin": "2024-11-01 22:55:48.354397",
          "client_end": "2024-11-01 22:55:52.707362",
          "http_first_byte_return": 4.352894,
          "http_startup": 0.318432,
          "initialization": 0
        }
      },
      "2badfe19-e1c9-41cb-9291-a34f3a19cd2c": {
        "billing": {
          "_billed_time": 2907,
          "_gb_seconds": 5953536,
          "_memory": 2048
        },
        "output": {
          "begin": "1730501748.941272",
          "cold_start_var": "",
          "container_id": "8187ab41",
          "end": "1730501751.845195",
          "is_cold": true,
          "request_id": "2badfe19-e1c9-41cb-9291-a34f3a19cd2c",
          "result": {
            "measurement": {
              "compute_time": 387696.0,
              "download_size": 10063841,
              "download_time": 1789494.0,
              "upload_size": 9324800,
              "upload_time": 386793.0
            }
          },
          "results_time": 0
        },
        "provider_times": {
          "execution": 2906370,
          "initialization": 129070
        },
        "request_id": "2badfe19-e1c9-41cb-9291-a34f3a19cd2c",
        "stats": {
          "cold_start": true,
          "failure": false,
          "memory_used": 108.0
        },
        "times": {
          "benchmark": 2903923,
          "client": 4375694,
          "client_begin": "2024-11-01 22:55:48.346389",
          "client_end": "2024-11-01 22:55:52.722083",
          "http_first_byte_return": 4.375652,
          "http_startup": 0.342321,
          "initialization": 0
        }
      },
      "2c521060-46ee-42e0-923a-648c9300f912": {
        "billing": {
          "_billed_time": 2809,
          "_gb_seconds": 5752832,
          "_memory": 2048
        },
        "output": {
          "begin": "1730501748.958818",
          "cold_start_var": "",
          "container_id": "d57a858e",
          "end": "1730501751.754905",
          "is_cold": true,
          "request_id": "2c521060-46ee-42e0-923a-648c9300f912",
          "result": {
            "measurement": {
              "compute_time": 388828.0,
              "download_size": 10063841,
              "download_time": 1655333.0,
              "upload_size": 9324800,
              "upload_time": 329728.0
            }
          },
          "results_time": 0
        },
        "provider_times": {
          "execution": 2808290,
          "initialization": 129590
        },
        "request_id": "2c521060-46ee-42e0-923a-648c9300f912",
        "stats": {
          "cold_start": true,
          "failure": false,
          "memory_used": 108.0
        },
        "times": {
          "benchmark": 2796087,
          "client": 4358835,
          "client_begin": "2024-11-01 22:55:48.393610",
          "client_end": "2024-11-01 22:55:52.752445",
          "http_first_byte_return": 4.358741,
          "http_startup": 0.323779,
          "initialization": 0
        }
      },
      "37700cc3-e625-4666-8c50-d9c5921a081f": {
        "billing": {
          "_billed_time": 2816,
          "_gb_seconds": 5767168,
          "_memory": 2048
        },
        "output": {
          "begin": "1730501748.937168",
          "cold_start_var": "",
          "container_id": "110006bb",
          "end": "1730501751.750276",
          "is_cold": true,
          "request_id": "37700cc3-e625-4666-8c50-d9c5921a081f",
          "result": {
            "measurement": {
              "compute_time": 396479.0,
              "download_size": 10063841,
              "download_time": 1762123.0,
              "upload_size": 9324800,
              "upload_time": 310300.0
            }
          },
          "results_time": 0
        },
        "provider_times": {
          "execution": 2815440,
          "initialization": 131660
        },
        "request_id": "37700cc3-e625-4666-8c50-d9c5921a081f",
        "stats": {
          "cold_start": true,
          "failure": false,
          "memory_used": 111.0
        },
        "times": {
          "benchmark": 2813108,
          "client": 4321247,
          "client_begin": "2024-11-01 22:55:48.400297",
          "client_end": "2024-11-01 22:55:52.721544",
          "http_first_byte_return": 4.321206,
          "http_startup": 0.291489,
          "initialization": 0
        }
      },
      "37d2f743-7133-47ac-afff-cf2463303d44": {
        "billing": {
          "_billed_time": 2652,
          "_gb_seconds": 5431296,
          "_memory": 2048
        },
        "output": {
          "begin": "1730501748.965109",
          "cold_start_var": "",
          "container_id": "c2c286fd",
          "end": "1730501751.612032",
          "is_cold": true,
          "request_id": "37d2f743-7133-47ac-afff-cf2463303d44",
          "result": {
            "measurement": {
              "compute_time": 384199.0,
              "download_size": 10063841,
              "download_time": 1557627.0,
              "upload_size": 9324800,
              "upload_time": 368480.0
            }
          },
          "results_time": 0
        },
        "provider_times": {
          "execution": 2651680,
          "initialization": 133160
        },
        "request_id": "37d2f743-7133-47ac-afff-cf2463303d44",
        "stats": {
          "cold_start": true,
          "failure": false,
          "memory_used": 110.0
        },
        "times": {
          "benchmark": 2646923,
          "client": 3266890,
          "client_begin": "2024-11-01 22:55:48.357752",
          "client_end": "2024-11-01 22:55:51.624642",
          "http_first_byte_return": 3.266848,
          "http_startup": 0.360777,
          "initialization": 0
        }
      },
      "3df05702-deaf-4abc-9aef-23db60244ac0": {
        "billing": {
          "_billed_time": 2773,
          "_gb_seconds": 5679104,
          "_memory": 2048
        },
        "output": {
          "begin": "1730501748.950248",
          "cold_start_var": "",
          "container_id": "a977b19f",
          "end": "1730501751.719787",
          "is_cold": true,
          "request_id": "3df05702-deaf-4abc-9aef-23db60244ac0",
          "result": {
            "measurement": {
              "compute_time": 384510.0,
              "download_size": 10063841,
              "download_time": 1738339.0,
              "upload_size": 9324800,
              "upload_time": 290688.0
            }
          },
          "results_time": 0
        },
        "provider_times": {
          "execution": 2772010,
          "initialization": 135410
        },
        "request_id": "3df05702-deaf-4abc-9aef-23db60244ac0",
        "stats": {
          "cold_start": true,
          "failure": false,
          "memory_used": 109.0
        },
        "times": {
          "benchmark": 2769539,
          "client": 3370323,
          "client_begin": "2024-11-01 22:55:48.361680",
          "client_end": "2024-11-01 22:55:51.732003",
          "http_first_byte_return": 3.370282,
          "http_startup": 0.342312,
          "initialization": 0
        }
      },
      "40014be2-0a65-4f61-bd43-add78a4abd61": {
        "billing": {
          "_billed_time": 2669,
          "_gb_seconds": 5466112,
          "_memory": 2048
        },
        "output": {
          "begin": "1730501748.947212",
          "cold_start_var": "",
          "container_id": "958fc15d",
          "end": "1730501751.613188",
          "is_cold": true,
          "request_id": "40014be2-0a65-4f61-bd43-add78a4abd61",
          "result": {
            "measurement": {
              "compute_time": 388760.0,
              "download_size": 10063841,
              "download_time": 1597070.0,
              "upload_size": 9324800,
              "upload_time": 325095.0
            }
          },
          "results_time": 0
        },
        "provider_times": {
          "execution": 2668760,
          "initialization": 129810
        },
        "request_id": "40014be2-0a65-4f61-bd43-add78a4abd61",
        "stats": {
          "cold_start": true,
          "failure": false,
          "memory_used": 108.0
        },
        "times": {
          "benchmark": 2665976,
          "client": 3220409,
          "client_begin": "2024-11-01 22:55:48.406701",
          "client_end": "2024-11-01 22:55:51.627110",
          "http_first_byte_return": 3.22037,
          "http_startup": 0.292934,
          "initialization": 0
        }
      },
      "4a312a7e-357d-40cf-831f-9967612b056c": {
        "billing": {
          "_billed_time": 2640,
          "_gb_seconds": 5406720,
          "_memory": 2048
        },
        "output": {
          "begin": "1730501748.930516",
          "cold_start_var": "",
          "container_id": "3b40b3ba",
          "end": "1730501751.566816",
          "is_cold": true,
          "request_id": "4a312a7e-357d-40cf-831f-9967612b056c",
          "result": {
            "measurement": {
              "compute_time": 392846.0,
              "download_size": 10063841,
              "download_time": 1532957.0,
              "upload_size": 9324800,
              "upload_time": 382638.0
            }
          },
          "results_time": 0
        },
        "provider_times": {
          "execution": 2639860,
          "initialization": 137560
        },
        "request_id": "4a312a7e-357d-40cf-831f-9967612b056c",
        "stats": {
          "cold_start": true,
          "failure": false,
          "memory_used": 108.0
        },
        "times": {
          "benchmark": 2636300,
          "client": 3242255,
          "client_begin": "2024-11-01 22:55:48.337528",
          "client_end": "2024-11-01 22:55:51.579783",
          "http_first_byte_return": 3.24221,
          "http_startup": 0.332749,
          "initialization": 0
        }
      },
      "4e474d8a-c134-4a19-b63b-86161e9f3091": {
        "billing": {
          "_billed_time": 2616,
          "_gb_seconds": 5357568,
          "_memory": 2048
        },
        "output": {
          "begin": "1730501748.766146",
          "cold_start_var": "",
          "container_id": "0a6150ea",
          "end": "1730501751.378862",
          "is_cold": true,
          "request_id": "4e474d8a-c134-4a19-b63b-86161e9f3091",
          "result": {
            "measurement": {
              "compute_time": 393069.0,
              "download_size": 10063841,
              "download_time": 1487732.0,
              "upload_size": 9324800,
              "upload_time": 393938.0
            }
          },
          "results_time": 0
        },
        "provider_times": {
          "execution": 2615170,
          "initialization": 128850
        },
        "request_id": "4e474d8a-c134-4a19-b63b-86161e9f3091",
        "stats": {
          "cold_start": true,
          "failure": false,
          "memory_used": 107.0
        },
        "times": {
          "benchmark": 2612716,
          "client": 3042157,
          "client_begin": "2024-11-01 22:55:48.349496",
          "client_end": "2024-11-01 22:55:51.391653",
          "http_first_byte_return": 3.042048,
          "http_startup": 0.165053,
          "initialization": 0
        }
      },
      "57a4285e-bedb-45ec-bf7e-2e692076759f": {
        "billing": {
          "_billed_time": 2662,
          "_gb_seconds": 5451776,
          "_memory": 2048
        },
        "output": {
          "begin": "1730501748.963184",
          "cold_start_var": "",
          "container_id": "0afe0fd6",
          "end": "1730501751.621971",
          "is_cold": true,
          "request_id": "57a4285e-bedb-45ec-bf7e-2e692076759f",
          "result": {
            "measurement": {
              "compute_time": 387545.0,
              "download_size": 10063841,
              "download_time": 1599107.0,
              "upload_size": 9324800,
              "upload_time": 329062.0
            }
          },
          "results_time": 0
        },
        "provider_times": {
          "execution": 2661260,
          "initialization": 132570
        },
        "request_id": "57a4285e-bedb-45ec-bf7e-2e692076759f",
        "stats": {
          "cold_start": true,
          "failure": false,
          "memory_used": 111.0
        },
        "times": {
          "benchmark": 2658787,
          "client": 3216264,
          "client_begin": "2024-11-01 22:55:48.417508",
          "client_end": "2024-11-01 22:55:51.633772",
          "http_first_byte_return": 3.216168,
          "http_startup": 0.298102,
          "initialization": 0
        }
      },
      "586d7ba7-0d27-4b57-b7a4-98e8e32a1e53": {
        "billing": {
          "_billed_time": 2571,
          "_gb_seconds": 5265408,
          "_memory": 2048
        },
        "output": {
          "begin": "1730501748.956366",
          "cold_start_var": "",
          "container_id": "e1934757",
          "end": "1730501751.522623",
          "is_cold": true,
          "request_id": "586d7ba7-0d27-4b57-b7a4-98e8e32a1e53",
          "result": {
            "measurement": {
              "compute_time": 388985.0,
              "download_size": 10063841,
              "download_time": 1511463.0,
              "upload_size": 9324800,
              "upload_time": 338046.0
            }
          },
          "results_time": 0
        },
        "provider_times": {
          "execution": 2570090,
          "initialization": 123560
        },
        "request_id": "586d7ba7-0d27-4b57-b7a4-98e8e32a1e53",
        "stats": {
          "cold_start": true,
          "failure": false,
          "memory_used": 108.0
        },
        "times": {
          "benchmark": 2566257,
          "client": 3138044,
          "client_begin": "2024-11-01 22:55:48.397062",
          "client_end": "2024-11-01 22:55:51.535106",
          "http_first_byte_return": 3.137896,
          "http_startup": 0.317052,
          "initialization": 0
        }
      },
      "5e048147-5abd-4bc7-919d-339204d444da": {
        "billing": {
          "_billed_time": 2835,
          "_gb_seconds": 5806080,
          "_memory": 2048
        },
        "output": {
          "begin": "1730501748.964228",
          "cold_start_var": "",
          "container_id": "b810856f",
          "end": "1730501751.794819",
          "is_cold": true,
          "request_id": "5e048147-5abd-4bc7-919d-339204d444da",
          "result": {
            "measurement": {
              "compute_time": 393064.0,
              "download_size": 10063841,
              "download_time": 1698265.0,
              "upload_size": 9324800,
              "upload_time": 380865.0
            }
          },
          "results_time": 0
        },
        "provider_times": {
          "execution": 2834250,
          "initialization": 138650
        },
        "request_id": "5e048147-5abd-4bc7-919d-339204d444da",
        "stats": {
          "cold_start": true,
          "failure": false,
          "memory_used": 110.0
        },
        "times": {
          "benchmark": 2830591,
          "client": 4357526,
          "client_begin": "2024-11-01 22:55:48.389535",
          "client_end": "2024-11-01 22:55:52.747061",
          "http_first_byte_return": 4.357485,
          "http_startup": 0.321728,
          "initialization": 0
        }
      },
      "627b9de6-4cce-4d41-b7fa-d495c6785b39": {
        "billing": {
          "_billed_time": 2689,
          "_gb_seconds": 5507072,
          "_memory": 2048
        },
        "output": {
          "begin": "1730501748.758812",
          "cold_start_var": "",
          "container_id": "ba24143a",
          "end": "1730501751.444965",
          "is_cold": true,
          "request_id": "627b9de6-4cce-4d41-b7fa-d495c6785b39",
          "result": {
            "measurement": {
              "compute_time": 383807.0,
              "download_size": 10063841,
              "download_time": 1595266.0,
              "upload_size": 9324800,
              "upload_time": 370825.0
            }
          },
          "results_time": 0
        },
        "provider_times": {
          "execution": 2688720,
          "initialization": 125520
        },
        "request_id": "627b9de6-4cce-4d41-b7fa-d495c6785b39",
        "stats": {
          "cold_start": true,
          "failure": false,
          "memory_used": 110.0
        },
        "times": {
          "benchmark": 2686153,
          "client": 3117710,
          "client_begin": "2024-11-01 22:55:48.339449",
          "client_end": "2024-11-01 22:55:51.457159",
          "http_first_byte_return": 3.117654,
          "http_startup": 0.173504,
          "initialization": 0
        }
      },
      "641a747b-4c96-466f-8633-ead9e03de07e": {
        "billing": {
          "_billed_time": 2715,
          "_gb_seconds": 5560320,
          "_memory": 2048
        },
        "output": {
          "begin": "1730501748.935135",
          "cold_start_var": "",
          "container_id": "04bf164b",
          "end": "1730501751.647187",
          "is_cold": true,
          "request_id": "641a747b-4c96-466f-8633-ead9e03de07e",
          "result": {
            "measurement": {
              "compute_time": 392123.0,
              "download_size": 10063841,
              "download_time": 1664218.0,
              "upload_size": 9324800,
              "upload_time": 313779.0
            }
          },
          "results_time": 0
        },
        "provider_times": {
          "execution": 2714770,
          "initialization": 129460
        },
        "request_id": "641a747b-4c96-466f-8633-ead9e03de07e",
        "stats": {
          "cold_start": true,
          "failure": false,
          "memory_used": 108.0
        },
        "times": {
          "benchmark": 2712052,
          "client": 3239989,
          "client_begin": "2024-11-01 22:55:48.420599",
          "client_end": "2024-11-01 22:55:51.660588",
          "http_first_byte_return": 3.239926,
          "http_startup": 0.269514,
          "initialization": 0
        }
      },
      "7d18e98c-9be1-4ad1-a15f-111eb5795985": {
        "billing": {
          "_billed_time": 2930,
          "_gb_seconds": 6000640,
          "_memory": 2048
        },
        "output": {
          "begin": "1730501748.953171",
          "cold_start_var": "",
          "container_id": "5e559671",
          "end": "1730501751.877472",
          "is_cold": true,
          "request_id": "7d18e98c-9be1-4ad1-a15f-111eb5795985",
          "result": {
            "measurement": {
              "compute_time": 399639.0,
              "download_size": 10063841,
              "download_time": 1860022.0,
              "upload_size": 9324800,
              "upload_time": 317414.0
            }
          },
          "results_time": 0
        },
        "provider_times": {
          "execution": 2929380,
          "initialization": 134840
        },
        "request_id": "7d18e98c-9be1-4ad1-a15f-111eb5795985",
        "stats": {
          "cold_start": true,
          "failure": false,
          "memory_used": 109.0
        },
        "times": {
          "benchmark": 2924301,
          "client": 4333038,
          "client_begin": "2024-11-01 22:55:48.393828",
          "client_end": "2024-11-01 22:55:52.726866",
          "http_first_byte_return": 4.332971,
          "http_startup": 0.300722,
          "initialization": 0
        }
      },
      "846a8fe2-f3b9-4157-b3fd-90988226f270": {
        "billing": {
          "_billed_time": 2728,
          "_gb_seconds": 5586944,
          "_memory": 2048
        },
        "output": {
          "begin": "1730501748.982259",
          "cold_start_var": "",
          "container_id": "1d4858c9",
          "end": "1730501751.706489",
          "is_cold": true,
          "request_id": "846a8fe2-f3b9-4157-b3fd-90988226f270",
          "result": {
            "measurement": {
              "compute_time": 392680.0,
              "download_size": 10063841,
              "download_time": 1638493.0,
              "upload_size": 9324800,
              "upload_time": 357296.0
            }
          },
          "results_time": 0
        },
        "provider_times": {
          "execution": 2727650,
          "initialization": 126630
        },
        "request_id": "846a8fe2-f3b9-4157-b3fd-90988226f270",
        "stats": {
          "cold_start": true,
          "failure": false,
          "memory_used": 106.0
        },
        "times": {
          "benchmark": 2724230,
          "client": 3321812,
          "client_begin": "2024-11-01 22:55:48.396914",
          "client_end": "2024-11-01 22:55:51.718726",
          "http_first_byte_return": 3.32173,
          "http_startup": 0.324888,
          "initialization": 0
        }
      },
      "8a036010-12a6-4c6f-92ed-4682104107a2": {
        "billing": {
          "_billed_time": 2638,
          "_gb_seconds": 5402624,
          "_memory": 2048
        },
        "output": {
          "begin": "1730501748.952986",
          "cold_start_var": "",
          "container_id": "6c751bff",
          "end": "1730501751.586956",
          "is_cold": true,
          "request_id": "8a036010-12a6-4c6f-92ed-4682104107a2",
          "result": {
            "measurement": {
              "compute_time": 378457.0,
              "download_size": 10063841,
              "download_time": 1542856.0,
              "upload_size": 9324800,
              "upload_time": 372104.0
            }
          },
          "results_time": 0
        },
        "provider_times": {
          "execution": 2637930,
          "initialization": 142080
        },
        "request_id": "8a036010-12a6-4c6f-92ed-4682104107a2",
        "stats": {
          "cold_start": true,
          "failure": false,
          "memory_used": 110.0
        },
        "times": {
          "benchmark": 2633970,
          "client": 3222216,
          "client_begin": "2024-11-01 22:55:48.377538",
          "client_end": "2024-11-01 22:55:51.599754",
          "http_first_byte_return": 3.222171,
          "http_startup": 0.318821,
          "initialization": 0
        }
      },
      "8cdf8465-b832-43ef-9794-ce7dbc851c8e": {
        "billing": {
          "_billed_time": 2609,
          "_gb_seconds": 5343232,
          "_memory": 2048
        },
        "output": {
          "begin": "1730501748.951101",
          "cold_start_var": "",
          "container_id": "01b5c988",
          "end": "1730501751.557602",
          "is_cold": true,
          "request_id": "8cdf8465-b832-43ef-9794-ce7dbc851c8e",
          "result": {
            "measurement": {
              "compute_time": 383920.0,
              "download_size": 10063841,
              "download_time": 1555035.0,
              "upload_size": 9324800,
              "upload_time": 316938.0
            }
          },
          "results_time": 0
        },
        "provider_times": {
          "execution": 2608760,
          "initialization": 132610
        },
        "request_id": "8cdf8465-b832-43ef-9794-ce7dbc851c8e",
        "stats": {
          "cold_start": true,
          "failure": false,
          "memory_used": 110.0
        },
        "times": {
          "benchmark": 2606501,
          "client": 3142031,
          "client_begin": "2024-11-01 22:55:48.429601",
          "client_end": "2024-11-01 22:55:51.571632",
          "http_first_byte_return": 3.14199,
          "http_startup": 0.271052,
          "initialization": 0
        }
      },
      "8d38f456-ada1-4a03-8b42-090272e8edd6": {
        "billing": {
          "_billed_time": 2828,
          "_gb_seconds": 5791744,
          "_memory": 2048
        },
        "output": {
          "begin": "1730501748.941388",
          "cold_start_var": "",
          "container_id": "08f32320",
          "end": "1730501751.764096",
          "is_cold": true,
          "request_id": "8d38f456-ada1-4a03-8b42-090272e8edd6",
          "result": {
            "measurement": {
              "compute_time": 390085.0,
              "download_size": 10063841,
              "download_time": 1741734.0,
              "upload_size": 9324800,
              "upload_time": 343086.0
            }
          },
          "results_time": 0
        },
        "provider_times": {
          "execution": 2827920,
          "initialization": 130110
        },
        "request_id": "8d38f456-ada1-4a03-8b42-090272e8edd6",
        "stats": {
          "cold_start": true,
          "failure": false,
          "memory_used": 110.0
        },
        "times": {
          "benchmark": 2822708,
          "client": 4282717,
          "client_begin": "2024-11-01 22:55:48.441583",
          "client_end": "2024-11-01 22:55:52.724300",
          "http_first_byte_return": 4.28268,
          "http_startup": 0.25179,
          "initialization": 0
        }
      },
      "93545fe4-1d60-4fb4-ae01-f1aed323fe40": {
        "billing": {
          "_billed_time": 2828,
          "_gb_seconds": 5791744,
          "_memory": 2048
        },
        "output": {
          "begin": "1730501748.934336",
          "cold_start_var": "",
          "container_id": "50ab0485",
          "end": "1730501751.757477",
          "is_cold": true,
          "request_id": "93545fe4-1d60-4fb4-ae01-f1aed323fe40",
          "result": {
            "measurement": {
              "compute_time": 388982.0,
              "download_size": 10063841,
              "download_time": 1676838.0,
              "upload_size": 9324800,
              "upload_time": 333535.0
            }
          },
          "results_time": 0
        },
        "provider_times": {
          "execution": 2827090,
          "initialization": 127170
        },
        "request_id": "93545fe4-1d60-4fb4-ae01-f1aed323fe40",
        "stats": {
          "cold_start": true,
          "failure": false,
          "memory_used": 108.0
        },
        "times": {
          "benchmark": 2823141,
          "client": 4344273,
          "client_begin": "2024-11-01 22:55:48.380235",
          "client_end": "2024-11-01 22:55:52.724508",
          "http_first_byte_return": 4.344244,
          "http_startup": 0.310713,
          "initialization": 0
        }
      },
      "977405f8-8afe-48d6-968e-1818c59548b7": {
        "billing": {
          "_billed_time": 3090,
          "_gb_seconds": 6328320,
          "_memory": 2048
        },
        "output": {
          "begin": "1730501748.775384",
          "cold_start_var": "",
          "container_id": "f608d1cc",
          "end": "1730501751.861404",
          "is_cold": true,
          "request_id": "977405f8-8afe-48d6-968e-1818c59548b7",
          "result": {
            "measurement": {
              "compute_time": 427985.0,
              "download_size": 10063841,
              "download_time": 1628990.0,
              "upload_size": 9324800,
              "upload_time": 582937.0
            }
          },
          "results_time": 0
        },
        "provider_times": {
          "execution": 3089650,
          "initialization": 130900
        },
        "request_id": "977405f8-8afe-48d6-968e-1818c59548b7",
        "stats": {
          "cold_start": true,
          "failure": false,
          "memory_used": 111.0
        },
        "times": {
          "benchmark": 3086020,
          "client": 4213859,
          "client_begin": "2024-11-01 22:55:48.341209",
          "client_end": "2024-11-01 22:55:52.555068",
          "http_first_byte_return": 4.213781,
          "http_startup": 0.172557,
          "initialization": 0
        }
      },
      "985f2f71-64d8-41ab-b2fc-300375dc18e5": {
        "billing": {
          "_billed_time": 3108,
          "_gb_seconds": 6365184,
          "_memory": 2048
        },
        "output": {
          "begin": "1730501748.934926",
          "cold_start_var": "",
          "container_id": "887ef070",
          "end": "1730501752.039746",
          "is_cold": true,
          "request_id": "985f2f71-64d8-41ab-b2fc-300375dc18e5",
          "result": {
            "measurement": {
              "compute_time": 391042.0,
              "download_size": 10063841,
              "download_time": 1909637.0,
              "upload_size": 9324800,
              "upload_time": 453899.0
            }
          },
          "results_time": 0
        },
        "provider_times": {
          "execution": 3107360,
          "initialization": 125030
        },
        "request_id": "985f2f71-64d8-41ab-b2fc-300375dc18e5",
        "stats": {
          "cold_start": true,
          "failure": false,
          "memory_used": 110.0
        },
        "times": {
          "benchmark": 3104820,
          "client": 4316458,
          "client_begin": "2024-11-01 22:55:48.406649",
          "client_end": "2024-11-01 22:55:52.723107",
          "http_first_byte_return": 4.316412,
          "http_startup": 0.285937,
          "initialization": 0
        }
      },
      "a0e38860-5d04-4adc-a647-ffcd5ea14ea7": {
        "billing": {
          "_billed_time": 2709,
          "_gb_seconds": 5548032,
          "_memory": 2048
        },
        "output": {
          "begin": "1730501748.909069",
          "cold_start_var": "",
          "container_id": "2d4c079b",
          "end": "1730501751.614809",
          "is_cold": true,
          "request_id": "a0e38860-5d04-4adc-a647-ffcd5ea14ea7",
          "result": {
            "measurement": {
              "compute_time": 382301.0,
              "download_size": 10063841,
              "download_time": 1632905.0,
              "upload_size": 9324800,
              "upload_time": 351562.0
            }
          },
          "results_time": 0
        },
        "provider_times": {
          "execution": 2708120,
          "initialization": 118620
        },
        "request_id": "a0e38860-5d04-4adc-a647-ffcd5ea14ea7",
        "stats": {
          "cold_start": true,
          "failure": false,
          "memory_used": 108.0
        },
        "times": {
          "benchmark": 2705740,
          "client": 3276759,
          "client_begin": "2024-11-01 22:55:48.350871",
          "client_end": "2024-11-01 22:55:51.627630",
          "http_first_byte_return": 3.276718,
          "http_startup": 0.331006,
          "initialization": 0
        }
      },
      "a5b6b0f6-7647-4de1-9765-0d74b90bc565": {
        "billing": {
          "_billed_time": 2847,
          "_gb_seconds": 5830656,
          "_memory": 2048
        },
        "output": {
          "begin": "1730501748.951516",
          "cold_start_var": "",
          "container_id": "cda2d5f5",
          "end": "1730501751.793358",
          "is_cold": true,
          "request_id": "a5b6b0f6-7647-4de1-9765-0d74b90bc565",
          "result": {
            "measurement": {
              "compute_time": 383239.0,
              "download_size": 10063841,
              "download_time": 1601338.0,
              "upload_size": 9324800,
              "upload_time": 339956.0
            }
          },
          "results_time": 0
        },
        "provider_times": {
          "execution": 2846020,
          "initialization": 133080
        },
        "request_id": "a5b6b0f6-7647-4de1-9765-0d74b90bc565",
        "stats": {
          "cold_start": true,
          "failure": false,
          "memory_used": 113.0
        },
        "times": {
          "benchmark": 2841842,
          "client": 4376556,
          "client_begin": "2024-11-01 22:55:48.369535",
          "client_end": "2024-11-01 22:55:52.746091",
          "http_first_byte_return": 4.376516,
          "http_startup": 0.343696,
          "initialization": 0
        }
      },
      "b56f52d6-7711-42b9-bebd-4dd77ea1ff82": {
        "billing": {
          "_billed_time": 2743,
          "_gb_seconds": 5617664,
          "_memory": 2048
        },
        "output": {
          "begin": "1730501748.969819",
          "cold_start_var": "",
          "container_id": "20b13ef6",
          "end": "1730501751.709350",
          "is_cold": true,
          "request_id": "b56f52d6-7711-42b9-bebd-4dd77ea1ff82",
          "result": {
            "measurement": {
              "compute_time": 386093.0,
              "download_size": 10063841,
              "download_time": 1490523.0,
              "upload_size": 9324800,
              "upload_time": 318766.0
            }
          },
          "results_time": 0
        },
        "provider_times": {
          "execution": 2742190,
          "initialization": 130990
        },
        "request_id": "b56f52d6-7711-42b9-bebd-4dd77ea1ff82",
        "stats": {
          "cold_start": true,
          "failure": false,
          "memory_used": 106.0
        },
        "times": {
          "benchmark": 2739531,
          "client": 3333036,
          "client_begin": "2024-11-01 22:55:48.389597",
          "client_end": "2024-11-01 22:55:51.722633",
          "http_first_byte_return": 3.332984,
          "http_startup": 0.310819,
          "initialization": 0
        }
      },
      "b89caf5b-9025-40b6-b1e9-b00a9b3bc61d": {
        "billing": {
          "_billed_time": 2793,
          "_gb_seconds": 5720064,
          "_memory": 2048
        },
        "output": {
          "begin": "1730501748.974119",
          "cold_start_var": "",
          "container_id": "ea0c2987",
          "end": "1730501751.764510",
          "is_cold": true,
          "request_id": "b89caf5b-9025-40b6-b1e9-b00a9b3bc61d",
          "result": {
            "measurement": {
              "compute_time": 383966.0,
              "download_size": 10063841,
              "download_time": 1722472.0,
              "upload_size": 9324800,
              "upload_time": 334631.0
            }
          },
          "results_time": 0
        },
        "provider_times": {
          "execution": 2792710,
          "initialization": 132110
        },
        "request_id": "b89caf5b-9025-40b6-b1e9-b00a9b3bc61d",
        "stats": {
          "cold_start": true,
          "failure": false,
          "memory_used": 108.0
        },
        "times": {
          "benchmark": 2790391,
          "client": 4388873,
          "client_begin": "2024-11-01 22:55:48.364772",
          "client_end": "2024-11-01 22:55:52.753645",
          "http_first_byte_return": 4.388836,
          "http_startup": 0.356265,
          "initialization": 0
        }
      },
      "ba011ac3-67ca-4e79-b730-090110345c96": {
        "billing": {
          "_billed_time": 2622,
          "_gb_seconds": 5369856,
          "_memory": 2048
        },
        "output": {
          "begin": "1730501748.938122",
          "cold_start_var": "",
          "container_id": "0293aca9",
          "end": "1730501751.557405",
          "is_cold": true,
          "request_id": "ba011ac3-67ca-4e79-b730-090110345c96",
          "result": {
            "measurement": {
              "compute_time": 382608.0,
              "download_size": 10063841,
              "download_time": 1567996.0,
              "upload_size": 9324800,
              "upload_time": 310036.0
            }
          },
          "results_time": 0
        },
        "provider_times": {
          "execution": 2621550,
          "initialization": 124960
        },
        "request_id": "ba011ac3-67ca-4e79-b730-090110345c96",
        "stats": {
          "cold_start": true,
          "failure": false,
          "memory_used": 108.0
        },
        "times": {
          "benchmark": 2619283,
          "client": 3187388,
          "client_begin": "2024-11-01 22:55:48.383335",
          "client_end": "2024-11-01 22:55:51.570723",
          "http_first_byte_return": 3.187302,
          "http_startup": 0.310455,
          "initialization": 0
        }
      },
      "bebbf881-475c-4ad3-bfb6-4240fe8f4cc0": {
        "billing": {
          "_billed_time": 2780,
          "_gb_seconds": 5693440,
          "_memory": 2048
        },
        "output": {
          "begin": "1730501748.961045",
          "cold_start_var": "",
          "container_id": "9ffc3306",
          "end": "1730501751.734971",
          "is_cold": true,
          "request_id": "bebbf881-475c-4ad3-bfb6-4240fe8f4cc0",
          "result": {
            "measurement": {
              "compute_time": 385609.0,
              "download_size": 10063841,
              "download_time": 1626284.0,
              "upload_size": 9324800,
              "upload_time": 342981.0
            }
          },
          "results_time": 0
        },
        "provider_times": {
          "execution": 2779300,
          "initialization": 127780
        },
        "request_id": "bebbf881-475c-4ad3-bfb6-4240fe8f4cc0",
        "stats": {
          "cold_start": true,
          "failure": false,
          "memory_used": 108.0
        },
        "times": {
          "benchmark": 2773926,
          "client": 4309104,
          "client_begin": "2024-11-01 22:55:48.436613",
          "client_end": "2024-11-01 22:55:52.745717",
          "http_first_byte_return": 4.309064,
          "http_startup": 0.278976,
          "initialization": 0
        }
      },
      "bf0a4797-6875-4233-a18c-f89113eec0ca": {
        "billing": {
          "_billed_time": 2632,
          "_gb_seconds": 5390336,
          "_memory": 2048
        },
        "output": {
          "begin": "1730501748.810026",
          "cold_start_var": "",
          "container_id": "4b32c608",
          "end": "1730501751.439561",
          "is_cold": true,
          "request_id": "bf0a4797-6875-4233-a18c-f89113eec0ca",
          "result": {
            "measurement": {
              "compute_time": 421152.0,
              "download_size": 10063841,
              "download_time": 1580375.0,
              "upload_size": 9324800,
              "upload_time": 279015.0
            }
          },
          "results_time": 0
        },
        "provider_times": {
          "execution": 2631830,
          "initialization": 126750
        },
        "request_id": "bf0a4797-6875-4233-a18c-f89113eec0ca",
        "stats": {
          "cold_start": true,
          "failure": false,
          "memory_used": 109.0
        },
        "times": {
          "benchmark": 2629535,
          "client": 3119098,
          "client_begin": "2024-11-01 22:55:48.333261",
          "client_end": "2024-11-01 22:55:51.452359",
          "http_first_byte_return": 3.119033,
          "http_startup": 0.18571,
          "initialization": 0
        }
      },
      "c547b719-d1eb-4ef6-803c-62520de3bc87": {
        "billing": {
          "_billed_time": 2888,
          "_gb_seconds": 5914624,
          "_memory": 2048
        },
        "output": {
          "begin": "1730501748.945179",
          "cold_start_var": "",
          "container_id": "e7ec08e4",
          "end": "1730501751.820541",
          "is_cold": true,
          "request_id": "c547b719-d1eb-4ef6-803c-62520de3bc87",
          "result": {
            "measurement": {
              "compute_time": 387159.0,
              "download_size": 10063841,
              "download_time": 1662879.0,
              "upload_size": 9324800,
              "upload_time": 299456.0
            }
          },
          "results_time": 0
        },
        "provider_times": {
          "execution": 2887320,
          "initialization": 137650
        },
        "request_id": "c547b719-d1eb-4ef6-803c-62520de3bc87",
        "stats": {
          "cold_start": true,
          "failure": false,
          "memory_used": 109.0
        },
        "times": {
          "benchmark": 2875362,
          "client": 4287590,
          "client_begin": "2024-11-01 22:55:48.432709",
          "client_end": "2024-11-01 22:55:52.720299",
          "http_first_byte_return": 4.287531,
          "http_startup": 0.256351,
          "initialization": 0
        }
      },
      "c84fc179-6921-407d-8b68-b1a42e07b5be": {
        "billing": {
          "_billed_time": 2640,
          "_gb_seconds": 5406720,
          "_memory": 2048
        },
        "output": {
          "begin": "1730501748.924967",
          "cold_start_var": "",
          "container_id": "592540a3",
          "end": "1730501751.562241",
          "is_cold": true,
          "request_id": "c84fc179-6921-407d-8b68-b1a42e07b5be",
          "result": {
            "measurement": {
              "compute_time": 386325.0,
              "download_size": 10063841,
              "download_time": 1591975.0,
              "upload_size": 9324800,
              "upload_time": 338336.0
            }
          },
          "results_time": 0
        },
        "provider_times": {
          "execution": 2639530,
          "initialization": 119560
        },
        "request_id": "c84fc179-6921-407d-8b68-b1a42e07b5be",
        "stats": {
          "cold_start": true,
          "failure": false,
          "memory_used": 107.0
        },
        "times": {
          "benchmark": 2637274,
          "client": 3213563,
          "client_begin": "2024-11-01 22:55:48.361632",
          "client_end": "2024-11-01 22:55:51.575195",
          "http_first_byte_return": 3.213519,
          "http_startup": 0.32425,
          "initialization": 0
        }
      },
      "cb9a14f7-b5bf-417d-bbb9-b32468b852a7": {
        "billing": {
          "_billed_time": 2927,
          "_gb_seconds": 5994496,
          "_memory": 2048
        },
        "output": {
          "begin": "1730501748.993837",
          "cold_start_var": "",
          "container_id": "e6ac5653",
          "end": "1730501751.918036",
          "is_cold": true,
          "request_id": "cb9a14f7-b5bf-417d-bbb9-b32468b852a7",
          "result": {
            "measurement": {
              "compute_time": 385923.0,
              "download_size": 10063841,
              "download_time": 1802256.0,
              "upload_size": 9324800,
              "upload_time": 386058.0
            }
          },
          "results_time": 0
        },
        "provider_times": {
          "execution": 2926940,
          "initialization": 128970
        },
        "request_id": "cb9a14f7-b5bf-417d-bbb9-b32468b852a7",
        "stats": {
          "cold_start": true,
          "failure": false,
          "memory_used": 108.0
        },
        "times": {
          "benchmark": 2924199,
          "client": 4351893,
          "client_begin": "2024-11-01 22:55:48.392782",
          "client_end": "2024-11-01 22:55:52.744675",
          "http_first_byte_return": 4.351823,
          "http_startup": 0.320029,
          "initialization": 0
        }
      },
      "d1aa5e28-10a7-4020-b1dd-0ab53d8f470b": {
        "billing": {
          "_billed_time": 2799,
          "_gb_seconds": 5732352,
          "_memory": 2048
        },
        "output": {
          "begin": "1730501748.970306",
          "cold_start_var": "",
          "container_id": "71f251b4",
          "end": "1730501751.766805",
          "is_cold": true,
          "request_id": "d1aa5e28-10a7-4020-b1dd-0ab53d8f470b",
          "result": {
            "measurement": {
              "compute_time": 384992.0,
              "download_size": 10063841,
              "download_time": 1704337.0,
              "upload_size": 9324800,
              "upload_time": 358681.0
            }
          },
          "results_time": 0
        },
        "provider_times": {
          "execution": 2798920,
          "initialization": 133100
        },
        "request_id": "d1aa5e28-10a7-4020-b1dd-0ab53d8f470b",
        "stats": {
          "cold_start": true,
          "failure": false,
          "memory_used": 106.0
        },
        "times": {
          "benchmark": 2796499,
          "client": 4317361,
          "client_begin": "2024-11-01 22:55:48.433513",
          "client_end": "2024-11-01 22:55:52.750874",
          "http_first_byte_return": 4.317327,
          "http_startup": 0.286653,
          "initialization": 0
        }
      },
      "d4f79669-98cb-4011-a3ca-85fe89e28a98": {
        "billing": {
          "_billed_time": 2965,
          "_gb_seconds": 6072320,
          "_memory": 2048
        },
        "output": {
          "begin": "1730501748.961985",
          "cold_start_var": "",
          "container_id": "dcba13ba",
          "end": "1730501751.921855",
          "is_cold": true,
          "request_id": "d4f79669-98cb-4011-a3ca-85fe89e28a98",
          "result": {
            "measurement": {
              "compute_time": 391710.0,
              "download_size": 10063841,
              "download_time": 1569120.0,
              "upload_size": 9324800,
              "upload_time": 445399.0
            }
          },
          "results_time": 0
        },
        "provider_times": {
          "execution": 2964300,
          "initialization": 145320
        },
        "request_id": "d4f79669-98cb-4011-a3ca-85fe89e28a98",
        "stats": {
          "cold_start": true,
          "failure": false,
          "memory_used": 110.0
        },
        "times": {
          "benchmark": 2959870,
          "client": 4340737,
          "client_begin": "2024-11-01 22:55:48.409586",
          "client_end": "2024-11-01 22:55:52.750323",
          "http_first_byte_return": 4.340699,
          "http_startup": 0.296855,
          "initialization": 0
        }
      },
      "e4d4141c-8ed4-4801-a0f4-33761c05b8a6": {
        "billing": {
          "_billed_time": 2698,
          "_gb_seconds": 5525504,
          "_memory": 2048
        },
        "output": {
          "begin": "1730501748.909431",
          "cold_start_var": "",
          "container_id": "4d35290b",
          "end": "1730501751.603425",
          "is_cold": true,
          "request_id": "e4d4141c-8ed4-4801-a0f4-33761c05b8a6",
          "result": {
            "measurement": {
              "compute_time": 387098.0,
              "download_size": 10063841,
              "download_time": 1645459.0,
              "upload_size": 9324800,
              "upload_time": 318841.0
            }
          },
          "results_time": 0
        },
        "provider_times": {
          "execution": 2697700,
          "initialization": 125150
        },
        "request_id": "e4d4141c-8ed4-4801-a0f4-33761c05b8a6",
        "stats": {
          "cold_start": true,
          "failure": false,
          "memory_used": 110.0
        },
        "times": {
          "benchmark": 2693994,
          "client": 3285991,
          "client_begin": "2024-11-01 22:55:48.329548",
          "client_end": "2024-11-01 22:55:51.615539",
          "http_first_byte_return": 3.285914,
          "http_startup": 0.340821,
          "initialization": 0
        }
      },
      "e6d66ba1-2be9-4521-8cb0-3a585bc20823": {
        "billing": {
          "_billed_time": 2729,
          "_gb_seconds": 5588992,
          "_memory": 2048
        },
        "output": {
          "begin": "1730501748.927909",
          "cold_start_var": "",
          "container_id": "297d3c8d",
          "end": "1730501751.653832",
          "is_cold": true,
          "request_id": "e6d66ba1-2be9-4521-8cb0-3a585bc20823",
          "result": {
            "measurement": {
              "compute_time": 409157.0,
              "download_size": 10063841,
              "download_time": 1573905.0,
              "upload_size": 9324800,
              "upload_time": 404119.0
            }
          },
          "results_time": 0
        },
        "provider_times": {
          "execution": 2728120,
          "initialization": 125540
        },
        "request_id": "e6d66ba1-2be9-4521-8cb0-3a585bc20823",
        "stats": {
          "cold_start": true,
          "failure": false,
          "memory_used": 108.0
        },
        "times": {
          "benchmark": 2725923,
          "client": 3240281,
          "client_begin": "2024-11-01 22:55:48.425715",
          "client_end": "2024-11-01 22:55:51.665996",
          "http_first_byte_return": 3.240154,
          "http_startup": 0.26251,
          "initialization": 0
        }
      },
      "f2c42976-c9b5-4537-8c9e-6cd5cabb40d8": {
        "billing": {
          "_billed_time": 2718,
          "_gb_seconds": 5566464,
          "_memory": 2048
        },
        "output": {
          "begin": "1730501748.998799",
          "cold_start_var": "",
          "container_id": "5a02c66c",
          "end": "1730501751.712566",
          "is_cold": true,
          "request_id": "f2c42976-c9b5-4537-8c9e-6cd5cabb40d8",
          "result": {
            "measurement": {
              "compute_time": 382056.0,
              "download_size": 10063841,
              "download_time": 1591993.0,
              "upload_size": 9324800,
              "upload_time": 317038.0
            }
          },
          "results_time": 0
        },
        "provider_times": {
          "execution": 2717080,
          "initialization": 130539
        },
        "request_id": "f2c42976-c9b5-4537-8c9e-6cd5cabb40d8",
        "stats": {
          "cold_start": true,
          "failure": false,
          "memory_used": 108.0
        },
        "times": {
          "benchmark": 2713767,
          "client": 3366020,
          "client_begin": "2024-11-01 22:55:48.359794",
          "client_end": "2024-11-01 22:55:51.725814",
          "http_first_byte_return": 3.365974,
          "http_startup": 0.363905,
          "initialization": 0
        }
      },
      "f3649012-41f0-4be3-a8ea-9f5fd6e61b9b": {
        "billing": {
          "_billed_time": 2927,
          "_gb_seconds": 5994496,
          "_memory": 2048
        },
        "output": {
          "begin": "1730501748.949689",
          "cold_start_var": "",
          "container_id": "5db119d7",
          "end": "1730501751.872795",
          "is_cold": true,
          "request_id": "f3649012-41f0-4be3-a8ea-9f5fd6e61b9b",
          "result": {
            "measurement": {
              "compute_time": 387527.0,
              "download_size": 10063841,
              "download_time": 1734516.0,
              "upload_size": 9324800,
              "upload_time": 437001.0
            }
          },
          "results_time": 0
        },
        "provider_times": {
          "execution": 2926770,
          "initialization": 134840
        },
        "request_id": "f3649012-41f0-4be3-a8ea-9f5fd6e61b9b",
        "stats": {
          "cold_start": true,
          "failure": false,
          "memory_used": 108.0
        },
        "times": {
          "benchmark": 2923106,
          "client": 4361373,
          "client_begin": "2024-11-01 22:55:48.372646",
          "client_end": "2024-11-01 22:55:52.734019",
          "http_first_byte_return": 4.361323,
          "http_startup": 0.33237,
          "initialization": 0
        }
      },
      "f4fbbcd2-544a-4471-8e7f-afe8f9f28454": {
        "billing": {
          "_billed_time": 2897,
          "_gb_seconds": 5933056,
          "_memory": 2048
        },
        "output": {
          "begin": "1730501748.960749",
          "cold_start_var": "",
          "container_id": "ad8a855f",
          "end": "1730501751.855166",
          "is_cold": true,
          "request_id": "f4fbbcd2-544a-4471-8e7f-afe8f9f28454",
          "result": {
            "measurement": {
              "compute_time": 392799.0,
              "download_size": 10063841,
              "download_time": 1745389.0,
              "upload_size": 9324800,
              "upload_time": 407379.0
            }
          },
          "results_time": 0
        },
        "provider_times": {
          "execution": 2896740,
          "initialization": 132590
        },
        "request_id": "f4fbbcd2-544a-4471-8e7f-afe8f9f28454",
        "stats": {
          "cold_start": true,
          "failure": false,
          "memory_used": 108.0
        },
        "times": {
          "benchmark": 2894417,
          "client": 4394671,
          "client_begin": "2024-11-01 22:55:48.354564",
          "client_end": "2024-11-01 22:55:52.749235",
          "http_first_byte_return": 4.390017,
          "http_startup": 0.357382,
          "initialization": 0
        }
      },
      "f828a812-c48d-4cc2-896a-5549116cf7a1": {
        "billing": {
          "_billed_time": 2682,
          "_gb_seconds": 5492736,
          "_memory": 2048
        },
        "output": {
          "begin": "1730501748.930881",
          "cold_start_var": "",
          "container_id": "4a12bc91",
          "end": "1730501751.608505",
          "is_cold": true,
          "request_id": "f828a812-c48d-4cc2-896a-5549116cf7a1",
          "result": {
            "measurement": {
              "compute_time": 388343.0,
              "download_size": 10063841,
              "download_time": 1642477.0,
              "upload_size": 9324800,
              "upload_time": 301204.0
            }
          },
          "results_time": 0
        },
        "provider_times": {
          "execution": 2681990,
          "initialization": 128320
        },
        "request_id": "f828a812-c48d-4cc2-896a-5549116cf7a1",
        "stats": {
          "cold_start": true,
          "failure": false,
          "memory_used": 110.0
        },
        "times": {
          "benchmark": 2677624,
          "client": 3177275,
          "client_begin": "2024-11-01 22:55:48.444693",
          "client_end": "2024-11-01 22:55:51.621968",
          "http_first_byte_return": 3.177231,
          "http_startup": 0.240368,
          "initialization": 0
        }
      },
      "fad766ca-4d9c-4d1e-9e19-ce0f8e1ed448": {
        "billing": {
          "_billed_time": 2614,
          "_gb_seconds": 5353472,
          "_memory": 2048
        },
        "output": {
          "begin": "1730501748.966794",
          "cold_start_var": "",
          "container_id": "bcbf7c99",
          "end": "1730501751.576543",
          "is_cold": true,
          "request_id": "fad766ca-4d9c-4d1e-9e19-ce0f8e1ed448",
          "result": {
            "measurement": {
              "compute_time": 387054.0,
              "download_size": 10063841,
              "download_time": 1481898.0,
              "upload_size": 9324800,
              "upload_time": 371302.0
            }
          },
          "results_time": 0
        },
        "provider_times": {
          "execution": 2613300,
          "initialization": 142900
        },
        "request_id": "fad766ca-4d9c-4d1e-9e19-ce0f8e1ed448",
        "stats": {
          "cold_start": true,
          "failure": false,
          "memory_used": 109.0
        },
        "times": {
          "benchmark": 2609749,
          "client": 3165381,
          "client_begin": "2024-11-01 22:55:48.423787",
          "client_end": "2024-11-01 22:55:51.589168",
          "http_first_byte_return": 3.165316,
          "http_startup": 0.285537,
          "initialization": 0
        }
      },
      "faebeb36-3494-485f-b0c7-c27d5142692b": {
        "billing": {
          "_billed_time": 2637,
          "_gb_seconds": 5400576,
          "_memory": 2048
        },
        "output": {
          "begin": "1730501748.972198",
          "cold_start_var": "",
          "container_id": "8c7b4e63",
          "end": "1730501751.604467",
          "is_cold": true,
          "request_id": "faebeb36-3494-485f-b0c7-c27d5142692b",
          "result": {
            "measurement": {
              "compute_time": 388068.0,
              "download_size": 10063841,
              "download_time": 1576858.0,
              "upload_size": 9324800,
              "upload_time": 319807.0
            }
          },
          "results_time": 0
        },
        "provider_times": {
          "execution": 2636110,
          "initialization": 126930
        },
        "request_id": "faebeb36-3494-485f-b0c7-c27d5142692b",
        "stats": {
          "cold_start": true,
          "failure": false,
          "memory_used": 110.0
        },
        "times": {
          "benchmark": 2632269,
          "client": 3204749,
          "client_begin": "2024-11-01 22:55:48.412687",
          "client_end": "2024-11-01 22:55:51.617436",
          "http_first_byte_return": 3.204708,
          "http_startup": 0.308033,
          "initialization": 0
        }
      }
    }
  },
  "_metrics": {
    "311_compression_python_3_8": {}
  },
  "begin_time": 1730501723.877551,
  "config": {
    "deployment": {
      "credentials": {
        "account_id": "314211295665"
      },
      "name": "aws",
      "region": "us-east-1",
      "resources": {
        "http-apis": {
          "110_dynamic_html_python_3_8-http-api": {
            "arn": "arn:aws:execute-api:us-east-1:314211295665:xb3dw1b4y9",
            "endpoint": "https://xb3dw1b4y9.execute-api.us-east-1.amazonaws.com"
          },
          "120_uploader_python_3_8-http-api": {
            "arn": "arn:aws:execute-api:us-east-1:314211295665:orle8njuxg",
            "endpoint": "https://orle8njuxg.execute-api.us-east-1.amazonaws.com"
          },
          "210_thumbnailer_python_3_8-http-api": {
            "arn": "arn:aws:execute-api:us-east-1:314211295665:1owsl69vx2",
            "endpoint": "https://1owsl69vx2.execute-api.us-east-1.amazonaws.com"
          },
          "220_video_processing_python_3_8-http-api": {
            "arn": "arn:aws:execute-api:us-east-1:314211295665:r0135su3ef",
            "endpoint": "https://r0135su3ef.execute-api.us-east-1.amazonaws.com"
          },
          "311_compression_python_3_8-http-api": {
            "arn": "arn:aws:execute-api:us-east-1:314211295665:xtmhwxb7j4",
            "endpoint": "https://xtmhwxb7j4.execute-api.us-east-1.amazonaws.com"
          },
          "501_graph_pagerank_python_3_8-http-api": {
            "arn": "arn:aws:execute-api:us-east-1:314211295665:0i4buwihqd",
            "endpoint": "https://0i4buwihqd.execute-api.us-east-1.amazonaws.com"
          },
          "502_graph_mst_python_3_8-http-api": {
            "arn": "arn:aws:execute-api:us-east-1:314211295665:u5fm1u42s1",
            "endpoint": "https://u5fm1u42s1.execute-api.us-east-1.amazonaws.com"
          },
          "503_graph_bfs_python_3_8-http-api": {
            "arn": "arn:aws:execute-api:us-east-1:314211295665:lwb2q068wg",
            "endpoint": "https://lwb2q068wg.execute-api.us-east-1.amazonaws.com"
          }
        },
        "lambda-role": "arn:aws:iam::314211295665:role/sebs-lambda-role"
      }
    },
    "experiments": {
      "architecture": "arm64",
      "download_results": true,
      "experiments": {},
      "flags": {},
      "runtime": {
        "language": "python",
        "version": "3.8"
      },
      "update_code": false,
      "update_storage": false
    }
  },
  "end_time": 1730501757.778296,
  "result_bucket": null,
  "statistics": {
    "cold_count": 50,
    "failures": [],
    "failures_count": 0,
    "incorrect": [],
    "incorrect_count": 0,
    "samples_generated": 50
  }
}