{
  "_invocations": {
    "210_thumbnailer_python_3_8": {
      "0530293c-fc18-4f5b-9b78-e0503081fd9c": {
        "billing": {
          "_billed_time": 1756,
          "_gb_seconds": 899072,
          "_memory": 512
        },
        "output": {
          "begin": "1730244664.375443",
          "cold_start_var": "",
          "container_id": "f22ad0cd",
          "end": "1730244666.128196",
          "is_cold": true,
          "request_id": "0530293c-fc18-4f5b-9b78-e0503081fd9c",
          "result": {
            "measurement": {
              "compute_time": 264624.0,
              "download_size": 2907386,
              "download_time": 189451.0,
              "upload_size": 3444,
              "upload_time": 56739.0
            }
          },
          "results_time": 0
        },
        "provider_times": {
          "execution": 1755160,
          "initialization": 148440
        },
        "request_id": "0530293c-fc18-4f5b-9b78-e0503081fd9c",
        "stats": {
          "cold_start": true,
          "failure": false,
          "memory_used": 94.0
        },
        "times": {
          "benchmark": 1752753,
          "client": 2353767,
          "client_begin": "2024-10-29 23:31:03.791547",
          "client_end": "2024-10-29 23:31:06.145314",
          "http_first_byte_return": 2.353728,
          "http_startup": 0.274882,
          "initialization": 0
        }
      },
      "12cd6217-2fc9-4419-a330-3a60b7c0cf44": {
        "billing": {
          "_billed_time": 1711,
          "_gb_seconds": 876032,
          "_memory": 512
        },
        "output": {
          "begin": "1730244664.248271",
          "cold_start_var": "",
          "container_id": "b5a5cb3e",
          "end": "1730244665.955670",
          "is_cold": true,
          "request_id": "12cd6217-2fc9-4419-a330-3a60b7c0cf44",
          "result": {
            "measurement": {
              "compute_time": 258489.0,
              "download_size": 2907386,
              "download_time": 179346.0,
              "upload_size": 3444,
              "upload_time": 48847.0
            }
          },
          "results_time": 0
        },
        "provider_times": {
          "execution": 1710610,
          "initialization": 135760
        },
        "request_id": "12cd6217-2fc9-4419-a330-3a60b7c0cf44",
        "stats": {
          "cold_start": true,
          "failure": false,
          "memory_used": 95.0
        },
        "times": {
          "benchmark": 1707399,
          "client": 2211825,
          "client_begin": "2024-10-29 23:31:03.785434",
          "client_end": "2024-10-29 23:31:05.997259",
          "http_first_byte_return": 2.211758,
          "http_startup": 0.139914,
          "initialization": 0
        }
      },
      "1440e4bd-1788-4ff1-bae4-888748306bcf": {
        "billing": {
          "_billed_time": 1831,
          "_gb_seconds": 937472,
          "_memory": 512
        },
        "output": {
          "begin": "1730244664.438190",
          "cold_start_var": "",
          "container_id": "1a986b98",
          "end": "1730244666.264888",
          "is_cold": true,
          "request_id": "1440e4bd-1788-4ff1-bae4-888748306bcf",
          "result": {
            "measurement": {
              "compute_time": 261884.0,
              "download_size": 2907386,
              "download_time": 197262.0,
              "upload_size": 3444,
              "upload_time": 59451.0
            }
          },
          "results_time": 0
        },
        "provider_times": {
          "execution": 1830280,
          "initialization": 142010
        },
        "request_id": "1440e4bd-1788-4ff1-bae4-888748306bcf",
        "stats": {
          "cold_start": true,
          "failure": false,
          "memory_used": 95.0
        },
        "times": {
          "benchmark": 1826698,
          "client": 2479838,
          "client_begin": "2024-10-29 23:31:03.801241",
          "client_end": "2024-10-29 23:31:06.281079",
          "http_first_byte_return": 2.479808,
          "http_startup": 0.326503,
          "initialization": 0
        }
      },
      "183b0702-73b3-40a4-ba4a-75d074b5d009": {
        "billing": {
          "_billed_time": 1667,
          "_gb_seconds": 853504,
          "_memory": 512
        },
        "output": {
          "begin": "1730244664.413239",
          "cold_start_var": "",
          "container_id": "2735bbe3",
          "end": "1730244666.076794",
          "is_cold": true,
          "request_id": "183b0702-73b3-40a4-ba4a-75d074b5d009",
          "result": {
            "measurement": {
              "compute_time": 259457.0,
              "download_size": 2907386,
              "download_time": 157422.0,
              "upload_size": 3444,
              "upload_time": 50843.0
            }
          },
          "results_time": 0
        },
        "provider_times": {
          "execution": 1666750,
          "initialization": 133900
        },
        "request_id": "183b0702-73b3-40a4-ba4a-75d074b5d009",
        "stats": {
          "cold_start": true,
          "failure": false,
          "memory_used": 95.0
        },
        "times": {
          "benchmark": 1663555,
          "client": 2252107,
          "client_begin": "2024-10-29 23:31:03.841311",
          "client_end": "2024-10-29 23:31:06.093418",
          "http_first_byte_return": 2.252066,
          "http_startup": 0.218681,
          "initialization": 0
        }
      },
      "1e056712-dfec-47e5-b9fe-6fa9177c483b": {
        "billing": {
          "_billed_time": 1758,
          "_gb_seconds": 900096,
          "_memory": 512
        },
        "output": {
          "begin": "1730244664.249234",
          "cold_start_var": "",
          "container_id": "bac7b682",
          "end": "1730244666.003849",
          "is_cold": true,
          "request_id": "1e056712-dfec-47e5-b9fe-6fa9177c483b",
          "result": {
            "measurement": {
              "compute_time": 262341.0,
              "download_size": 2907386,
              "download_time": 176503.0,
              "upload_size": 3444,
              "upload_time": 38175.0
            }
          },
          "results_time": 0
        },
        "provider_times": {
          "execution": 1757300,
          "initialization": 145580
        },
        "request_id": "1e056712-dfec-47e5-b9fe-6fa9177c483b",
        "stats": {
          "cold_start": true,
          "failure": false,
          "memory_used": 94.0
        },
        "times": {
          "benchmark": 1754615,
          "client": 2259811,
          "client_begin": "2024-10-29 23:31:03.760536",
          "client_end": "2024-10-29 23:31:06.020347",
          "http_first_byte_return": 2.259734,
          "http_startup": 0.163075,
          "initialization": 0
        }
      },
      "215efbee-0e8c-4f04-a79c-471e69468c4d": {
        "billing": {
          "_billed_time": 1714,
          "_gb_seconds": 877568,
          "_memory": 512
        },
        "output": {
          "begin": "1730244664.345589",
          "cold_start_var": "",
          "container_id": "8cdb91ee",
          "end": "1730244666.056253",
          "is_cold": true,
          "request_id": "215efbee-0e8c-4f04-a79c-471e69468c4d",
          "result": {
            "measurement": {
              "compute_time": 260847.0,
              "download_size": 2907386,
              "download_time": 158452.0,
              "upload_size": 3444,
              "upload_time": 39811.0
            }
          },
          "results_time": 0
        },
        "provider_times": {
          "execution": 1713490,
          "initialization": 140550
        },
        "request_id": "215efbee-0e8c-4f04-a79c-471e69468c4d",
        "stats": {
          "cold_start": true,
          "failure": false,
          "memory_used": 95.0
        },
        "times": {
          "benchmark": 1710664,
          "client": 2303927,
          "client_begin": "2024-10-29 23:31:03.779099",
          "client_end": "2024-10-29 23:31:06.083026",
          "http_first_byte_return": 2.30389,
          "http_startup": 0.274164,
          "initialization": 0
        }
      },
      "269da303-7b44-4837-b80d-54848218c9eb": {
        "billing": {
          "_billed_time": 1665,
          "_gb_seconds": 852480,
          "_memory": 512
        },
        "output": {
          "begin": "1730244664.394008",
          "cold_start_var": "",
          "container_id": "a7c56372",
          "end": "1730244666.055224",
          "is_cold": true,
          "request_id": "269da303-7b44-4837-b80d-54848218c9eb",
          "result": {
            "measurement": {
              "compute_time": 258384.0,
              "download_size": 2907386,
              "download_time": 156391.0,
              "upload_size": 3444,
              "upload_time": 45338.0
            }
          },
          "results_time": 0
        },
        "provider_times": {
          "execution": 1664570,
          "initialization": 144860
        },
        "request_id": "269da303-7b44-4837-b80d-54848218c9eb",
        "stats": {
          "cold_start": true,
          "failure": false,
          "memory_used": 95.0
        },
        "times": {
          "benchmark": 1661216,
          "client": 2308238,
          "client_begin": "2024-10-29 23:31:03.767569",
          "client_end": "2024-10-29 23:31:06.075807",
          "http_first_byte_return": 2.308107,
          "http_startup": 0.276082,
          "initialization": 0
        }
      },
      "28c828ca-5e22-46c2-b8e3-0a59c6850b82": {
        "billing": {
          "_billed_time": 1642,
          "_gb_seconds": 840704,
          "_memory": 512
        },
        "output": {
          "begin": "1730244664.350274",
          "cold_start_var": "",
          "container_id": "c614558b",
          "end": "1730244665.989870",
          "is_cold": true,
          "request_id": "28c828ca-5e22-46c2-b8e3-0a59c6850b82",
          "result": {
            "measurement": {
              "compute_time": 241966.0,
              "download_size": 2907386,
              "download_time": 173262.0,
              "upload_size": 3444,
              "upload_time": 63697.0
            }
          },
          "results_time": 0
        },
        "provider_times": {
          "execution": 1641860,
          "initialization": 134420
        },
        "request_id": "28c828ca-5e22-46c2-b8e3-0a59c6850b82",
        "stats": {
          "cold_start": true,
          "failure": false,
          "memory_used": 95.0
        },
        "times": {
          "benchmark": 1639596,
          "client": 2281542,
          "client_begin": "2024-10-29 23:31:03.822148",
          "client_end": "2024-10-29 23:31:06.103690",
          "http_first_byte_return": 2.281436,
          "http_startup": 0.249592,
          "initialization": 0
        }
      },
      "29921505-2697-4e69-8a64-fe90a8893a85": {
        "billing": {
          "_billed_time": 1900,
          "_gb_seconds": 972800,
          "_memory": 512
        },
        "output": {
          "begin": "1730244664.239515",
          "cold_start_var": "",
          "container_id": "bfedf6ce",
          "end": "1730244666.134944",
          "is_cold": true,
          "request_id": "29921505-2697-4e69-8a64-fe90a8893a85",
          "result": {
            "measurement": {
              "compute_time": 260937.0,
              "download_size": 2907386,
              "download_time": 142245.0,
              "upload_size": 3444,
              "upload_time": 99451.0
            }
          },
          "results_time": 0
        },
        "provider_times": {
          "execution": 1899270,
          "initialization": 143580
        },
        "request_id": "29921505-2697-4e69-8a64-fe90a8893a85",
        "stats": {
          "cold_start": true,
          "failure": false,
          "memory_used": 95.0
        },
        "times": {
          "benchmark": 1895429,
          "client": 2378597,
          "client_begin": "2024-10-29 23:31:03.773482",
          "client_end": "2024-10-29 23:31:06.152079",
          "http_first_byte_return": 2.378559,
          "http_startup": 0.142222,
          "initialization": 0
        }
      },
      "2e2ec422-d5de-43b3-ac6d-282bd40171f6": {
        "billing": {
          "_billed_time": 1673,
          "_gb_seconds": 856576,
          "_memory": 512
        },
        "output": {
          "begin": "1730244664.376850",
          "cold_start_var": "",
          "container_id": "b8865029",
          "end": "1730244666.046998",
          "is_cold": true,
          "request_id": "2e2ec422-d5de-43b3-ac6d-282bd40171f6",
          "result": {
            "measurement": {
              "compute_time": 256332.0,
              "download_size": 2907386,
              "download_time": 180640.0,
              "upload_size": 3444,
              "upload_time": 37219.0
            }
          },
          "results_time": 0
        },
        "provider_times": {
          "execution": 1672730,
          "initialization": 149100
        },
        "request_id": "2e2ec422-d5de-43b3-ac6d-282bd40171f6",
        "stats": {
          "cold_start": true,
          "failure": false,
          "memory_used": 95.0
        },
        "times": {
          "benchmark": 1670148,
          "client": 2326774,
          "client_begin": "2024-10-29 23:31:03.776823",
          "client_end": "2024-10-29 23:31:06.103597",
          "http_first_byte_return": 2.326729,
          "http_startup": 0.295757,
          "initialization": 0
        }
      },
      "31c19f66-cea9-446c-9d84-918b5782ca37": {
        "billing": {
          "_billed_time": 1668,
          "_gb_seconds": 854016,
          "_memory": 512
        },
        "output": {
          "begin": "1730244664.407334",
          "cold_start_var": "",
          "container_id": "cd232707",
          "end": "1730244666.072413",
          "is_cold": true,
          "request_id": "31c19f66-cea9-446c-9d84-918b5782ca37",
          "result": {
            "measurement": {
              "compute_time": 257727.0,
              "download_size": 2907386,
              "download_time": 159423.0,
              "upload_size": 3444,
              "upload_time": 60353.0
            }
          },
          "results_time": 0
        },
        "provider_times": {
          "execution": 1667670,
          "initialization": 133870
        },
        "request_id": "31c19f66-cea9-446c-9d84-918b5782ca37",
        "stats": {
          "cold_start": true,
          "failure": false,
          "memory_used": 95.0
        },
        "times": {
          "benchmark": 1665079,
          "client": 2413065,
          "client_begin": "2024-10-29 23:31:03.825261",
          "client_end": "2024-10-29 23:31:06.238326",
          "http_first_byte_return": 2.412999,
          "http_startup": 0.281852,
          "initialization": 0
        }
      },
      "36760f7a-5c40-4e1e-a980-5e73e3798c92": {
        "billing": {
          "_billed_time": 1744,
          "_gb_seconds": 892928,
          "_memory": 512
        },
        "output": {
          "begin": "1730244664.434355",
          "cold_start_var": "",
          "container_id": "c5ee535e",
          "end": "1730244666.171036",
          "is_cold": true,
          "request_id": "36760f7a-5c40-4e1e-a980-5e73e3798c92",
          "result": {
            "measurement": {
              "compute_time": 242456.0,
              "download_size": 2907386,
              "download_time": 177849.0,
              "upload_size": 3444,
              "upload_time": 44121.0
            }
          },
          "results_time": 0
        },
        "provider_times": {
          "execution": 1743430,
          "initialization": 140420
        },
        "request_id": "36760f7a-5c40-4e1e-a980-5e73e3798c92",
        "stats": {
          "cold_start": true,
          "failure": false,
          "memory_used": 94.0
        },
        "times": {
          "benchmark": 1736681,
          "client": 2396306,
          "client_begin": "2024-10-29 23:31:03.851018",
          "client_end": "2024-10-29 23:31:06.247324",
          "http_first_byte_return": 2.396266,
          "http_startup": 0.279673,
          "initialization": 0
        }
      },
      "3c27e7fb-cc32-4bec-9749-71a922e713af": {
        "billing": {
          "_billed_time": 1826,
          "_gb_seconds": 934912,
          "_memory": 512
        },
        "output": {
          "begin": "1730244664.309906",
          "cold_start_var": "",
          "container_id": "c0a14ecc",
          "end": "1730244666.131444",
          "is_cold": true,
          "request_id": "3c27e7fb-cc32-4bec-9749-71a922e713af",
          "result": {
            "measurement": {
              "compute_time": 278173.0,
              "download_size": 2907386,
              "download_time": 181795.0,
              "upload_size": 3444,
              "upload_time": 49528.0
            }
          },
          "results_time": 0
        },
        "provider_times": {
          "execution": 1825220,
          "initialization": 209540
        },
        "request_id": "3c27e7fb-cc32-4bec-9749-71a922e713af",
        "stats": {
          "cold_start": true,
          "failure": false,
          "memory_used": 95.0
        },
        "times": {
          "benchmark": 1821538,
          "client": 2386926,
          "client_begin": "2024-10-29 23:31:03.763653",
          "client_end": "2024-10-29 23:31:06.150579",
          "http_first_byte_return": 2.386876,
          "http_startup": 0.16008,
          "initialization": 0
        }
      },
      "3d17099f-b100-4f3f-b228-72e2696d5362": {
        "billing": {
          "_billed_time": 1657,
          "_gb_seconds": 848384,
          "_memory": 512
        },
        "output": {
          "begin": "1730244664.424259",
          "cold_start_var": "",
          "container_id": "11da9902",
          "end": "1730244666.077478",
          "is_cold": true,
          "request_id": "3d17099f-b100-4f3f-b228-72e2696d5362",
          "result": {
            "measurement": {
              "compute_time": 259053.0,
              "download_size": 2907386,
              "download_time": 158587.0,
              "upload_size": 3444,
              "upload_time": 47920.0
            }
          },
          "results_time": 0
        },
        "provider_times": {
          "execution": 1656500,
          "initialization": 137460
        },
        "request_id": "3d17099f-b100-4f3f-b228-72e2696d5362",
        "stats": {
          "cold_start": true,
          "failure": false,
          "memory_used": 95.0
        },
        "times": {
          "benchmark": 1653219,
          "client": 2436124,
          "client_begin": "2024-10-29 23:31:03.830146",
          "client_end": "2024-10-29 23:31:06.266270",
          "http_first_byte_return": 2.436086,
          "http_startup": 0.310368,
          "initialization": 0
        }
      },
      "3e36fdca-efb6-4fa8-b34d-678b0b490324": {
        "billing": {
          "_billed_time": 1735,
          "_gb_seconds": 888320,
          "_memory": 512
        },
        "output": {
          "begin": "1730244664.371640",
          "cold_start_var": "",
          "container_id": "38f9aa51",
          "end": "1730244666.102983",
          "is_cold": true,
          "request_id": "3e36fdca-efb6-4fa8-b34d-678b0b490324",
          "result": {
            "measurement": {
              "compute_time": 260718.0,
              "download_size": 2907386,
              "download_time": 158461.0,
              "upload_size": 3444,
              "upload_time": 36093.0
            }
          },
          "results_time": 0
        },
        "provider_times": {
          "execution": 1734410,
          "initialization": 163580
        },
        "request_id": "3e36fdca-efb6-4fa8-b34d-678b0b490324",
        "stats": {
          "cold_start": true,
          "failure": false,
          "memory_used": 95.0
        },
        "times": {
          "benchmark": 1731343,
          "client": 2321786,
          "client_begin": "2024-10-29 23:31:03.798092",
          "client_end": "2024-10-29 23:31:06.119878",
          "http_first_byte_return": 2.321745,
          "http_startup": 0.248381,
          "initialization": 0
        }
      },
      "48503153-a645-49d1-82ad-3431e810445d": {
        "billing": {
          "_billed_time": 1744,
          "_gb_seconds": 892928,
          "_memory": 512
        },
        "output": {
          "begin": "1730244664.436563",
          "cold_start_var": "",
          "container_id": "f263646d",
          "end": "1730244666.176459",
          "is_cold": true,
          "request_id": "48503153-a645-49d1-82ad-3431e810445d",
          "result": {
            "measurement": {
              "compute_time": 263193.0,
              "download_size": 2907386,
              "download_time": 176776.0,
              "upload_size": 3444,
              "upload_time": 46526.0
            }
          },
          "results_time": 0
        },
        "provider_times": {
          "execution": 1743140,
          "initialization": 154670
        },
        "request_id": "48503153-a645-49d1-82ad-3431e810445d",
        "stats": {
          "cold_start": true,
          "failure": false,
          "memory_used": 95.0
        },
        "times": {
          "benchmark": 1739896,
          "client": 2405551,
          "client_begin": "2024-10-29 23:31:03.787011",
          "client_end": "2024-10-29 23:31:06.192562",
          "http_first_byte_return": 2.405506,
          "http_startup": 0.30157,
          "initialization": 0
        }
      },
      "49caf029-e0de-445e-940a-68fa9772ed20": {
        "billing": {
          "_billed_time": 1823,
          "_gb_seconds": 933376,
          "_memory": 512
        },
        "output": {
          "begin": "1730244664.416805",
          "cold_start_var": "",
          "container_id": "2d7e7749",
          "end": "1730244666.236428",
          "is_cold": true,
          "request_id": "49caf029-e0de-445e-940a-68fa9772ed20",
          "result": {
            "measurement": {
              "compute_time": 242857.0,
              "download_size": 2907386,
              "download_time": 336565.0,
              "upload_size": 3444,
              "upload_time": 69171.0
            }
          },
          "results_time": 0
        },
        "provider_times": {
          "execution": 1822510,
          "initialization": 137540
        },
        "request_id": "49caf029-e0de-445e-940a-68fa9772ed20",
        "stats": {
          "cold_start": true,
          "failure": false,
          "memory_used": 95.0
        },
        "times": {
          "benchmark": 1819623,
          "client": 2395529,
          "client_begin": "2024-10-29 23:31:03.857263",
          "client_end": "2024-10-29 23:31:06.252792",
          "http_first_byte_return": 2.395495,
          "http_startup": 0.230424,
          "initialization": 0
        }
      },
      "55a7518d-d7c2-45af-8a57-1b0fd84c9759": {
        "billing": {
          "_billed_time": 1679,
          "_gb_seconds": 859648,
          "_memory": 512
        },
        "output": {
          "begin": "1730244664.387400",
          "cold_start_var": "",
          "container_id": "3b294d8b",
          "end": "1730244666.063818",
          "is_cold": true,
          "request_id": "55a7518d-d7c2-45af-8a57-1b0fd84c9759",
          "result": {
            "measurement": {
              "compute_time": 259047.0,
              "download_size": 2907386,
              "download_time": 160561.0,
              "upload_size": 3444,
              "upload_time": 66987.0
            }
          },
          "results_time": 0
        },
        "provider_times": {
          "execution": 1678970,
          "initialization": 134130
        },
        "request_id": "55a7518d-d7c2-45af-8a57-1b0fd84c9759",
        "stats": {
          "cold_start": true,
          "failure": false,
          "memory_used": 94.0
        },
        "times": {
          "benchmark": 1676418,
          "client": 2316364,
          "client_begin": "2024-10-29 23:31:03.793025",
          "client_end": "2024-10-29 23:31:06.109389",
          "http_first_byte_return": 2.316326,
          "http_startup": 0.280869,
          "initialization": 0
        }
      },
      "5c36952f-85d8-421c-8e0c-af1854f38d86": {
        "billing": {
          "_billed_time": 1694,
          "_gb_seconds": 867328,
          "_memory": 512
        },
        "output": {
          "begin": "1730244664.350175",
          "cold_start_var": "",
          "container_id": "3b6cb5e7",
          "end": "1730244666.040215",
          "is_cold": true,
          "request_id": "5c36952f-85d8-421c-8e0c-af1854f38d86",
          "result": {
            "measurement": {
              "compute_time": 246197.0,
              "download_size": 2907386,
              "download_time": 155620.0,
              "upload_size": 3444,
              "upload_time": 57806.0
            }
          },
          "results_time": 0
        },
        "provider_times": {
          "execution": 1693200,
          "initialization": 145860
        },
        "request_id": "5c36952f-85d8-421c-8e0c-af1854f38d86",
        "stats": {
          "cold_start": true,
          "failure": false,
          "memory_used": 94.0
        },
        "times": {
          "benchmark": 1690040,
          "client": 2319074,
          "client_begin": "2024-10-29 23:31:03.770820",
          "client_end": "2024-10-29 23:31:06.089894",
          "http_first_byte_return": 2.319037,
          "http_startup": 0.27992,
          "initialization": 0
        }
      },
      "5c9a1bfe-bec6-4ba7-aedf-800ece8df2ae": {
        "billing": {
          "_billed_time": 1789,
          "_gb_seconds": 915968,
          "_memory": 512
        },
        "output": {
          "begin": "1730244664.355459",
          "cold_start_var": "",
          "container_id": "54ecbcc1",
          "end": "1730244666.141266",
          "is_cold": true,
          "request_id": "5c9a1bfe-bec6-4ba7-aedf-800ece8df2ae",
          "result": {
            "measurement": {
              "compute_time": 262063.0,
              "download_size": 2907386,
              "download_time": 159012.0,
              "upload_size": 3444,
              "upload_time": 111926.0
            }
          },
          "results_time": 0
        },
        "provider_times": {
          "execution": 1788550,
          "initialization": 138940
        },
        "request_id": "5c9a1bfe-bec6-4ba7-aedf-800ece8df2ae",
        "stats": {
          "cold_start": true,
          "failure": false,
          "memory_used": 94.0
        },
        "times": {
          "benchmark": 1785807,
          "client": 2339294,
          "client_begin": "2024-10-29 23:31:03.819047",
          "client_end": "2024-10-29 23:31:06.158341",
          "http_first_byte_return": 2.339254,
          "http_startup": 0.241271,
          "initialization": 0
        }
      },
      "60d20094-8031-4767-9839-8bf7e3987f7e": {
        "billing": {
          "_billed_time": 1685,
          "_gb_seconds": 862720,
          "_memory": 512
        },
        "output": {
          "begin": "1730244664.364944",
          "cold_start_var": "",
          "container_id": "95012ae5",
          "end": "1730244666.046725",
          "is_cold": true,
          "request_id": "60d20094-8031-4767-9839-8bf7e3987f7e",
          "result": {
            "measurement": {
              "compute_time": 260119.0,
              "download_size": 2907386,
              "download_time": 139271.0,
              "upload_size": 3444,
              "upload_time": 61138.0
            }
          },
          "results_time": 0
        },
        "provider_times": {
          "execution": 1684330,
          "initialization": 167940
        },
        "request_id": "60d20094-8031-4767-9839-8bf7e3987f7e",
        "stats": {
          "cold_start": true,
          "failure": false,
          "memory_used": 94.0
        },
        "times": {
          "benchmark": 1681781,
          "client": 2357559,
          "client_begin": "2024-10-29 23:31:03.785484",
          "client_end": "2024-10-29 23:31:06.143043",
          "http_first_byte_return": 2.357516,
          "http_startup": 0.256524,
          "initialization": 0
        }
      },
      "664ec03d-6edb-4967-affb-2e1e7c47f443": {
        "billing": {
          "_billed_time": 1756,
          "_gb_seconds": 899072,
          "_memory": 512
        },
        "output": {
          "begin": "1730244664.433095",
          "cold_start_var": "",
          "container_id": "4ff7891a",
          "end": "1730244666.185322",
          "is_cold": true,
          "request_id": "664ec03d-6edb-4967-affb-2e1e7c47f443",
          "result": {
            "measurement": {
              "compute_time": 261250.0,
              "download_size": 2907386,
              "download_time": 179117.0,
              "upload_size": 3444,
              "upload_time": 64831.0
            }
          },
          "results_time": 0
        },
        "provider_times": {
          "execution": 1755510,
          "initialization": 149010
        },
        "request_id": "664ec03d-6edb-4967-affb-2e1e7c47f443",
        "stats": {
          "cold_start": true,
          "failure": false,
          "memory_used": 95.0
        },
        "times": {
          "benchmark": 1752227,
          "client": 2405312,
          "client_begin": "2024-10-29 23:31:03.846114",
          "client_end": "2024-10-29 23:31:06.251426",
          "http_first_byte_return": 2.405276,
          "http_startup": 0.279068,
          "initialization": 0
        }
      },
      "6deceee9-02b5-4aa9-b338-6b761144dea9": {
        "billing": {
          "_billed_time": 1642,
          "_gb_seconds": 840704,
          "_memory": 512
        },
        "output": {
          "begin": "1730244664.346410",
          "cold_start_var": "",
          "container_id": "b45036f9",
          "end": "1730244665.985815",
          "is_cold": true,
          "request_id": "6deceee9-02b5-4aa9-b338-6b761144dea9",
          "result": {
            "measurement": {
              "compute_time": 260313.0,
              "download_size": 2907386,
              "download_time": 139124.0,
              "upload_size": 3444,
              "upload_time": 49052.0
            }
          },
          "results_time": 0
        },
        "provider_times": {
          "execution": 1641660,
          "initialization": 140930
        },
        "request_id": "6deceee9-02b5-4aa9-b338-6b761144dea9",
        "stats": {
          "cold_start": true,
          "failure": false,
          "memory_used": 95.0
        },
        "times": {
          "benchmark": 1639405,
          "client": 2313722,
          "client_begin": "2024-10-29 23:31:03.778785",
          "client_end": "2024-10-29 23:31:06.092507",
          "http_first_byte_return": 2.313685,
          "http_startup": 0.273256,
          "initialization": 0
        }
      },
      "71b1e0fd-8f18-49dd-ad78-61f1446bede0": {
        "billing": {
          "_billed_time": 1586,
          "_gb_seconds": 812032,
          "_memory": 512
        },
        "output": {
          "begin": "1730244664.410697",
          "cold_start_var": "",
          "container_id": "312d279a",
          "end": "1730244665.993570",
          "is_cold": true,
          "request_id": "71b1e0fd-8f18-49dd-ad78-61f1446bede0",
          "result": {
            "measurement": {
              "compute_time": 241386.0,
              "download_size": 2907386,
              "download_time": 160193.0,
              "upload_size": 3444,
              "upload_time": 54640.0
            }
          },
          "results_time": 0
        },
        "provider_times": {
          "execution": 1585300,
          "initialization": 130330
        },
        "request_id": "71b1e0fd-8f18-49dd-ad78-61f1446bede0",
        "stats": {
          "cold_start": true,
          "failure": false,
          "memory_used": 95.0
        },
        "times": {
          "benchmark": 1582873,
          "client": 2430241,
          "client_begin": "2024-10-29 23:31:03.849208",
          "client_end": "2024-10-29 23:31:06.279449",
          "http_first_byte_return": 2.430205,
          "http_startup": 0.295257,
          "initialization": 0
        }
      },
      "77d5d778-fc6d-4c17-99bf-b2e0cbb0f23f": {
        "billing": {
          "_billed_time": 1740,
          "_gb_seconds": 890880,
          "_memory": 512
        },
        "output": {
          "begin": "1730244664.421668",
          "cold_start_var": "",
          "container_id": "ca9d03b7",
          "end": "1730244666.157896",
          "is_cold": true,
          "request_id": "77d5d778-fc6d-4c17-99bf-b2e0cbb0f23f",
          "result": {
            "measurement": {
              "compute_time": 259648.0,
              "download_size": 2907386,
              "download_time": 178762.0,
              "upload_size": 3444,
              "upload_time": 74718.0
            }
          },
          "results_time": 0
        },
        "provider_times": {
          "execution": 1739190,
          "initialization": 142650
        },
        "request_id": "77d5d778-fc6d-4c17-99bf-b2e0cbb0f23f",
        "stats": {
          "cold_start": true,
          "failure": false,
          "memory_used": 95.0
        },
        "times": {
          "benchmark": 1736228,
          "client": 2399676,
          "client_begin": "2024-10-29 23:31:03.775035",
          "client_end": "2024-10-29 23:31:06.174711",
          "http_first_byte_return": 2.399634,
          "http_startup": 0.294118,
          "initialization": 0
        }
      },
      "7d783334-847f-4ae4-8d11-d7e7e128ba45": {
        "billing": {
          "_billed_time": 1841,
          "_gb_seconds": 942592,
          "_memory": 512
        },
        "output": {
          "begin": "1730244664.467609",
          "cold_start_var": "",
          "container_id": "0dc95f69",
          "end": "1730244666.304978",
          "is_cold": true,
          "request_id": "7d783334-847f-4ae4-8d11-d7e7e128ba45",
          "result": {
            "measurement": {
              "compute_time": 260844.0,
              "download_size": 2907386,
              "download_time": 218873.0,
              "upload_size": 3444,
              "upload_time": 54499.0
            }
          },
          "results_time": 0
        },
        "provider_times": {
          "execution": 1840680,
          "initialization": 147820
        },
        "request_id": "7d783334-847f-4ae4-8d11-d7e7e128ba45",
        "stats": {
          "cold_start": true,
          "failure": false,
          "memory_used": 95.0
        },
        "times": {
          "benchmark": 1837369,
          "client": 2479374,
          "client_begin": "2024-10-29 23:31:03.843026",
          "client_end": "2024-10-29 23:31:06.322400",
          "http_first_byte_return": 2.479321,
          "http_startup": 0.29956,
          "initialization": 0
        }
      },
      "7f975e73-199b-4827-8d5a-38aca74dd09a": {
        "billing": {
          "_billed_time": 1807,
          "_gb_seconds": 925184,
          "_memory": 512
        },
        "output": {
          "begin": "1730244664.452367",
          "cold_start_var": "",
          "container_id": "f5f37c21",
          "end": "1730244666.256815",
          "is_cold": true,
          "request_id": "7f975e73-199b-4827-8d5a-38aca74dd09a",
          "result": {
            "measurement": {
              "compute_time": 260941.0,
              "download_size": 2907386,
              "download_time": 178281.0,
              "upload_size": 3444,
              "upload_time": 73330.0
            }
          },
          "results_time": 0
        },
        "provider_times": {
          "execution": 1806950,
          "initialization": 151880
        },
        "request_id": "7f975e73-199b-4827-8d5a-38aca74dd09a",
        "stats": {
          "cold_start": true,
          "failure": false,
          "memory_used": 95.0
        },
        "times": {
          "benchmark": 1804448,
          "client": 2456772,
          "client_begin": "2024-10-29 23:31:03.817275",
          "client_end": "2024-10-29 23:31:06.274047",
          "http_first_byte_return": 2.456737,
          "http_startup": 0.270413,
          "initialization": 0
        }
      },
      "8a54a5bb-394a-4d3e-8584-ce08ee62604f": {
        "billing": {
          "_billed_time": 1810,
          "_gb_seconds": 926720,
          "_memory": 512
        },
        "output": {
          "begin": "1730244664.422613",
          "cold_start_var": "",
          "container_id": "8ed88442",
          "end": "1730244666.229275",
          "is_cold": true,
          "request_id": "8a54a5bb-394a-4d3e-8584-ce08ee62604f",
          "result": {
            "measurement": {
              "compute_time": 258775.0,
              "download_size": 2907386,
              "download_time": 181417.0,
              "upload_size": 3444,
              "upload_time": 61547.0
            }
          },
          "results_time": 0
        },
        "provider_times": {
          "execution": 1809010,
          "initialization": 146430
        },
        "request_id": "8a54a5bb-394a-4d3e-8584-ce08ee62604f",
        "stats": {
          "cold_start": true,
          "failure": false,
          "memory_used": 95.0
        },
        "times": {
          "benchmark": 1806662,
          "client": 2407018,
          "client_begin": "2024-10-29 23:31:03.838128",
          "client_end": "2024-10-29 23:31:06.245146",
          "http_first_byte_return": 2.40697,
          "http_startup": 0.24584,
          "initialization": 0
        }
      },
      "8d397d27-b839-485b-a8f0-17b11b1537c6": {
        "billing": {
          "_billed_time": 1827,
          "_gb_seconds": 935424,
          "_memory": 512
        },
        "output": {
          "begin": "1730244664.417272",
          "cold_start_var": "",
          "container_id": "e8504c01",
          "end": "1730244666.241006",
          "is_cold": true,
          "request_id": "8d397d27-b839-485b-a8f0-17b11b1537c6",
          "result": {
            "measurement": {
              "compute_time": 263190.0,
              "download_size": 2907386,
              "download_time": 199871.0,
              "upload_size": 3444,
              "upload_time": 52238.0
            }
          },
          "results_time": 0
        },
        "provider_times": {
          "execution": 1826110,
          "initialization": 143740
        },
        "request_id": "8d397d27-b839-485b-a8f0-17b11b1537c6",
        "stats": {
          "cold_start": true,
          "failure": false,
          "memory_used": 94.0
        },
        "times": {
          "benchmark": 1823734,
          "client": 2479435,
          "client_begin": "2024-10-29 23:31:03.778887",
          "client_end": "2024-10-29 23:31:06.258322",
          "http_first_byte_return": 2.479399,
          "http_startup": 0.308003,
          "initialization": 0
        }
      },
      "901ddc86-37d5-412f-908a-00f9ccaaae18": {
        "billing": {
          "_billed_time": 1669,
          "_gb_seconds": 854528,
          "_memory": 512
        },
        "output": {
          "begin": "1730244664.350271",
          "cold_start_var": "",
          "container_id": "bd5c6125",
          "end": "1730244666.015729",
          "is_cold": true,
          "request_id": "901ddc86-37d5-412f-908a-00f9ccaaae18",
          "result": {
            "measurement": {
              "compute_time": 261785.0,
              "download_size": 2907386,
              "download_time": 139844.0,
              "upload_size": 3444,
              "upload_time": 44212.0
            }
          },
          "results_time": 0
        },
        "provider_times": {
          "execution": 1668930,
          "initialization": 150880
        },
        "request_id": "901ddc86-37d5-412f-908a-00f9ccaaae18",
        "stats": {
          "cold_start": true,
          "failure": false,
          "memory_used": 95.0
        },
        "times": {
          "benchmark": 1665458,
          "client": 2270519,
          "client_begin": "2024-10-29 23:31:03.811028",
          "client_end": "2024-10-29 23:31:06.081547",
          "http_first_byte_return": 2.270479,
          "http_startup": 0.237985,
          "initialization": 0
        }
      },
      "95c53f08-70bd-4cdf-b75f-6d419b88f1ee": {
        "billing": {
          "_billed_time": 1759,
          "_gb_seconds": 900608,
          "_memory": 512
        },
        "output": {
          "begin": "1730244664.418351",
          "cold_start_var": "",
          "container_id": "daeff754",
          "end": "1730244666.173970",
          "is_cold": true,
          "request_id": "95c53f08-70bd-4cdf-b75f-6d419b88f1ee",
          "result": {
            "measurement": {
              "compute_time": 242135.0,
              "download_size": 2907386,
              "download_time": 194628.0,
              "upload_size": 3444,
              "upload_time": 57336.0
            }
          },
          "results_time": 0
        },
        "provider_times": {
          "execution": 1758830,
          "initialization": 147190
        },
        "request_id": "95c53f08-70bd-4cdf-b75f-6d419b88f1ee",
        "stats": {
          "cold_start": true,
          "failure": false,
          "memory_used": 95.0
        },
        "times": {
          "benchmark": 1755619,
          "client": 2442707,
          "client_begin": "2024-10-29 23:31:03.827044",
          "client_end": "2024-10-29 23:31:06.269751",
          "http_first_byte_return": 2.442673,
          "http_startup": 0.318309,
          "initialization": 0
        }
      },
      "a7d9af4d-68a6-40e8-946a-e454e8e5d737": {
        "billing": {
          "_billed_time": 1753,
          "_gb_seconds": 897536,
          "_memory": 512
        },
        "output": {
          "begin": "1730244664.422464",
          "cold_start_var": "",
          "container_id": "a7d49411",
          "end": "1730244666.163557",
          "is_cold": true,
          "request_id": "a7d9af4d-68a6-40e8-946a-e454e8e5d737",
          "result": {
            "measurement": {
              "compute_time": 259223.0,
              "download_size": 2907386,
              "download_time": 178659.0,
              "upload_size": 3444,
              "upload_time": 67646.0
            }
          },
          "results_time": 0
        },
        "provider_times": {
          "execution": 1752560,
          "initialization": 154530
        },
        "request_id": "a7d9af4d-68a6-40e8-946a-e454e8e5d737",
        "stats": {
          "cold_start": true,
          "failure": false,
          "memory_used": 95.0
        },
        "times": {
          "benchmark": 1741093,
          "client": 2378158,
          "client_begin": "2024-10-29 23:31:03.803032",
          "client_end": "2024-10-29 23:31:06.181190",
          "http_first_byte_return": 2.378127,
          "http_startup": 0.276662,
          "initialization": 0
        }
      },
      "ae6caa79-4e9e-46c7-8afc-7aad604c028f": {
        "billing": {
          "_billed_time": 1669,
          "_gb_seconds": 854528,
          "_memory": 512
        },
        "output": {
          "begin": "1730244664.417619",
          "cold_start_var": "",
          "container_id": "1746bab3",
          "end": "1730244666.083368",
          "is_cold": true,
          "request_id": "ae6caa79-4e9e-46c7-8afc-7aad604c028f",
          "result": {
            "measurement": {
              "compute_time": 260004.0,
              "download_size": 2907386,
              "download_time": 142999.0,
              "upload_size": 3444,
              "upload_time": 54707.0
            }
          },
          "results_time": 0
        },
        "provider_times": {
          "execution": 1668890,
          "initialization": 141270
        },
        "request_id": "ae6caa79-4e9e-46c7-8afc-7aad604c028f",
        "stats": {
          "cold_start": true,
          "failure": false,
          "memory_used": 95.0
        },
        "times": {
          "benchmark": 1665749,
          "client": 2321866,
          "client_begin": "2024-10-29 23:31:03.795249",
          "client_end": "2024-10-29 23:31:06.117115",
          "http_first_byte_return": 2.321828,
          "http_startup": 0.290459,
          "initialization": 0
        }
      },
      "b0ffb74c-a647-468f-a848-e3e01b9c2260": {
        "billing": {
          "_billed_time": 1834,
          "_gb_seconds": 939008,
          "_memory": 512
        },
        "output": {
          "begin": "1730244664.227184",
          "cold_start_var": "",
          "container_id": "926d1895",
          "end": "1730244666.057829",
          "is_cold": true,
          "request_id": "b0ffb74c-a647-468f-a848-e3e01b9c2260",
          "result": {
            "measurement": {
              "compute_time": 264002.0,
              "download_size": 2907386,
              "download_time": 176358.0,
              "upload_size": 3444,
              "upload_time": 59825.0
            }
          },
          "results_time": 0
        },
        "provider_times": {
          "execution": 1833890,
          "initialization": 144350
        },
        "request_id": "b0ffb74c-a647-468f-a848-e3e01b9c2260",
        "stats": {
          "cold_start": true,
          "failure": false,
          "memory_used": 95.0
        },
        "times": {
          "benchmark": 1830645,
          "client": 2313120,
          "client_begin": "2024-10-29 23:31:03.761324",
          "client_end": "2024-10-29 23:31:06.074444",
          "http_first_byte_return": 2.313053,
          "http_startup": 0.154377,
          "initialization": 0
        }
      },
      "b8f901de-fa02-43f4-8a66-2ccfa882bdf6": {
        "billing": {
          "_billed_time": 1718,
          "_gb_seconds": 879616,
          "_memory": 512
        },
        "output": {
          "begin": "1730244664.441209",
          "cold_start_var": "",
          "container_id": "c41a8ed3",
          "end": "1730244666.155011",
          "is_cold": true,
          "request_id": "b8f901de-fa02-43f4-8a66-2ccfa882bdf6",
          "result": {
            "measurement": {
              "compute_time": 259374.0,
              "download_size": 2907386,
              "download_time": 181530.0,
              "upload_size": 3444,
              "upload_time": 48707.0
            }
          },
          "results_time": 0
        },
        "provider_times": {
          "execution": 1717780,
          "initialization": 152940
        },
        "request_id": "b8f901de-fa02-43f4-8a66-2ccfa882bdf6",
        "stats": {
          "cold_start": true,
          "failure": false,
          "memory_used": 95.0
        },
        "times": {
          "benchmark": 1713802,
          "client": 2394428,
          "client_begin": "2024-10-29 23:31:03.854117",
          "client_end": "2024-10-29 23:31:06.248545",
          "http_first_byte_return": 2.394392,
          "http_startup": 0.277811,
          "initialization": 0
        }
      },
      "bb7f0d88-2441-467c-be31-ab2244f0993b": {
        "billing": {
          "_billed_time": 1691,
          "_gb_seconds": 865792,
          "_memory": 512
        },
        "output": {
          "begin": "1730244664.414736",
          "cold_start_var": "",
          "container_id": "dbc53887",
          "end": "1730244666.102874",
          "is_cold": true,
          "request_id": "bb7f0d88-2441-467c-be31-ab2244f0993b",
          "result": {
            "measurement": {
              "compute_time": 242426.0,
              "download_size": 2907386,
              "download_time": 158308.0,
              "upload_size": 3444,
              "upload_time": 118184.0
            }
          },
          "results_time": 0
        },
        "provider_times": {
          "execution": 1690420,
          "initialization": 149590
        },
        "request_id": "bb7f0d88-2441-467c-be31-ab2244f0993b",
        "stats": {
          "cold_start": true,
          "failure": false,
          "memory_used": 94.0
        },
        "times": {
          "benchmark": 1688138,
          "client": 2329541,
          "client_begin": "2024-10-29 23:31:03.789911",
          "client_end": "2024-10-29 23:31:06.119452",
          "http_first_byte_return": 2.3295,
          "http_startup": 0.291236,
          "initialization": 0
        }
      },
      "cffc2207-4dc3-4524-8e93-9fa7f7447c83": {
        "billing": {
          "_billed_time": 1677,
          "_gb_seconds": 858624,
          "_memory": 512
        },
        "output": {
          "begin": "1730244664.369503",
          "cold_start_var": "",
          "container_id": "157903ba",
          "end": "1730244666.043356",
          "is_cold": true,
          "request_id": "cffc2207-4dc3-4524-8e93-9fa7f7447c83",
          "result": {
            "measurement": {
              "compute_time": 242675.0,
              "download_size": 2907386,
              "download_time": 179926.0,
              "upload_size": 3444,
              "upload_time": 55641.0
            }
          },
          "results_time": 0
        },
        "provider_times": {
          "execution": 1676340,
          "initialization": 142070
        },
        "request_id": "cffc2207-4dc3-4524-8e93-9fa7f7447c83",
        "stats": {
          "cold_start": true,
          "failure": false,
          "memory_used": 94.0
        },
        "times": {
          "benchmark": 1673853,
          "client": 2349065,
          "client_begin": "2024-10-29 23:31:03.799059",
          "client_end": "2024-10-29 23:31:06.148124",
          "http_first_byte_return": 2.349031,
          "http_startup": 0.261319,
          "initialization": 0
        }
      },
      "d0b6f5cc-b58c-48ef-b6bf-fd69137912c4": {
        "billing": {
          "_billed_time": 1724,
          "_gb_seconds": 882688,
          "_memory": 512
        },
        "output": {
          "begin": "1730244664.388123",
          "cold_start_var": "",
          "container_id": "1c4081d8",
          "end": "1730244666.108206",
          "is_cold": true,
          "request_id": "d0b6f5cc-b58c-48ef-b6bf-fd69137912c4",
          "result": {
            "measurement": {
              "compute_time": 258688.0,
              "download_size": 2907386,
              "download_time": 194815.0,
              "upload_size": 3444,
              "upload_time": 41140.0
            }
          },
          "results_time": 0
        },
        "provider_times": {
          "execution": 1723260,
          "initialization": 132200
        },
        "request_id": "d0b6f5cc-b58c-48ef-b6bf-fd69137912c4",
        "stats": {
          "cold_start": true,
          "failure": false,
          "memory_used": 95.0
        },
        "times": {
          "benchmark": 1720083,
          "client": 2329374,
          "client_begin": "2024-10-29 23:31:03.795431",
          "client_end": "2024-10-29 23:31:06.124805",
          "http_first_byte_return": 2.329328,
          "http_startup": 0.26603,
          "initialization": 0
        }
      },
      "d1a96d08-ec32-4f9f-886d-2c99f8e4bc30": {
        "billing": {
          "_billed_time": 1866,
          "_gb_seconds": 955392,
          "_memory": 512
        },
        "output": {
          "begin": "1730244664.312164",
          "cold_start_var": "",
          "container_id": "3b02ab38",
          "end": "1730244666.174708",
          "is_cold": true,
          "request_id": "d1a96d08-ec32-4f9f-886d-2c99f8e4bc30",
          "result": {
            "measurement": {
              "compute_time": 262729.0,
              "download_size": 2907386,
              "download_time": 158547.0,
              "upload_size": 3444,
              "upload_time": 64765.0
            }
          },
          "results_time": 0
        },
        "provider_times": {
          "execution": 1865760,
          "initialization": 196570
        },
        "request_id": "d1a96d08-ec32-4f9f-886d-2c99f8e4bc30",
        "stats": {
          "cold_start": true,
          "failure": false,
          "memory_used": 95.0
        },
        "times": {
          "benchmark": 1862544,
          "client": 2428597,
          "client_begin": "2024-10-29 23:31:03.764315",
          "client_end": "2024-10-29 23:31:06.192912",
          "http_first_byte_return": 2.428558,
          "http_startup": 0.161719,
          "initialization": 0
        }
      },
      "d2717ceb-1ee7-4889-9829-1aa66e4caa4b": {
        "billing": {
          "_billed_time": 1727,
          "_gb_seconds": 884224,
          "_memory": 512
        },
        "output": {
          "begin": "1730244664.359493",
          "cold_start_var": "",
          "container_id": "88422eee",
          "end": "1730244666.082765",
          "is_cold": true,
          "request_id": "d2717ceb-1ee7-4889-9829-1aa66e4caa4b",
          "result": {
            "measurement": {
              "compute_time": 260579.0,
              "download_size": 2907386,
              "download_time": 157390.0,
              "upload_size": 3444,
              "upload_time": 44623.0
            }
          },
          "results_time": 0
        },
        "provider_times": {
          "execution": 1726240,
          "initialization": 139420
        },
        "request_id": "d2717ceb-1ee7-4889-9829-1aa66e4caa4b",
        "stats": {
          "cold_start": true,
          "failure": false,
          "memory_used": 94.0
        },
        "times": {
          "benchmark": 1723272,
          "client": 2327926,
          "client_begin": "2024-10-29 23:31:03.771154",
          "client_end": "2024-10-29 23:31:06.099080",
          "http_first_byte_return": 2.327886,
          "http_startup": 0.294424,
          "initialization": 0
        }
      },
      "d6b3d9d5-c299-4002-8045-22f732d2caa3": {
        "billing": {
          "_billed_time": 1690,
          "_gb_seconds": 865280,
          "_memory": 512
        },
        "output": {
          "begin": "1730244664.372704",
          "cold_start_var": "",
          "container_id": "e2ec2fd5",
          "end": "1730244666.059385",
          "is_cold": true,
          "request_id": "d6b3d9d5-c299-4002-8045-22f732d2caa3",
          "result": {
            "measurement": {
              "compute_time": 258594.0,
              "download_size": 2907386,
              "download_time": 156761.0,
              "upload_size": 3444,
              "upload_time": 46159.0
            }
          },
          "results_time": 0
        },
        "provider_times": {
          "execution": 1689970,
          "initialization": 134380
        },
        "request_id": "d6b3d9d5-c299-4002-8045-22f732d2caa3",
        "stats": {
          "cold_start": true,
          "failure": false,
          "memory_used": 95.0
        },
        "times": {
          "benchmark": 1686681,
          "client": 2309055,
          "client_begin": "2024-10-29 23:31:03.783036",
          "client_end": "2024-10-29 23:31:06.092091",
          "http_first_byte_return": 2.309018,
          "http_startup": 0.270404,
          "initialization": 0
        }
      },
      "e0fce673-4e02-4d40-a219-1364d0101172": {
        "billing": {
          "_billed_time": 1761,
          "_gb_seconds": 901632,
          "_memory": 512
        },
        "output": {
          "begin": "1730244664.403741",
          "cold_start_var": "",
          "container_id": "5b4c39bb",
          "end": "1730244666.160606",
          "is_cold": true,
          "request_id": "e0fce673-4e02-4d40-a219-1364d0101172",
          "result": {
            "measurement": {
              "compute_time": 259976.0,
              "download_size": 2907386,
              "download_time": 160683.0,
              "upload_size": 3444,
              "upload_time": 85580.0
            }
          },
          "results_time": 0
        },
        "provider_times": {
          "execution": 1760330,
          "initialization": 161520
        },
        "request_id": "e0fce673-4e02-4d40-a219-1364d0101172",
        "stats": {
          "cold_start": true,
          "failure": false,
          "memory_used": 95.0
        },
        "times": {
          "benchmark": 1756865,
          "client": 2370936,
          "client_begin": "2024-10-29 23:31:03.807133",
          "client_end": "2024-10-29 23:31:06.178069",
          "http_first_byte_return": 2.370899,
          "http_startup": 0.271733,
          "initialization": 0
        }
      },
      "e356cf6a-88da-4903-aa4f-8772274bb7fd": {
        "billing": {
          "_billed_time": 1823,
          "_gb_seconds": 933376,
          "_memory": 512
        },
        "output": {
          "begin": "1730244664.421721",
          "cold_start_var": "",
          "container_id": "ad9e5268",
          "end": "1730244666.241274",
          "is_cold": true,
          "request_id": "e356cf6a-88da-4903-aa4f-8772274bb7fd",
          "result": {
            "measurement": {
              "compute_time": 265635.0,
              "download_size": 2907386,
              "download_time": 177670.0,
              "upload_size": 3444,
              "upload_time": 73314.0
            }
          },
          "results_time": 0
        },
        "provider_times": {
          "execution": 1822190,
          "initialization": 156590
        },
        "request_id": "e356cf6a-88da-4903-aa4f-8772274bb7fd",
        "stats": {
          "cold_start": true,
          "failure": false,
          "memory_used": 95.0
        },
        "times": {
          "benchmark": 1819553,
          "client": 2398630,
          "client_begin": "2024-10-29 23:31:03.859012",
          "client_end": "2024-10-29 23:31:06.257642",
          "http_first_byte_return": 2.398593,
          "http_startup": 0.215624,
          "initialization": 0
        }
      },
      "e9320614-3154-43ee-a9d0-3a1c464b3170": {
        "billing": {
          "_billed_time": 1862,
          "_gb_seconds": 953344,
          "_memory": 512
        },
        "output": {
          "begin": "1730244664.408093",
          "cold_start_var": "",
          "container_id": "9e37fc29",
          "end": "1730244666.266486",
          "is_cold": true,
          "request_id": "e9320614-3154-43ee-a9d0-3a1c464b3170",
          "result": {
            "measurement": {
              "compute_time": 261251.0,
              "download_size": 2907386,
              "download_time": 198133.0,
              "upload_size": 3444,
              "upload_time": 41582.0
            }
          },
          "results_time": 0
        },
        "provider_times": {
          "execution": 1861740,
          "initialization": 167720
        },
        "request_id": "e9320614-3154-43ee-a9d0-3a1c464b3170",
        "stats": {
          "cold_start": true,
          "failure": false,
          "memory_used": 94.0
        },
        "times": {
          "benchmark": 1858393,
          "client": 2487241,
          "client_begin": "2024-10-29 23:31:03.798183",
          "client_end": "2024-10-29 23:31:06.285424",
          "http_first_byte_return": 2.487207,
          "http_startup": 0.28497,
          "initialization": 0
        }
      },
      "f05a0d8e-9148-4d35-b3ff-79e640878260": {
        "billing": {
          "_billed_time": 1678,
          "_gb_seconds": 859136,
          "_memory": 512
        },
        "output": {
          "begin": "1730244664.345779",
          "cold_start_var": "",
          "container_id": "fb73afdd",
          "end": "1730244666.020263",
          "is_cold": true,
          "request_id": "f05a0d8e-9148-4d35-b3ff-79e640878260",
          "result": {
            "measurement": {
              "compute_time": 259032.0,
              "download_size": 2907386,
              "download_time": 159637.0,
              "upload_size": 3444,
              "upload_time": 41222.0
            }
          },
          "results_time": 0
        },
        "provider_times": {
          "execution": 1677040,
          "initialization": 136560
        },
        "request_id": "f05a0d8e-9148-4d35-b3ff-79e640878260",
        "stats": {
          "cold_start": true,
          "failure": false,
          "memory_used": 94.0
        },
        "times": {
          "benchmark": 1674484,
          "client": 2267534,
          "client_begin": "2024-10-29 23:31:03.808195",
          "client_end": "2024-10-29 23:31:06.075729",
          "http_first_byte_return": 2.267485,
          "http_startup": 0.232297,
          "initialization": 0
        }
      },
      "f0db5a36-ca2e-4304-b7ba-79911d12fc7b": {
        "billing": {
          "_billed_time": 1810,
          "_gb_seconds": 926720,
          "_memory": 512
        },
        "output": {
          "begin": "1730244664.345729",
          "cold_start_var": "",
          "container_id": "76dd4259",
          "end": "1730244666.152229",
          "is_cold": true,
          "request_id": "f0db5a36-ca2e-4304-b7ba-79911d12fc7b",
          "result": {
            "measurement": {
              "compute_time": 264805.0,
              "download_size": 2907386,
              "download_time": 188792.0,
              "upload_size": 3444,
              "upload_time": 56414.0
            }
          },
          "results_time": 0
        },
        "provider_times": {
          "execution": 1809130,
          "initialization": 147330
        },
        "request_id": "f0db5a36-ca2e-4304-b7ba-79911d12fc7b",
        "stats": {
          "cold_start": true,
          "failure": false,
          "memory_used": 94.0
        },
        "times": {
          "benchmark": 1806500,
          "client": 2395400,
          "client_begin": "2024-10-29 23:31:03.773533",
          "client_end": "2024-10-29 23:31:06.168933",
          "http_first_byte_return": 2.395363,
          "http_startup": 0.277216,
          "initialization": 0
        }
      },
      "f9b4b1b8-5951-44a0-b1ad-7d897151e048": {
        "billing": {
          "_billed_time": 1706,
          "_gb_seconds": 873472,
          "_memory": 512
        },
        "output": {
          "begin": "1730244664.339257",
          "cold_start_var": "",
          "container_id": "bda12a0a",
          "end": "1730244666.040777",
          "is_cold": true,
          "request_id": "f9b4b1b8-5951-44a0-b1ad-7d897151e048",
          "result": {
            "measurement": {
              "compute_time": 255131.0,
              "download_size": 2907386,
              "download_time": 164325.0,
              "upload_size": 3444,
              "upload_time": 118230.0
            }
          },
          "results_time": 0
        },
        "provider_times": {
          "execution": 1705220,
          "initialization": 133450
        },
        "request_id": "f9b4b1b8-5951-44a0-b1ad-7d897151e048",
        "stats": {
          "cold_start": true,
          "failure": false,
          "memory_used": 95.0
        },
        "times": {
          "benchmark": 1701520,
          "client": 2250224,
          "client_begin": "2024-10-29 23:31:03.841233",
          "client_end": "2024-10-29 23:31:06.091457",
          "http_first_byte_return": 2.250175,
          "http_startup": 0.19858,
          "initialization": 0
        }
      },
      "fe65745c-9f30-467b-bd30-f9810ebad394": {
        "billing": {
          "_billed_time": 1707,
          "_gb_seconds": 873984,
          "_memory": 512
        },
        "output": {
          "begin": "1730244664.390740",
          "cold_start_var": "",
          "container_id": "65247610",
          "end": "1730244666.094197",
          "is_cold": true,
          "request_id": "fe65745c-9f30-467b-bd30-f9810ebad394",
          "result": {
            "measurement": {
              "compute_time": 241939.0,
              "download_size": 2907386,
              "download_time": 197103.0,
              "upload_size": 3444,
              "upload_time": 53511.0
            }
          },
          "results_time": 0
        },
        "provider_times": {
          "execution": 1706050,
          "initialization": 149070
        },
        "request_id": "fe65745c-9f30-467b-bd30-f9810ebad394",
        "stats": {
          "cold_start": true,
          "failure": false,
          "memory_used": 95.0
        },
        "times": {
          "benchmark": 1703457,
          "client": 2280387,
          "client_begin": "2024-10-29 23:31:03.835027",
          "client_end": "2024-10-29 23:31:06.115414",
          "http_first_byte_return": 2.280347,
          "http_startup": 0.249848,
          "initialization": 0
        }
      },
      "fec63114-21c2-428c-9cb2-d6c1ae37826a": {
        "billing": {
          "_billed_time": 1711,
          "_gb_seconds": 876032,
          "_memory": 512
        },
        "output": {
          "begin": "1730244664.344945",
          "cold_start_var": "",
          "container_id": "3051815d",
          "end": "1730244666.053279",
          "is_cold": true,
          "request_id": "fec63114-21c2-428c-9cb2-d6c1ae37826a",
          "result": {
            "measurement": {
              "compute_time": 262883.0,
              "download_size": 2907386,
              "download_time": 139328.0,
              "upload_size": 3444,
              "upload_time": 76908.0
            }
          },
          "results_time": 0
        },
        "provider_times": {
          "execution": 1710620,
          "initialization": 145040
        },
        "request_id": "fec63114-21c2-428c-9cb2-d6c1ae37826a",
        "stats": {
          "cold_start": true,
          "failure": false,
          "memory_used": 95.0
        },
        "times": {
          "benchmark": 1708334,
          "client": 2268039,
          "client_begin": "2024-10-29 23:31:03.814160",
          "client_end": "2024-10-29 23:31:06.082199",
          "http_first_byte_return": 2.267996,
          "http_startup": 0.238752,
          "initialization": 0
        }
      },
      "ffc90e4c-fe4e-442f-8be4-42c94c869520": {
        "billing": {
          "_billed_time": 1721,
          "_gb_seconds": 881152,
          "_memory": 512
        },
        "output": {
          "begin": "1730244664.429278",
          "cold_start_var": "",
          "container_id": "00ac607d",
          "end": "1730244666.147118",
          "is_cold": true,
          "request_id": "ffc90e4c-fe4e-442f-8be4-42c94c869520",
          "result": {
            "measurement": {
              "compute_time": 260561.0,
              "download_size": 2907386,
              "download_time": 156624.0,
              "upload_size": 3444,
              "upload_time": 38806.0
            }
          },
          "results_time": 0
        },
        "provider_times": {
          "execution": 1720700,
          "initialization": 155310
        },
        "request_id": "ffc90e4c-fe4e-442f-8be4-42c94c869520",
        "stats": {
          "cold_start": true,
          "failure": false,
          "memory_used": 95.0
        },
        "times": {
          "benchmark": 1717840,
          "client": 2381666,
          "client_begin": "2024-10-29 23:31:03.782223",
          "client_end": "2024-10-29 23:31:06.163889",
          "http_first_byte_return": 2.381628,
          "http_startup": 0.298148,
          "initialization": 0
        }
      }
    }
  },
  "_metrics": {
    "210_thumbnailer_python_3_8": {}
  },
  "begin_time": 1730244641.022564,
  "config": {
    "deployment": {
      "credentials": {
        "account_id": "314211295665"
      },
      "name": "aws",
      "region": "us-east-1",
      "resources": {
        "http-apis": {
          "120_uploader_python_3_8-http-api": {
            "arn": "arn:aws:execute-api:us-east-1:314211295665:orle8njuxg",
            "endpoint": "https://orle8njuxg.execute-api.us-east-1.amazonaws.com"
          },
          "210_thumbnailer_python_3_8-http-api": {
            "arn": "arn:aws:execute-api:us-east-1:314211295665:1owsl69vx2",
            "endpoint": "https://1owsl69vx2.execute-api.us-east-1.amazonaws.com"
          }
        },
        "lambda-role": "arn:aws:iam::314211295665:role/sebs-lambda-role"
      }
    },
    "experiments": {
      "architecture": "x86_64",
      "download_results": true,
      "experiments": {},
      "flags": {},
      "runtime": {
        "language": "python",
        "version": "3.8"
      },
      "update_code": false,
      "update_storage": false
    }
  },
  "end_time": 1730244671.324224,
  "result_bucket": null,
  "statistics": {
    "cold_count": 50,
    "failures": [],
    "failures_count": 0,
    "incorrect": [],
    "incorrect_count": 0,
    "samples_generated": 50
  }
}