{
  "_invocations": {
    "210_thumbnailer_python_3_8": {
      "0425f717-bb59-4d31-97f3-97210933145e": {
        "billing": {
          "_billed_time": 3855,
          "_gb_seconds": 986880,
          "_memory": 256
        },
        "output": {
          "begin": "1730244603.448284",
          "cold_start_var": "",
          "container_id": "dcf05422",
          "end": "1730244607.300612",
          "is_cold": true,
          "request_id": "0425f717-bb59-4d31-97f3-97210933145e",
          "result": {
            "measurement": {
              "compute_time": 522887.0,
              "download_size": 2907386,
              "download_time": 318418.0,
              "upload_size": 3444,
              "upload_time": 97568.0
            }
          },
          "results_time": 0
        },
        "provider_times": {
          "execution": 3854920,
          "initialization": 170790
        },
        "request_id": "0425f717-bb59-4d31-97f3-97210933145e",
        "stats": {
          "cold_start": true,
          "failure": false,
          "memory_used": 95.0
        },
        "times": {
          "benchmark": 3852328,
          "client": 4424710,
          "client_begin": "2024-10-29 23:30:02.893313",
          "client_end": "2024-10-29 23:30:07.318023",
          "http_first_byte_return": 4.424645,
          "http_startup": 0.234113,
          "initialization": 0
        }
      },
      "080fb3f1-e5f5-4aba-bc81-c5ffe02169ee": {
        "billing": {
          "_billed_time": 3514,
          "_gb_seconds": 899584,
          "_memory": 256
        },
        "output": {
          "begin": "1730244603.411540",
          "cold_start_var": "",
          "container_id": "66017316",
          "end": "1730244606.922416",
          "is_cold": true,
          "request_id": "080fb3f1-e5f5-4aba-bc81-c5ffe02169ee",
          "result": {
            "measurement": {
              "compute_time": 519708.0,
              "download_size": 2907386,
              "download_time": 380025.0,
              "upload_size": 3444,
              "upload_time": 76287.0
            }
          },
          "results_time": 0
        },
        "provider_times": {
          "execution": 3513980,
          "initialization": 144880
        },
        "request_id": "080fb3f1-e5f5-4aba-bc81-c5ffe02169ee",
        "stats": {
          "cold_start": true,
          "failure": false,
          "memory_used": 95.0
        },
        "times": {
          "benchmark": 3510876,
          "client": 4365098,
          "client_begin": "2024-10-29 23:30:02.818496",
          "client_end": "2024-10-29 23:30:07.183594",
          "http_first_byte_return": 4.365058,
          "http_startup": 0.304719,
          "initialization": 0
        }
      },
      "1eee351e-613a-4b79-95db-0cdd7e7b1fea": {
        "billing": {
          "_billed_time": 3692,
          "_gb_seconds": 945152,
          "_memory": 256
        },
        "output": {
          "begin": "1730244603.292678",
          "cold_start_var": "",
          "container_id": "680636c4",
          "end": "1730244606.981977",
          "is_cold": true,
          "request_id": "1eee351e-613a-4b79-95db-0cdd7e7b1fea",
          "result": {
            "measurement": {
              "compute_time": 519948.0,
              "download_size": 2907386,
              "download_time": 358352.0,
              "upload_size": 3444,
              "upload_time": 72486.0
            }
          },
          "results_time": 0
        },
        "provider_times": {
          "execution": 3691790,
          "initialization": 155970
        },
        "request_id": "1eee351e-613a-4b79-95db-0cdd7e7b1fea",
        "stats": {
          "cold_start": true,
          "failure": false,
          "memory_used": 95.0
        },
        "times": {
          "benchmark": 3689299,
          "client": 4226560,
          "client_begin": "2024-10-29 23:30:02.802639",
          "client_end": "2024-10-29 23:30:07.029199",
          "http_first_byte_return": 4.226516,
          "http_startup": 0.193036,
          "initialization": 0
        }
      },
      "2099e5cf-aad7-4135-a3d7-2380e2bf705c": {
        "billing": {
          "_billed_time": 3276,
          "_gb_seconds": 838656,
          "_memory": 256
        },
        "output": {
          "begin": "1730244603.357226",
          "cold_start_var": "",
          "container_id": "285780a2",
          "end": "1730244606.630057",
          "is_cold": true,
          "request_id": "2099e5cf-aad7-4135-a3d7-2380e2bf705c",
          "result": {
            "measurement": {
              "compute_time": 440634.0,
              "download_size": 2907386,
              "download_time": 318637.0,
              "upload_size": 3444,
              "upload_time": 67214.0
            }
          },
          "results_time": 0
        },
        "provider_times": {
          "execution": 3275670,
          "initialization": 123220
        },
        "request_id": "2099e5cf-aad7-4135-a3d7-2380e2bf705c",
        "stats": {
          "cold_start": true,
          "failure": false,
          "memory_used": 94.0
        },
        "times": {
          "benchmark": 3272831,
          "client": 4307096,
          "client_begin": "2024-10-29 23:30:02.779053",
          "client_end": "2024-10-29 23:30:07.086149",
          "http_first_byte_return": 4.307057,
          "http_startup": 0.276705,
          "initialization": 0
        }
      },
      "21b87b7b-40df-4081-a2ca-e357d2ae04a0": {
        "billing": {
          "_billed_time": 3680,
          "_gb_seconds": 942080,
          "_memory": 256
        },
        "output": {
          "begin": "1730244603.457980",
          "cold_start_var": "",
          "container_id": "3d526b83",
          "end": "1730244607.133830",
          "is_cold": true,
          "request_id": "21b87b7b-40df-4081-a2ca-e357d2ae04a0",
          "result": {
            "measurement": {
              "compute_time": 540418.0,
              "download_size": 2907386,
              "download_time": 376554.0,
              "upload_size": 3444,
              "upload_time": 59614.0
            }
          },
          "results_time": 0
        },
        "provider_times": {
          "execution": 3679090,
          "initialization": 157380
        },
        "request_id": "21b87b7b-40df-4081-a2ca-e357d2ae04a0",
        "stats": {
          "cold_start": true,
          "failure": false,
          "memory_used": 95.0
        },
        "times": {
          "benchmark": 3675850,
          "client": 4281017,
          "client_begin": "2024-10-29 23:30:02.890133",
          "client_end": "2024-10-29 23:30:07.171150",
          "http_first_byte_return": 4.280918,
          "http_startup": 0.24828,
          "initialization": 0
        }
      },
      "2555ab75-056b-4b81-964c-80289151243e": {
        "billing": {
          "_billed_time": 3495,
          "_gb_seconds": 894720,
          "_memory": 256
        },
        "output": {
          "begin": "1730244603.365301",
          "cold_start_var": "",
          "container_id": "f9ca3eb1",
          "end": "1730244606.856843",
          "is_cold": true,
          "request_id": "2555ab75-056b-4b81-964c-80289151243e",
          "result": {
            "measurement": {
              "compute_time": 521314.0,
              "download_size": 2907386,
              "download_time": 318437.0,
              "upload_size": 3444,
              "upload_time": 77430.0
            }
          },
          "results_time": 0
        },
        "provider_times": {
          "execution": 3494670,
          "initialization": 136910
        },
        "request_id": "2555ab75-056b-4b81-964c-80289151243e",
        "stats": {
          "cold_start": true,
          "failure": false,
          "memory_used": 94.0
        },
        "times": {
          "benchmark": 3491542,
          "client": 4290204,
          "client_begin": "2024-10-29 23:30:02.786198",
          "client_end": "2024-10-29 23:30:07.076402",
          "http_first_byte_return": 4.290166,
          "http_startup": 0.257599,
          "initialization": 0
        }
      },
      "268e00f6-4642-4758-a255-a16494e260c4": {
        "billing": {
          "_billed_time": 3611,
          "_gb_seconds": 924416,
          "_memory": 256
        },
        "output": {
          "begin": "1730244603.411213",
          "cold_start_var": "",
          "container_id": "321582ce",
          "end": "1730244607.007874",
          "is_cold": true,
          "request_id": "268e00f6-4642-4758-a255-a16494e260c4",
          "result": {
            "measurement": {
              "compute_time": 538414.0,
              "download_size": 2907386,
              "download_time": 319805.0,
              "upload_size": 3444,
              "upload_time": 67158.0
            }
          },
          "results_time": 0
        },
        "provider_times": {
          "execution": 3610420,
          "initialization": 139400
        },
        "request_id": "268e00f6-4642-4758-a255-a16494e260c4",
        "stats": {
          "cold_start": true,
          "failure": false,
          "memory_used": 95.0
        },
        "times": {
          "benchmark": 3596661,
          "client": 4328504,
          "client_begin": "2024-10-29 23:30:02.827035",
          "client_end": "2024-10-29 23:30:07.155539",
          "http_first_byte_return": 4.328467,
          "http_startup": 0.285903,
          "initialization": 0
        }
      },
      "2931a974-4640-46b7-bc31-014f5ce1cb55": {
        "billing": {
          "_billed_time": 3546,
          "_gb_seconds": 907776,
          "_memory": 256
        },
        "output": {
          "begin": "1730244603.332257",
          "cold_start_var": "",
          "container_id": "3eb47f73",
          "end": "1730244606.874305",
          "is_cold": true,
          "request_id": "2931a974-4640-46b7-bc31-014f5ce1cb55",
          "result": {
            "measurement": {
              "compute_time": 501542.0,
              "download_size": 2907386,
              "download_time": 358393.0,
              "upload_size": 3444,
              "upload_time": 81570.0
            }
          },
          "results_time": 0
        },
        "provider_times": {
          "execution": 3545630,
          "initialization": 168060
        },
        "request_id": "2931a974-4640-46b7-bc31-014f5ce1cb55",
        "stats": {
          "cold_start": true,
          "failure": false,
          "memory_used": 94.0
        },
        "times": {
          "benchmark": 3542048,
          "client": 4246846,
          "client_begin": "2024-10-29 23:30:02.782821",
          "client_end": "2024-10-29 23:30:07.029667",
          "http_first_byte_return": 4.246799,
          "http_startup": 0.216943,
          "initialization": 0
        }
      },
      "29e85508-f3b4-4f29-ad4d-6c5fa6a61719": {
        "billing": {
          "_billed_time": 3653,
          "_gb_seconds": 935168,
          "_memory": 256
        },
        "output": {
          "begin": "1730244603.560725",
          "cold_start_var": "",
          "container_id": "e8986e8e",
          "end": "1730244607.210719",
          "is_cold": true,
          "request_id": "29e85508-f3b4-4f29-ad4d-6c5fa6a61719",
          "result": {
            "measurement": {
              "compute_time": 522882.0,
              "download_size": 2907386,
              "download_time": 338042.0,
              "upload_size": 3444,
              "upload_time": 83465.0
            }
          },
          "results_time": 0
        },
        "provider_times": {
          "execution": 3652820,
          "initialization": 207800
        },
        "request_id": "29e85508-f3b4-4f29-ad4d-6c5fa6a61719",
        "stats": {
          "cold_start": true,
          "failure": false,
          "memory_used": 94.0
        },
        "times": {
          "benchmark": 3649994,
          "client": 4343948,
          "client_begin": "2024-10-29 23:30:02.883624",
          "client_end": "2024-10-29 23:30:07.227572",
          "http_first_byte_return": 4.343906,
          "http_startup": 0.258048,
          "initialization": 0
        }
      },
      "2c5d5180-02fa-4975-8b7c-4645d0e531da": {
        "billing": {
          "_billed_time": 3617,
          "_gb_seconds": 925952,
          "_memory": 256
        },
        "output": {
          "begin": "1730244603.298137",
          "cold_start_var": "",
          "container_id": "e3a56b43",
          "end": "1730244606.911476",
          "is_cold": true,
          "request_id": "2c5d5180-02fa-4975-8b7c-4645d0e531da",
          "result": {
            "measurement": {
              "compute_time": 501873.0,
              "download_size": 2907386,
              "download_time": 378129.0,
              "upload_size": 3444,
              "upload_time": 96976.0
            }
          },
          "results_time": 0
        },
        "provider_times": {
          "execution": 3616610,
          "initialization": 145900
        },
        "request_id": "2c5d5180-02fa-4975-8b7c-4645d0e531da",
        "stats": {
          "cold_start": true,
          "failure": false,
          "memory_used": 95.0
        },
        "times": {
          "benchmark": 3613339,
          "client": 4274819,
          "client_begin": "2024-10-29 23:30:02.788485",
          "client_end": "2024-10-29 23:30:07.063304",
          "http_first_byte_return": 4.274771,
          "http_startup": 0.223823,
          "initialization": 0
        }
      },
      "2df3f497-8208-4ff8-aad8-34e5d94f6830": {
        "billing": {
          "_billed_time": 3627,
          "_gb_seconds": 928512,
          "_memory": 256
        },
        "output": {
          "begin": "1730244603.385220",
          "cold_start_var": "",
          "container_id": "94f5a193",
          "end": "1730244607.008341",
          "is_cold": true,
          "request_id": "2df3f497-8208-4ff8-aad8-34e5d94f6830",
          "result": {
            "measurement": {
              "compute_time": 502120.0,
              "download_size": 2907386,
              "download_time": 338420.0,
              "upload_size": 3444,
              "upload_time": 97788.0
            }
          },
          "results_time": 0
        },
        "provider_times": {
          "execution": 3626440,
          "initialization": 146560
        },
        "request_id": "2df3f497-8208-4ff8-aad8-34e5d94f6830",
        "stats": {
          "cold_start": true,
          "failure": false,
          "memory_used": 95.0
        },
        "times": {
          "benchmark": 3623121,
          "client": 4277621,
          "client_begin": "2024-10-29 23:30:02.805406",
          "client_end": "2024-10-29 23:30:07.083027",
          "http_first_byte_return": 4.277568,
          "http_startup": 0.245827,
          "initialization": 0
        }
      },
      "3176a14a-f34b-47df-ada7-cd74c2addb9f": {
        "billing": {
          "_billed_time": 3731,
          "_gb_seconds": 955136,
          "_memory": 256
        },
        "output": {
          "begin": "1730244603.381947",
          "cold_start_var": "",
          "container_id": "a212b91a",
          "end": "1730244607.106606",
          "is_cold": true,
          "request_id": "3176a14a-f34b-47df-ada7-cd74c2addb9f",
          "result": {
            "measurement": {
              "compute_time": 522725.0,
              "download_size": 2907386,
              "download_time": 338250.0,
              "upload_size": 3444,
              "upload_time": 93823.0
            }
          },
          "results_time": 0
        },
        "provider_times": {
          "execution": 3730270,
          "initialization": 141810
        },
        "request_id": "3176a14a-f34b-47df-ada7-cd74c2addb9f",
        "stats": {
          "cold_start": true,
          "failure": false,
          "memory_used": 94.0
        },
        "times": {
          "benchmark": 3724659,
          "client": 4262897,
          "client_begin": "2024-10-29 23:30:02.883266",
          "client_end": "2024-10-29 23:30:07.146163",
          "http_first_byte_return": 4.262857,
          "http_startup": 0.227507,
          "initialization": 0
        }
      },
      "3894d867-d641-4d04-9e79-28c25624ee27": {
        "billing": {
          "_billed_time": 3473,
          "_gb_seconds": 889088,
          "_memory": 256
        },
        "output": {
          "begin": "1730244603.331997",
          "cold_start_var": "",
          "container_id": "1f728291",
          "end": "1730244606.801731",
          "is_cold": true,
          "request_id": "3894d867-d641-4d04-9e79-28c25624ee27",
          "result": {
            "measurement": {
              "compute_time": 501743.0,
              "download_size": 2907386,
              "download_time": 298535.0,
              "upload_size": 3444,
              "upload_time": 78141.0
            }
          },
          "results_time": 0
        },
        "provider_times": {
          "execution": 3472960,
          "initialization": 134660
        },
        "request_id": "3894d867-d641-4d04-9e79-28c25624ee27",
        "stats": {
          "cold_start": true,
          "failure": false,
          "memory_used": 95.0
        },
        "times": {
          "benchmark": 3469734,
          "client": 4270533,
          "client_begin": "2024-10-29 23:30:02.810273",
          "client_end": "2024-10-29 23:30:07.080806",
          "http_first_byte_return": 4.270493,
          "http_startup": 0.238497,
          "initialization": 0
        }
      },
      "4178d0a6-c50c-40d0-99a9-e430042c71c8": {
        "billing": {
          "_billed_time": 3496,
          "_gb_seconds": 894976,
          "_memory": 256
        },
        "output": {
          "begin": "1730244603.425874",
          "cold_start_var": "",
          "container_id": "6145fc9c",
          "end": "1730244606.918895",
          "is_cold": true,
          "request_id": "4178d0a6-c50c-40d0-99a9-e430042c71c8",
          "result": {
            "measurement": {
              "compute_time": 482673.0,
              "download_size": 2907386,
              "download_time": 318664.0,
              "upload_size": 3444,
              "upload_time": 102641.0
            }
          },
          "results_time": 0
        },
        "provider_times": {
          "execution": 3495440,
          "initialization": 134550
        },
        "request_id": "4178d0a6-c50c-40d0-99a9-e430042c71c8",
        "stats": {
          "cold_start": true,
          "failure": false,
          "memory_used": 95.0
        },
        "times": {
          "benchmark": 3493021,
          "client": 4273971,
          "client_begin": "2024-10-29 23:30:02.883802",
          "client_end": "2024-10-29 23:30:07.157773",
          "http_first_byte_return": 4.273936,
          "http_startup": 0.241838,
          "initialization": 0
        }
      },
      "44c129fe-dc0e-4e76-8d23-7601b40f788a": {
        "billing": {
          "_billed_time": 3681,
          "_gb_seconds": 942336,
          "_memory": 256
        },
        "output": {
          "begin": "1730244603.444230",
          "cold_start_var": "",
          "container_id": "dfee4556",
          "end": "1730244607.121361",
          "is_cold": true,
          "request_id": "44c129fe-dc0e-4e76-8d23-7601b40f788a",
          "result": {
            "measurement": {
              "compute_time": 520741.0,
              "download_size": 2907386,
              "download_time": 319510.0,
              "upload_size": 3444,
              "upload_time": 91324.0
            }
          },
          "results_time": 0
        },
        "provider_times": {
          "execution": 3680940,
          "initialization": 176650
        },
        "request_id": "44c129fe-dc0e-4e76-8d23-7601b40f788a",
        "stats": {
          "cold_start": true,
          "failure": false,
          "memory_used": 95.0
        },
        "times": {
          "benchmark": 3677131,
          "client": 4311728,
          "client_begin": "2024-10-29 23:30:02.883755",
          "client_end": "2024-10-29 23:30:07.195483",
          "http_first_byte_return": 4.311686,
          "http_startup": 0.235587,
          "initialization": 0
        }
      },
      "4742134a-c652-4751-8183-5ac63f710564": {
        "billing": {
          "_billed_time": 3545,
          "_gb_seconds": 907520,
          "_memory": 256
        },
        "output": {
          "begin": "1730244603.457179",
          "cold_start_var": "",
          "container_id": "7654b609",
          "end": "1730244606.998183",
          "is_cold": true,
          "request_id": "4742134a-c652-4751-8183-5ac63f710564",
          "result": {
            "measurement": {
              "compute_time": 501501.0,
              "download_size": 2907386,
              "download_time": 378503.0,
              "upload_size": 3444,
              "upload_time": 111239.0
            }
          },
          "results_time": 0
        },
        "provider_times": {
          "execution": 3544100,
          "initialization": 163860
        },
        "request_id": "4742134a-c652-4751-8183-5ac63f710564",
        "stats": {
          "cold_start": true,
          "failure": false,
          "memory_used": 94.0
        },
        "times": {
          "benchmark": 3541004,
          "client": 4293868,
          "client_begin": "2024-10-29 23:30:02.883569",
          "client_end": "2024-10-29 23:30:07.177437",
          "http_first_byte_return": 4.293836,
          "http_startup": 0.259844,
          "initialization": 0
        }
      },
      "49790a68-54e4-4cca-b3fd-d443edc40b68": {
        "billing": {
          "_billed_time": 3588,
          "_gb_seconds": 918528,
          "_memory": 256
        },
        "output": {
          "begin": "1730244603.447511",
          "cold_start_var": "",
          "container_id": "6b435bc8",
          "end": "1730244607.031806",
          "is_cold": true,
          "request_id": "49790a68-54e4-4cca-b3fd-d443edc40b68",
          "result": {
            "measurement": {
              "compute_time": 522888.0,
              "download_size": 2907386,
              "download_time": 338521.0,
              "upload_size": 3444,
              "upload_time": 80838.0
            }
          },
          "results_time": 0
        },
        "provider_times": {
          "execution": 3587580,
          "initialization": 185290
        },
        "request_id": "49790a68-54e4-4cca-b3fd-d443edc40b68",
        "stats": {
          "cold_start": true,
          "failure": false,
          "memory_used": 95.0
        },
        "times": {
          "benchmark": 3584295,
          "client": 4272493,
          "client_begin": "2024-10-29 23:30:02.885117",
          "client_end": "2024-10-29 23:30:07.157610",
          "http_first_byte_return": 4.272455,
          "http_startup": 0.236313,
          "initialization": 0
        }
      },
      "4cf0e60f-1c95-4cec-902e-edd9e290af6e": {
        "billing": {
          "_billed_time": 3583,
          "_gb_seconds": 917248,
          "_memory": 256
        },
        "output": {
          "begin": "1730244603.424463",
          "cold_start_var": "",
          "container_id": "d96930f8",
          "end": "1730244606.991014",
          "is_cold": true,
          "request_id": "4cf0e60f-1c95-4cec-902e-edd9e290af6e",
          "result": {
            "measurement": {
              "compute_time": 502851.0,
              "download_size": 2907386,
              "download_time": 317438.0,
              "upload_size": 3444,
              "upload_time": 82020.0
            }
          },
          "results_time": 0
        },
        "provider_times": {
          "execution": 3582540,
          "initialization": 148150
        },
        "request_id": "4cf0e60f-1c95-4cec-902e-edd9e290af6e",
        "stats": {
          "cold_start": true,
          "failure": false,
          "memory_used": 94.0
        },
        "times": {
          "benchmark": 3566551,
          "client": 4256261,
          "client_begin": "2024-10-29 23:30:02.898233",
          "client_end": "2024-10-29 23:30:07.154494",
          "http_first_byte_return": 4.256227,
          "http_startup": 0.215405,
          "initialization": 0
        }
      },
      "5b0ae81f-03de-41e1-98d3-38df9208cbc7": {
        "billing": {
          "_billed_time": 3744,
          "_gb_seconds": 958464,
          "_memory": 256
        },
        "output": {
          "begin": "1730244603.466752",
          "cold_start_var": "",
          "container_id": "04985e73",
          "end": "1730244607.206664",
          "is_cold": true,
          "request_id": "5b0ae81f-03de-41e1-98d3-38df9208cbc7",
          "result": {
            "measurement": {
              "compute_time": 522047.0,
              "download_size": 2907386,
              "download_time": 358689.0,
              "upload_size": 3444,
              "upload_time": 98894.0
            }
          },
          "results_time": 0
        },
        "provider_times": {
          "execution": 3743930,
          "initialization": 203020
        },
        "request_id": "5b0ae81f-03de-41e1-98d3-38df9208cbc7",
        "stats": {
          "cold_start": true,
          "failure": false,
          "memory_used": 95.0
        },
        "times": {
          "benchmark": 3739912,
          "client": 4393022,
          "client_begin": "2024-10-29 23:30:02.830167",
          "client_end": "2024-10-29 23:30:07.223189",
          "http_first_byte_return": 4.392959,
          "http_startup": 0.281959,
          "initialization": 0
        }
      },
      "65fefdc1-b72d-405f-af59-f662b8b1cbfe": {
        "billing": {
          "_billed_time": 3656,
          "_gb_seconds": 935936,
          "_memory": 256
        },
        "output": {
          "begin": "1730244603.351916",
          "cold_start_var": "",
          "container_id": "48b7b736",
          "end": "1730244607.003645",
          "is_cold": true,
          "request_id": "65fefdc1-b72d-405f-af59-f662b8b1cbfe",
          "result": {
            "measurement": {
              "compute_time": 521937.0,
              "download_size": 2907386,
              "download_time": 339572.0,
              "upload_size": 3444,
              "upload_time": 119399.0
            }
          },
          "results_time": 0
        },
        "provider_times": {
          "execution": 3655010,
          "initialization": 146840
        },
        "request_id": "65fefdc1-b72d-405f-af59-f662b8b1cbfe",
        "stats": {
          "cold_start": true,
          "failure": false,
          "memory_used": 95.0
        },
        "times": {
          "benchmark": 3651729,
          "client": 4261891,
          "client_begin": "2024-10-29 23:30:02.898137",
          "client_end": "2024-10-29 23:30:07.160028",
          "http_first_byte_return": 4.261856,
          "http_startup": 0.23136,
          "initialization": 0
        }
      },
      "66002e8f-4e0a-4391-96f7-e269b560c1e5": {
        "billing": {
          "_billed_time": 3688,
          "_gb_seconds": 944128,
          "_memory": 256
        },
        "output": {
          "begin": "1730244603.331828",
          "cold_start_var": "",
          "container_id": "8baa7ef5",
          "end": "1730244607.016502",
          "is_cold": true,
          "request_id": "66002e8f-4e0a-4391-96f7-e269b560c1e5",
          "result": {
            "measurement": {
              "compute_time": 558689.0,
              "download_size": 2907386,
              "download_time": 339824.0,
              "upload_size": 3444,
              "upload_time": 66449.0
            }
          },
          "results_time": 0
        },
        "provider_times": {
          "execution": 3687510,
          "initialization": 142860
        },
        "request_id": "66002e8f-4e0a-4391-96f7-e269b560c1e5",
        "stats": {
          "cold_start": true,
          "failure": false,
          "memory_used": 95.0
        },
        "times": {
          "benchmark": 3684674,
          "client": 4286475,
          "client_begin": "2024-10-29 23:30:02.796629",
          "client_end": "2024-10-29 23:30:07.083104",
          "http_first_byte_return": 4.286355,
          "http_startup": 0.253766,
          "initialization": 0
        }
      },
      "693eacb6-7ae4-4d55-a22e-c1bb54efa455": {
        "billing": {
          "_billed_time": 3425,
          "_gb_seconds": 876800,
          "_memory": 256
        },
        "output": {
          "begin": "1730244603.358888",
          "cold_start_var": "",
          "container_id": "84de0349",
          "end": "1730244606.779875",
          "is_cold": true,
          "request_id": "693eacb6-7ae4-4d55-a22e-c1bb54efa455",
          "result": {
            "measurement": {
              "compute_time": 500297.0,
              "download_size": 2907386,
              "download_time": 298654.0,
              "upload_size": 3444,
              "upload_time": 110735.0
            }
          },
          "results_time": 0
        },
        "provider_times": {
          "execution": 3424800,
          "initialization": 117150
        },
        "request_id": "693eacb6-7ae4-4d55-a22e-c1bb54efa455",
        "stats": {
          "cold_start": true,
          "failure": false,
          "memory_used": 94.0
        },
        "times": {
          "benchmark": 3420987,
          "client": 4247896,
          "client_begin": "2024-10-29 23:30:02.883145",
          "client_end": "2024-10-29 23:30:07.131041",
          "http_first_byte_return": 4.247836,
          "http_startup": 0.193423,
          "initialization": 0
        }
      },
      "6a425864-aeb6-4039-a361-080e0765088e": {
        "billing": {
          "_billed_time": 3637,
          "_gb_seconds": 931072,
          "_memory": 256
        },
        "output": {
          "begin": "1730244603.341211",
          "cold_start_var": "",
          "container_id": "b9c20764",
          "end": "1730244606.975547",
          "is_cold": true,
          "request_id": "6a425864-aeb6-4039-a361-080e0765088e",
          "result": {
            "measurement": {
              "compute_time": 522403.0,
              "download_size": 2907386,
              "download_time": 358443.0,
              "upload_size": 3444,
              "upload_time": 112157.0
            }
          },
          "results_time": 0
        },
        "provider_times": {
          "execution": 3636950,
          "initialization": 139840
        },
        "request_id": "6a425864-aeb6-4039-a361-080e0765088e",
        "stats": {
          "cold_start": true,
          "failure": false,
          "memory_used": 94.0
        },
        "times": {
          "benchmark": 3634336,
          "client": 4306695,
          "client_begin": "2024-10-29 23:30:02.783090",
          "client_end": "2024-10-29 23:30:07.089785",
          "http_first_byte_return": 4.30666,
          "http_startup": 0.274281,
          "initialization": 0
        }
      },
      "6a52906f-7c10-46d8-9e6c-931f28503dbb": {
        "billing": {
          "_billed_time": 3564,
          "_gb_seconds": 912384,
          "_memory": 256
        },
        "output": {
          "begin": "1730244603.447560",
          "cold_start_var": "",
          "container_id": "fe51b658",
          "end": "1730244607.008483",
          "is_cold": true,
          "request_id": "6a52906f-7c10-46d8-9e6c-931f28503dbb",
          "result": {
            "measurement": {
              "compute_time": 521033.0,
              "download_size": 2907386,
              "download_time": 318507.0,
              "upload_size": 3444,
              "upload_time": 87984.0
            }
          },
          "results_time": 0
        },
        "provider_times": {
          "execution": 3563430,
          "initialization": 159380
        },
        "request_id": "6a52906f-7c10-46d8-9e6c-931f28503dbb",
        "stats": {
          "cold_start": true,
          "failure": false,
          "memory_used": 95.0
        },
        "times": {
          "benchmark": 3560923,
          "client": 4370983,
          "client_begin": "2024-10-29 23:30:02.812692",
          "client_end": "2024-10-29 23:30:07.183675",
          "http_first_byte_return": 4.370878,
          "http_startup": 0.320442,
          "initialization": 0
        }
      },
      "6f5dea83-06d5-409e-af6b-0bc0405f79f7": {
        "billing": {
          "_billed_time": 3424,
          "_gb_seconds": 876544,
          "_memory": 256
        },
        "output": {
          "begin": "1730244603.265776",
          "cold_start_var": "",
          "container_id": "84d58d19",
          "end": "1730244606.682496",
          "is_cold": true,
          "request_id": "6f5dea83-06d5-409e-af6b-0bc0405f79f7",
          "result": {
            "measurement": {
              "compute_time": 498410.0,
              "download_size": 2907386,
              "download_time": 320516.0,
              "upload_size": 3444,
              "upload_time": 73609.0
            }
          },
          "results_time": 0
        },
        "provider_times": {
          "execution": 3423570,
          "initialization": 121840
        },
        "request_id": "6f5dea83-06d5-409e-af6b-0bc0405f79f7",
        "stats": {
          "cold_start": true,
          "failure": false,
          "memory_used": 95.0
        },
        "times": {
          "benchmark": 3416720,
          "client": 4222886,
          "client_begin": "2024-10-29 23:30:02.790544",
          "client_end": "2024-10-29 23:30:07.013430",
          "http_first_byte_return": 4.22284,
          "http_startup": 0.185229,
          "initialization": 0
        }
      },
      "7208d2b0-5daa-41ec-9d80-a6cf9b1a4d97": {
        "billing": {
          "_billed_time": 3486,
          "_gb_seconds": 892416,
          "_memory": 256
        },
        "output": {
          "begin": "1730244603.363265",
          "cold_start_var": "",
          "container_id": "e5ee603b",
          "end": "1730244606.845646",
          "is_cold": true,
          "request_id": "7208d2b0-5daa-41ec-9d80-a6cf9b1a4d97",
          "result": {
            "measurement": {
              "compute_time": 502468.0,
              "download_size": 2907386,
              "download_time": 298435.0,
              "upload_size": 3444,
              "upload_time": 126159.0
            }
          },
          "results_time": 0
        },
        "provider_times": {
          "execution": 3485570,
          "initialization": 133930
        },
        "request_id": "7208d2b0-5daa-41ec-9d80-a6cf9b1a4d97",
        "stats": {
          "cold_start": true,
          "failure": false,
          "memory_used": 95.0
        },
        "times": {
          "benchmark": 3482381,
          "client": 4256175,
          "client_begin": "2024-10-29 23:30:02.883680",
          "client_end": "2024-10-29 23:30:07.139855",
          "http_first_byte_return": 4.256125,
          "http_startup": 0.218965,
          "initialization": 0
        }
      },
      "729164d1-8396-47b3-9c97-7cffe3ca493a": {
        "billing": {
          "_billed_time": 3686,
          "_gb_seconds": 943616,
          "_memory": 256
        },
        "output": {
          "begin": "1730244603.462934",
          "cold_start_var": "",
          "container_id": "272cb616",
          "end": "1730244607.145465",
          "is_cold": true,
          "request_id": "729164d1-8396-47b3-9c97-7cffe3ca493a",
          "result": {
            "measurement": {
              "compute_time": 520235.0,
              "download_size": 2907386,
              "download_time": 341066.0,
              "upload_size": 3444,
              "upload_time": 112781.0
            }
          },
          "results_time": 0
        },
        "provider_times": {
          "execution": 3685610,
          "initialization": 158240
        },
        "request_id": "729164d1-8396-47b3-9c97-7cffe3ca493a",
        "stats": {
          "cold_start": true,
          "failure": false,
          "memory_used": 95.0
        },
        "times": {
          "benchmark": 3682531,
          "client": 4369706,
          "client_begin": "2024-10-29 23:30:02.815390",
          "client_end": "2024-10-29 23:30:07.185096",
          "http_first_byte_return": 4.368211,
          "http_startup": 0.316709,
          "initialization": 0
        }
      },
      "733b4b32-1af4-44f4-b64e-367f97593034": {
        "billing": {
          "_billed_time": 3581,
          "_gb_seconds": 916736,
          "_memory": 256
        },
        "output": {
          "begin": "1730244603.513236",
          "cold_start_var": "",
          "container_id": "d02c7bbb",
          "end": "1730244607.090929",
          "is_cold": true,
          "request_id": "733b4b32-1af4-44f4-b64e-367f97593034",
          "result": {
            "measurement": {
              "compute_time": 503224.0,
              "download_size": 2907386,
              "download_time": 358591.0,
              "upload_size": 3444,
              "upload_time": 102422.0
            }
          },
          "results_time": 0
        },
        "provider_times": {
          "execution": 3580070,
          "initialization": 165140
        },
        "request_id": "733b4b32-1af4-44f4-b64e-367f97593034",
        "stats": {
          "cold_start": true,
          "failure": false,
          "memory_used": 94.0
        },
        "times": {
          "benchmark": 3577693,
          "client": 4255114,
          "client_begin": "2024-10-29 23:30:02.883513",
          "client_end": "2024-10-29 23:30:07.138627",
          "http_first_byte_return": 4.255076,
          "http_startup": 0.220747,
          "initialization": 0
        }
      },
      "8228f577-362b-468b-82ec-d76cc74e3ce2": {
        "billing": {
          "_billed_time": 3655,
          "_gb_seconds": 935680,
          "_memory": 256
        },
        "output": {
          "begin": "1730244603.502886",
          "cold_start_var": "",
          "container_id": "2f4b8789",
          "end": "1730244607.154676",
          "is_cold": true,
          "request_id": "8228f577-362b-468b-82ec-d76cc74e3ce2",
          "result": {
            "measurement": {
              "compute_time": 521153.0,
              "download_size": 2907386,
              "download_time": 338566.0,
              "upload_size": 3444,
              "upload_time": 99501.0
            }
          },
          "results_time": 0
        },
        "provider_times": {
          "execution": 3654850,
          "initialization": 138120
        },
        "request_id": "8228f577-362b-468b-82ec-d76cc74e3ce2",
        "stats": {
          "cold_start": true,
          "failure": false,
          "memory_used": 95.0
        },
        "times": {
          "benchmark": 3651790,
          "client": 4367057,
          "client_begin": "2024-10-29 23:30:02.805330",
          "client_end": "2024-10-29 23:30:07.172387",
          "http_first_byte_return": 4.367014,
          "http_startup": 0.170478,
          "initialization": 0
        }
      },
      "87e115a5-51d6-4a9c-81ee-20d03d6f0ec2": {
        "billing": {
          "_billed_time": 3541,
          "_gb_seconds": 906496,
          "_memory": 256
        },
        "output": {
          "begin": "1730244603.275309",
          "cold_start_var": "",
          "container_id": "22e46811",
          "end": "1730244606.813657",
          "is_cold": true,
          "request_id": "87e115a5-51d6-4a9c-81ee-20d03d6f0ec2",
          "result": {
            "measurement": {
              "compute_time": 521248.0,
              "download_size": 2907386,
              "download_time": 318360.0,
              "upload_size": 3444,
              "upload_time": 87341.0
            }
          },
          "results_time": 0
        },
        "provider_times": {
          "execution": 3540970,
          "initialization": 135000
        },
        "request_id": "87e115a5-51d6-4a9c-81ee-20d03d6f0ec2",
        "stats": {
          "cold_start": true,
          "failure": false,
          "memory_used": 95.0
        },
        "times": {
          "benchmark": 3538348,
          "client": 4228323,
          "client_begin": "2024-10-29 23:30:02.808763",
          "client_end": "2024-10-29 23:30:07.037086",
          "http_first_byte_return": 4.228283,
          "http_startup": 0.196201,
          "initialization": 0
        }
      },
      "893f10dd-5722-4705-b498-2516e242b9cd": {
        "billing": {
          "_billed_time": 3680,
          "_gb_seconds": 942080,
          "_memory": 256
        },
        "output": {
          "begin": "1730244603.440153",
          "cold_start_var": "",
          "container_id": "74684591",
          "end": "1730244607.116009",
          "is_cold": true,
          "request_id": "893f10dd-5722-4705-b498-2516e242b9cd",
          "result": {
            "measurement": {
              "compute_time": 540464.0,
              "download_size": 2907386,
              "download_time": 338244.0,
              "upload_size": 3444,
              "upload_time": 88709.0
            }
          },
          "results_time": 0
        },
        "provider_times": {
          "execution": 3679040,
          "initialization": 162080
        },
        "request_id": "893f10dd-5722-4705-b498-2516e242b9cd",
        "stats": {
          "cold_start": true,
          "failure": false,
          "memory_used": 95.0
        },
        "times": {
          "benchmark": 3675856,
          "client": 4257162,
          "client_begin": "2024-10-29 23:30:02.893262",
          "client_end": "2024-10-29 23:30:07.150424",
          "http_first_byte_return": 4.257118,
          "http_startup": 0.223301,
          "initialization": 0
        }
      },
      "8ed1e084-efe6-4f7f-a2a8-af298e57aebc": {
        "billing": {
          "_billed_time": 3698,
          "_gb_seconds": 946688,
          "_memory": 256
        },
        "output": {
          "begin": "1730244603.331166",
          "cold_start_var": "",
          "container_id": "f5236265",
          "end": "1730244607.025677",
          "is_cold": true,
          "request_id": "8ed1e084-efe6-4f7f-a2a8-af298e57aebc",
          "result": {
            "measurement": {
              "compute_time": 538694.0,
              "download_size": 2907386,
              "download_time": 360053.0,
              "upload_size": 3444,
              "upload_time": 124443.0
            }
          },
          "results_time": 0
        },
        "provider_times": {
          "execution": 3697510,
          "initialization": 182210
        },
        "request_id": "8ed1e084-efe6-4f7f-a2a8-af298e57aebc",
        "stats": {
          "cold_start": true,
          "failure": false,
          "memory_used": 95.0
        },
        "times": {
          "benchmark": 3694511,
          "client": 4243770,
          "client_begin": "2024-10-29 23:30:02.799105",
          "client_end": "2024-10-29 23:30:07.042875",
          "http_first_byte_return": 4.243736,
          "http_startup": 0.17922,
          "initialization": 0
        }
      },
      "900a0dea-c352-4ef0-a41a-5b7ac1cfae9e": {
        "billing": {
          "_billed_time": 3651,
          "_gb_seconds": 934656,
          "_memory": 256
        },
        "output": {
          "begin": "1730244603.267645",
          "cold_start_var": "",
          "container_id": "b56a3fcb",
          "end": "1730244606.898068",
          "is_cold": true,
          "request_id": "900a0dea-c352-4ef0-a41a-5b7ac1cfae9e",
          "result": {
            "measurement": {
              "compute_time": 502987.0,
              "download_size": 2907386,
              "download_time": 338207.0,
              "upload_size": 3444,
              "upload_time": 97642.0
            }
          },
          "results_time": 0
        },
        "provider_times": {
          "execution": 3650460,
          "initialization": 139720
        },
        "request_id": "900a0dea-c352-4ef0-a41a-5b7ac1cfae9e",
        "stats": {
          "cold_start": true,
          "failure": false,
          "memory_used": 95.0
        },
        "times": {
          "benchmark": 3630423,
          "client": 4217763,
          "client_begin": "2024-10-29 23:30:02.799013",
          "client_end": "2024-10-29 23:30:07.016776",
          "http_first_byte_return": 4.217728,
          "http_startup": 0.172503,
          "initialization": 0
        }
      },
      "9665b44a-b264-44ff-9600-9105e1527667": {
        "billing": {
          "_billed_time": 3447,
          "_gb_seconds": 882432,
          "_memory": 256
        },
        "output": {
          "begin": "1730244603.270308",
          "cold_start_var": "",
          "container_id": "71a48008",
          "end": "1730244606.700197",
          "is_cold": true,
          "request_id": "9665b44a-b264-44ff-9600-9105e1527667",
          "result": {
            "measurement": {
              "compute_time": 518216.0,
              "download_size": 2907386,
              "download_time": 299637.0,
              "upload_size": 3444,
              "upload_time": 63361.0
            }
          },
          "results_time": 0
        },
        "provider_times": {
          "execution": 3446150,
          "initialization": 137400
        },
        "request_id": "9665b44a-b264-44ff-9600-9105e1527667",
        "stats": {
          "cold_start": true,
          "failure": false,
          "memory_used": 95.0
        },
        "times": {
          "benchmark": 3429889,
          "client": 4218107,
          "client_begin": "2024-10-29 23:30:02.792921",
          "client_end": "2024-10-29 23:30:07.011028",
          "http_first_byte_return": 4.218069,
          "http_startup": 0.183688,
          "initialization": 0
        }
      },
      "97693fe1-5c74-4c77-b69a-1bfb0894ad96": {
        "billing": {
          "_billed_time": 3446,
          "_gb_seconds": 882176,
          "_memory": 256
        },
        "output": {
          "begin": "1730244603.332232",
          "cold_start_var": "",
          "container_id": "c955b937",
          "end": "1730244606.775317",
          "is_cold": true,
          "request_id": "97693fe1-5c74-4c77-b69a-1bfb0894ad96",
          "result": {
            "measurement": {
              "compute_time": 481016.0,
              "download_size": 2907386,
              "download_time": 299240.0,
              "upload_size": 3444,
              "upload_time": 105594.0
            }
          },
          "results_time": 0
        },
        "provider_times": {
          "execution": 3445400,
          "initialization": 141650
        },
        "request_id": "97693fe1-5c74-4c77-b69a-1bfb0894ad96",
        "stats": {
          "cold_start": true,
          "failure": false,
          "memory_used": 94.0
        },
        "times": {
          "benchmark": 3443085,
          "client": 4284021,
          "client_begin": "2024-10-29 23:30:02.796557",
          "client_end": "2024-10-29 23:30:07.080578",
          "http_first_byte_return": 4.283971,
          "http_startup": 0.253004,
          "initialization": 0
        }
      },
      "a480c785-fbc5-4fe2-bd4b-1e264dd65abf": {
        "billing": {
          "_billed_time": 3747,
          "_gb_seconds": 959232,
          "_memory": 256
        },
        "output": {
          "begin": "1730244603.392186",
          "cold_start_var": "",
          "container_id": "2f92979b",
          "end": "1730244607.135022",
          "is_cold": true,
          "request_id": "a480c785-fbc5-4fe2-bd4b-1e264dd65abf",
          "result": {
            "measurement": {
              "compute_time": 522129.0,
              "download_size": 2907386,
              "download_time": 339374.0,
              "upload_size": 3444,
              "upload_time": 81297.0
            }
          },
          "results_time": 0
        },
        "provider_times": {
          "execution": 3746060,
          "initialization": 161220
        },
        "request_id": "a480c785-fbc5-4fe2-bd4b-1e264dd65abf",
        "stats": {
          "cold_start": true,
          "failure": false,
          "memory_used": 95.0
        },
        "times": {
          "benchmark": 3742836,
          "client": 4339657,
          "client_begin": "2024-10-29 23:30:02.811720",
          "client_end": "2024-10-29 23:30:07.151377",
          "http_first_byte_return": 4.339621,
          "http_startup": 0.244854,
          "initialization": 0
        }
      },
      "a79f57c2-14e4-4601-adeb-127ce57d9e8d": {
        "billing": {
          "_billed_time": 3555,
          "_gb_seconds": 910080,
          "_memory": 256
        },
        "output": {
          "begin": "1730244603.435565",
          "cold_start_var": "",
          "container_id": "8c8b7b9e",
          "end": "1730244606.986931",
          "is_cold": true,
          "request_id": "a79f57c2-14e4-4601-adeb-127ce57d9e8d",
          "result": {
            "measurement": {
              "compute_time": 502207.0,
              "download_size": 2907386,
              "download_time": 338536.0,
              "upload_size": 3444,
              "upload_time": 77873.0
            }
          },
          "results_time": 0
        },
        "provider_times": {
          "execution": 3554150,
          "initialization": 163080
        },
        "request_id": "a79f57c2-14e4-4601-adeb-127ce57d9e8d",
        "stats": {
          "cold_start": true,
          "failure": false,
          "memory_used": 95.0
        },
        "times": {
          "benchmark": 3551366,
          "client": 4269108,
          "client_begin": "2024-10-29 23:30:02.883455",
          "client_end": "2024-10-29 23:30:07.152563",
          "http_first_byte_return": 4.269017,
          "http_startup": 0.238783,
          "initialization": 0
        }
      },
      "ae77167d-4248-474e-8597-6f9c40f9802f": {
        "billing": {
          "_billed_time": 3597,
          "_gb_seconds": 920832,
          "_memory": 256
        },
        "output": {
          "begin": "1730244603.416168",
          "cold_start_var": "",
          "container_id": "304f6b6d",
          "end": "1730244607.008992",
          "is_cold": true,
          "request_id": "ae77167d-4248-474e-8597-6f9c40f9802f",
          "result": {
            "measurement": {
              "compute_time": 502452.0,
              "download_size": 2907386,
              "download_time": 318549.0,
              "upload_size": 3444,
              "upload_time": 100906.0
            }
          },
          "results_time": 0
        },
        "provider_times": {
          "execution": 3596120,
          "initialization": 140620
        },
        "request_id": "ae77167d-4248-474e-8597-6f9c40f9802f",
        "stats": {
          "cold_start": true,
          "failure": false,
          "memory_used": 95.0
        },
        "times": {
          "benchmark": 3592824,
          "client": 4312289,
          "client_begin": "2024-10-29 23:30:02.847032",
          "client_end": "2024-10-29 23:30:07.159321",
          "http_first_byte_return": 4.312251,
          "http_startup": 0.271597,
          "initialization": 0
        }
      },
      "afeb6b84-1968-4edd-b509-ccb2020d9bed": {
        "billing": {
          "_billed_time": 3441,
          "_gb_seconds": 880896,
          "_memory": 256
        },
        "output": {
          "begin": "1730244603.412190",
          "cold_start_var": "",
          "container_id": "2e83e06e",
          "end": "1730244606.850253",
          "is_cold": true,
          "request_id": "afeb6b84-1968-4edd-b509-ccb2020d9bed",
          "result": {
            "measurement": {
              "compute_time": 520594.0,
              "download_size": 2907386,
              "download_time": 298496.0,
              "upload_size": 3444,
              "upload_time": 79501.0
            }
          },
          "results_time": 0
        },
        "provider_times": {
          "execution": 3440460,
          "initialization": 141100
        },
        "request_id": "afeb6b84-1968-4edd-b509-ccb2020d9bed",
        "stats": {
          "cold_start": true,
          "failure": false,
          "memory_used": 95.0
        },
        "times": {
          "benchmark": 3438063,
          "client": 4319982,
          "client_begin": "2024-10-29 23:30:02.839036",
          "client_end": "2024-10-29 23:30:07.159018",
          "http_first_byte_return": 4.319942,
          "http_startup": 0.287966,
          "initialization": 0
        }
      },
      "ba5dbaf7-a127-492d-a339-d549511bf6c0": {
        "billing": {
          "_billed_time": 3371,
          "_gb_seconds": 862976,
          "_memory": 256
        },
        "output": {
          "begin": "1730244603.268183",
          "cold_start_var": "",
          "container_id": "c3e6dafd",
          "end": "1730244606.635840",
          "is_cold": true,
          "request_id": "ba5dbaf7-a127-492d-a339-d549511bf6c0",
          "result": {
            "measurement": {
              "compute_time": 482038.0,
              "download_size": 2907386,
              "download_time": 299243.0,
              "upload_size": 3444,
              "upload_time": 77314.0
            }
          },
          "results_time": 0
        },
        "provider_times": {
          "execution": 3370630,
          "initialization": 112120
        },
        "request_id": "ba5dbaf7-a127-492d-a339-d549511bf6c0",
        "stats": {
          "cold_start": true,
          "failure": false,
          "memory_used": 95.0
        },
        "times": {
          "benchmark": 3367657,
          "client": 4213011,
          "client_begin": "2024-10-29 23:30:02.795977",
          "client_end": "2024-10-29 23:30:07.008988",
          "http_first_byte_return": 4.212807,
          "http_startup": 0.181446,
          "initialization": 0
        }
      },
      "bd5f8e81-6a23-45dc-b658-0517f1680cf1": {
        "billing": {
          "_billed_time": 3415,
          "_gb_seconds": 874240,
          "_memory": 256
        },
        "output": {
          "begin": "1730244603.400002",
          "cold_start_var": "",
          "container_id": "4a4f46b4",
          "end": "1730244606.811310",
          "is_cold": true,
          "request_id": "bd5f8e81-6a23-45dc-b658-0517f1680cf1",
          "result": {
            "measurement": {
              "compute_time": 483174.0,
              "download_size": 2907386,
              "download_time": 338703.0,
              "upload_size": 3444,
              "upload_time": 86383.0
            }
          },
          "results_time": 0
        },
        "provider_times": {
          "execution": 3414620,
          "initialization": 124280
        },
        "request_id": "bd5f8e81-6a23-45dc-b658-0517f1680cf1",
        "stats": {
          "cold_start": true,
          "failure": false,
          "memory_used": 95.0
        },
        "times": {
          "benchmark": 3411308,
          "client": 4266829,
          "client_begin": "2024-10-29 23:30:02.883200",
          "client_end": "2024-10-29 23:30:07.150029",
          "http_first_byte_return": 4.266792,
          "http_startup": 0.235769,
          "initialization": 0
        }
      },
      "c47fff47-92f1-4432-806c-9b395776f37c": {
        "billing": {
          "_billed_time": 3552,
          "_gb_seconds": 909312,
          "_memory": 256
        },
        "output": {
          "begin": "1730244603.407481",
          "cold_start_var": "",
          "container_id": "278e4c7c",
          "end": "1730244606.956228",
          "is_cold": true,
          "request_id": "c47fff47-92f1-4432-806c-9b395776f37c",
          "result": {
            "measurement": {
              "compute_time": 503517.0,
              "download_size": 2907386,
              "download_time": 338227.0,
              "upload_size": 3444,
              "upload_time": 94370.0
            }
          },
          "results_time": 0
        },
        "provider_times": {
          "execution": 3551900,
          "initialization": 138000
        },
        "request_id": "c47fff47-92f1-4432-806c-9b395776f37c",
        "stats": {
          "cold_start": true,
          "failure": false,
          "memory_used": 95.0
        },
        "times": {
          "benchmark": 3548747,
          "client": 4265180,
          "client_begin": "2024-10-29 23:30:02.883400",
          "client_end": "2024-10-29 23:30:07.148580",
          "http_first_byte_return": 4.265147,
          "http_startup": 0.230462,
          "initialization": 0
        }
      },
      "cd953041-3dc1-4496-bddc-b21150bec99a": {
        "billing": {
          "_billed_time": 3471,
          "_gb_seconds": 888576,
          "_memory": 256
        },
        "output": {
          "begin": "1730244603.396707",
          "cold_start_var": "",
          "container_id": "0f23779e",
          "end": "1730244606.864117",
          "is_cold": true,
          "request_id": "cd953041-3dc1-4496-bddc-b21150bec99a",
          "result": {
            "measurement": {
              "compute_time": 501469.0,
              "download_size": 2907386,
              "download_time": 318983.0,
              "upload_size": 3444,
              "upload_time": 79302.0
            }
          },
          "results_time": 0
        },
        "provider_times": {
          "execution": 3470010,
          "initialization": 111460
        },
        "request_id": "cd953041-3dc1-4496-bddc-b21150bec99a",
        "stats": {
          "cold_start": true,
          "failure": false,
          "memory_used": 95.0
        },
        "times": {
          "benchmark": 3467410,
          "client": 4258220,
          "client_begin": "2024-10-29 23:30:02.883338",
          "client_end": "2024-10-29 23:30:07.141558",
          "http_first_byte_return": 4.258187,
          "http_startup": 0.223819,
          "initialization": 0
        }
      },
      "cf3d028e-4c5b-44d2-bcba-6a84711ff7c7": {
        "billing": {
          "_billed_time": 3597,
          "_gb_seconds": 920832,
          "_memory": 256
        },
        "output": {
          "begin": "1730244603.477138",
          "cold_start_var": "",
          "container_id": "4ed34e4b",
          "end": "1730244607.071294",
          "is_cold": true,
          "request_id": "cf3d028e-4c5b-44d2-bcba-6a84711ff7c7",
          "result": {
            "measurement": {
              "compute_time": 502838.0,
              "download_size": 2907386,
              "download_time": 319111.0,
              "upload_size": 3444,
              "upload_time": 102220.0
            }
          },
          "results_time": 0
        },
        "provider_times": {
          "execution": 3596890,
          "initialization": 176740
        },
        "request_id": "cf3d028e-4c5b-44d2-bcba-6a84711ff7c7",
        "stats": {
          "cold_start": true,
          "failure": false,
          "memory_used": 95.0
        },
        "times": {
          "benchmark": 3594156,
          "client": 4275946,
          "client_begin": "2024-10-29 23:30:02.895121",
          "client_end": "2024-10-29 23:30:07.171067",
          "http_first_byte_return": 4.275909,
          "http_startup": 0.244369,
          "initialization": 0
        }
      },
      "d081eb00-568f-4b86-b031-07e8e95eda36": {
        "billing": {
          "_billed_time": 3368,
          "_gb_seconds": 862208,
          "_memory": 256
        },
        "output": {
          "begin": "1730244603.397213",
          "cold_start_var": "",
          "container_id": "3a0b3a82",
          "end": "1730244606.761760",
          "is_cold": true,
          "request_id": "d081eb00-568f-4b86-b031-07e8e95eda36",
          "result": {
            "measurement": {
              "compute_time": 482967.0,
              "download_size": 2907386,
              "download_time": 318669.0,
              "upload_size": 3444,
              "upload_time": 79113.0
            }
          },
          "results_time": 0
        },
        "provider_times": {
          "execution": 3367510,
          "initialization": 131150
        },
        "request_id": "d081eb00-568f-4b86-b031-07e8e95eda36",
        "stats": {
          "cold_start": true,
          "failure": false,
          "memory_used": 95.0
        },
        "times": {
          "benchmark": 3364547,
          "client": 4321141,
          "client_begin": "2024-10-29 23:30:02.835022",
          "client_end": "2024-10-29 23:30:07.156163",
          "http_first_byte_return": 4.321102,
          "http_startup": 0.287849,
          "initialization": 0
        }
      },
      "e2724a51-9df8-41bd-a26e-c52cfb3a4ff8": {
        "billing": {
          "_billed_time": 3583,
          "_gb_seconds": 917248,
          "_memory": 256
        },
        "output": {
          "begin": "1730244603.392218",
          "cold_start_var": "",
          "container_id": "e149dc5d",
          "end": "1730244606.971848",
          "is_cold": true,
          "request_id": "e2724a51-9df8-41bd-a26e-c52cfb3a4ff8",
          "result": {
            "measurement": {
              "compute_time": 500797.0,
              "download_size": 2907386,
              "download_time": 360383.0,
              "upload_size": 3444,
              "upload_time": 144440.0
            }
          },
          "results_time": 0
        },
        "provider_times": {
          "execution": 3582120,
          "initialization": 134190
        },
        "request_id": "e2724a51-9df8-41bd-a26e-c52cfb3a4ff8",
        "stats": {
          "cold_start": true,
          "failure": false,
          "memory_used": 95.0
        },
        "times": {
          "benchmark": 3579630,
          "client": 4261073,
          "client_begin": "2024-10-29 23:30:02.887017",
          "client_end": "2024-10-29 23:30:07.148090",
          "http_first_byte_return": 4.261037,
          "http_startup": 0.228961,
          "initialization": 0
        }
      },
      "e506c548-cd4d-4a42-8fea-07e413fc59cf": {
        "billing": {
          "_billed_time": 3503,
          "_gb_seconds": 896768,
          "_memory": 256
        },
        "output": {
          "begin": "1730244603.462885",
          "cold_start_var": "",
          "container_id": "30a47d55",
          "end": "1730244606.963385",
          "is_cold": true,
          "request_id": "e506c548-cd4d-4a42-8fea-07e413fc59cf",
          "result": {
            "measurement": {
              "compute_time": 498868.0,
              "download_size": 2907386,
              "download_time": 338894.0,
              "upload_size": 3444,
              "upload_time": 93913.0
            }
          },
          "results_time": 0
        },
        "provider_times": {
          "execution": 3502990,
          "initialization": 151170
        },
        "request_id": "e506c548-cd4d-4a42-8fea-07e413fc59cf",
        "stats": {
          "cold_start": true,
          "failure": false,
          "memory_used": 95.0
        },
        "times": {
          "benchmark": 3500500,
          "client": 4243063,
          "client_begin": "2024-10-29 23:30:02.895023",
          "client_end": "2024-10-29 23:30:07.138086",
          "http_first_byte_return": 4.243012,
          "http_startup": 0.203421,
          "initialization": 0
        }
      },
      "eec1891c-fc74-4887-a09d-5d47af41896f": {
        "billing": {
          "_billed_time": 3618,
          "_gb_seconds": 926208,
          "_memory": 256
        },
        "output": {
          "begin": "1730244603.475739",
          "cold_start_var": "",
          "container_id": "ec502c26",
          "end": "1730244607.077052",
          "is_cold": true,
          "request_id": "eec1891c-fc74-4887-a09d-5d47af41896f",
          "result": {
            "measurement": {
              "compute_time": 520159.0,
              "download_size": 2907386,
              "download_time": 319711.0,
              "upload_size": 3444,
              "upload_time": 62767.0
            }
          },
          "results_time": 0
        },
        "provider_times": {
          "execution": 3618000,
          "initialization": 183320
        },
        "request_id": "eec1891c-fc74-4887-a09d-5d47af41896f",
        "stats": {
          "cold_start": true,
          "failure": false,
          "memory_used": 95.0
        },
        "times": {
          "benchmark": 3601313,
          "client": 4318681,
          "client_begin": "2024-10-29 23:30:02.850154",
          "client_end": "2024-10-29 23:30:07.168835",
          "http_first_byte_return": 4.318645,
          "http_startup": 0.287658,
          "initialization": 0
        }
      },
      "f10b31a0-de8c-4649-838b-88bb839825a5": {
        "billing": {
          "_billed_time": 3643,
          "_gb_seconds": 932608,
          "_memory": 256
        },
        "output": {
          "begin": "1730244603.375211",
          "cold_start_var": "",
          "container_id": "656fe4aa",
          "end": "1730244607.014402",
          "is_cold": true,
          "request_id": "f10b31a0-de8c-4649-838b-88bb839825a5",
          "result": {
            "measurement": {
              "compute_time": 522544.0,
              "download_size": 2907386,
              "download_time": 338465.0,
              "upload_size": 3444,
              "upload_time": 78419.0
            }
          },
          "results_time": 0
        },
        "provider_times": {
          "execution": 3642680,
          "initialization": 141610
        },
        "request_id": "f10b31a0-de8c-4649-838b-88bb839825a5",
        "stats": {
          "cold_start": true,
          "failure": false,
          "memory_used": 95.0
        },
        "times": {
          "benchmark": 3639191,
          "client": 4329111,
          "client_begin": "2024-10-29 23:30:02.778356",
          "client_end": "2024-10-29 23:30:07.107467",
          "http_first_byte_return": 4.329048,
          "http_startup": 0.293384,
          "initialization": 0
        }
      },
      "fdc79f7e-f406-49cd-b2e8-45e94bc57889": {
        "billing": {
          "_billed_time": 3637,
          "_gb_seconds": 931072,
          "_memory": 256
        },
        "output": {
          "begin": "1730244603.291824",
          "cold_start_var": "",
          "container_id": "c25efb87",
          "end": "1730244606.925825",
          "is_cold": true,
          "request_id": "fdc79f7e-f406-49cd-b2e8-45e94bc57889",
          "result": {
            "measurement": {
              "compute_time": 521747.0,
              "download_size": 2907386,
              "download_time": 339119.0,
              "upload_size": 3444,
              "upload_time": 81833.0
            }
          },
          "results_time": 0
        },
        "provider_times": {
          "execution": 3636720,
          "initialization": 146500
        },
        "request_id": "fdc79f7e-f406-49cd-b2e8-45e94bc57889",
        "stats": {
          "cold_start": true,
          "failure": false,
          "memory_used": 94.0
        },
        "times": {
          "benchmark": 3634001,
          "client": 4215993,
          "client_begin": "2024-10-29 23:30:02.792867",
          "client_end": "2024-10-29 23:30:07.008860",
          "http_first_byte_return": 4.215908,
          "http_startup": 0.15219,
          "initialization": 0
        }
      }
    }
  },
  "_metrics": {
    "210_thumbnailer_python_3_8": {}
  },
  "begin_time": 1730244579.212253,
  "config": {
    "deployment": {
      "credentials": {
        "account_id": "314211295665"
      },
      "name": "aws",
      "region": "us-east-1",
      "resources": {
        "http-apis": {
          "120_uploader_python_3_8-http-api": {
            "arn": "arn:aws:execute-api:us-east-1:314211295665:orle8njuxg",
            "endpoint": "https://orle8njuxg.execute-api.us-east-1.amazonaws.com"
          },
          "210_thumbnailer_python_3_8-http-api": {
            "arn": "arn:aws:execute-api:us-east-1:314211295665:1owsl69vx2",
            "endpoint": "https://1owsl69vx2.execute-api.us-east-1.amazonaws.com"
          }
        },
        "lambda-role": "arn:aws:iam::314211295665:role/sebs-lambda-role"
      }
    },
    "experiments": {
      "architecture": "x86_64",
      "download_results": true,
      "experiments": {},
      "flags": {},
      "runtime": {
        "language": "python",
        "version": "3.8"
      },
      "update_code": false,
      "update_storage": false
    }
  },
  "end_time": 1730244612.320154,
  "result_bucket": null,
  "statistics": {
    "cold_count": 50,
    "failures": [],
    "failures_count": 0,
    "incorrect": [],
    "incorrect_count": 0,
    "samples_generated": 50
  }
}