{
  "_invocations": {
    "210_thumbnailer_python_3_8": {
      "02f9ad7b-943d-4364-8914-99377059d0d9": {
        "billing": {
          "_billed_time": null,
          "_gb_seconds": 0,
          "_memory": null
        },
        "output": {
          "begin": "1730244567.816399",
          "cold_start_var": "",
          "container_id": "5b9f4dc6",
          "end": "1730244569.037923",
          "is_cold": false,
          "request_id": "02f9ad7b-943d-4364-8914-99377059d0d9",
          "result": {
            "measurement": {
              "compute_time": 681967.0,
              "download_size": 2907386,
              "download_time": 400905.0,
              "upload_size": 3444,
              "upload_time": 138301.0
            },
            "output": {
              "bucket": "210.thumbnailer-0-output-508cd3a1-f6b0-45",
              "key": "5_asphalt-atmosphere-cloudy-sky-2739010.c6fd4179..jpg"
            }
          },
          "results_time": 0
        },
        "provider_times": {
          "execution": 0,
          "initialization": 0
        },
        "request_id": "02f9ad7b-943d-4364-8914-99377059d0d9",
        "stats": {
          "cold_start": false,
          "failure": false,
          "memory_used": null
        },
        "times": {
          "benchmark": 1221524,
          "client": 2273700,
          "client_begin": "2024-10-29 23:29:27.530609",
          "client_end": "2024-10-29 23:29:29.804309",
          "http_first_byte_return": 2.27239,
          "http_startup": 0.242811,
          "initialization": 0
        }
      },
      "08762919-b8dd-4a30-a90a-34e03ee86ce8": {
        "billing": {
          "_billed_time": null,
          "_gb_seconds": 0,
          "_memory": null
        },
        "output": {
          "begin": "1730244567.809129",
          "cold_start_var": "",
          "container_id": "9d1a1061",
          "end": "1730244569.060937",
          "is_cold": false,
          "request_id": "08762919-b8dd-4a30-a90a-34e03ee86ce8",
          "result": {
            "measurement": {
              "compute_time": 661977.0,
              "download_size": 2907386,
              "download_time": 471432.0,
              "upload_size": 3444,
              "upload_time": 117974.0
            },
            "output": {
              "bucket": "210.thumbnailer-0-output-508cd3a1-f6b0-45",
              "key": "5_asphalt-atmosphere-cloudy-sky-2739010.5fdb4b51..jpg"
            }
          },
          "results_time": 0
        },
        "provider_times": {
          "execution": 0,
          "initialization": 0
        },
        "request_id": "08762919-b8dd-4a30-a90a-34e03ee86ce8",
        "stats": {
          "cold_start": false,
          "failure": false,
          "memory_used": null
        },
        "times": {
          "benchmark": 1251808,
          "client": 2274690,
          "client_begin": "2024-10-29 23:29:27.534572",
          "client_end": "2024-10-29 23:29:29.809262",
          "http_first_byte_return": 2.27455,
          "http_startup": 0.240425,
          "initialization": 0
        }
      },
      "11cffd82-3ee1-4a3e-828f-b8346d182b7e": {
        "billing": {
          "_billed_time": null,
          "_gb_seconds": 0,
          "_memory": null
        },
        "output": {
          "begin": "1730244567.914006",
          "cold_start_var": "",
          "container_id": "8dcb94b9",
          "end": "1730244569.058837",
          "is_cold": false,
          "request_id": "11cffd82-3ee1-4a3e-828f-b8346d182b7e",
          "result": {
            "measurement": {
              "compute_time": 681037.0,
              "download_size": 2907386,
              "download_time": 364501.0,
              "upload_size": 3444,
              "upload_time": 98909.0
            },
            "output": {
              "bucket": "210.thumbnailer-0-output-508cd3a1-f6b0-45",
              "key": "5_asphalt-atmosphere-cloudy-sky-2739010.21f7bfa2..jpg"
            }
          },
          "results_time": 0
        },
        "provider_times": {
          "execution": 0,
          "initialization": 0
        },
        "request_id": "11cffd82-3ee1-4a3e-828f-b8346d182b7e",
        "stats": {
          "cold_start": false,
          "failure": false,
          "memory_used": null
        },
        "times": {
          "benchmark": 1144831,
          "client": 2333356,
          "client_begin": "2024-10-29 23:29:27.578628",
          "client_end": "2024-10-29 23:29:29.911984",
          "http_first_byte_return": 2.33287,
          "http_startup": 0.303235,
          "initialization": 0
        }
      },
      "1739e8e7-8d01-46f3-b4fe-f885cc666f13": {
        "billing": {
          "_billed_time": null,
          "_gb_seconds": 0,
          "_memory": null
        },
        "output": {
          "begin": "1730244567.816724",
          "cold_start_var": "",
          "container_id": "f21e5a10",
          "end": "1730244569.016565",
          "is_cold": false,
          "request_id": "1739e8e7-8d01-46f3-b4fe-f885cc666f13",
          "result": {
            "measurement": {
              "compute_time": 661643.0,
              "download_size": 2907386,
              "download_time": 419831.0,
              "upload_size": 3444,
              "upload_time": 118007.0
            },
            "output": {
              "bucket": "210.thumbnailer-0-output-508cd3a1-f6b0-45",
              "key": "5_asphalt-atmosphere-cloudy-sky-2739010.8705a7e3..jpg"
            }
          },
          "results_time": 0
        },
        "provider_times": {
          "execution": 0,
          "initialization": 0
        },
        "request_id": "1739e8e7-8d01-46f3-b4fe-f885cc666f13",
        "stats": {
          "cold_start": false,
          "failure": false,
          "memory_used": null
        },
        "times": {
          "benchmark": 1199841,
          "client": 2319336,
          "client_begin": "2024-10-29 23:29:27.514270",
          "client_end": "2024-10-29 23:29:29.833606",
          "http_first_byte_return": 2.319279,
          "http_startup": 0.273482,
          "initialization": 0
        }
      },
      "1775c95a-2420-446a-bcda-07d5c2bf6214": {
        "billing": {
          "_billed_time": null,
          "_gb_seconds": 0,
          "_memory": null
        },
        "output": {
          "begin": "1730244567.894106",
          "cold_start_var": "",
          "container_id": "e441e445",
          "end": "1730244569.022690",
          "is_cold": false,
          "request_id": "1775c95a-2420-446a-bcda-07d5c2bf6214",
          "result": {
            "measurement": {
              "compute_time": 661116.0,
              "download_size": 2907386,
              "download_time": 368413.0,
              "upload_size": 3444,
              "upload_time": 98700.0
            },
            "output": {
              "bucket": "210.thumbnailer-0-output-508cd3a1-f6b0-45",
              "key": "5_asphalt-atmosphere-cloudy-sky-2739010.8ec2a0f8..jpg"
            }
          },
          "results_time": 0
        },
        "provider_times": {
          "execution": 0,
          "initialization": 0
        },
        "request_id": "1775c95a-2420-446a-bcda-07d5c2bf6214",
        "stats": {
          "cold_start": false,
          "failure": false,
          "memory_used": null
        },
        "times": {
          "benchmark": 1128584,
          "client": 2258674,
          "client_begin": "2024-10-29 23:29:27.622245",
          "client_end": "2024-10-29 23:29:29.880919",
          "http_first_byte_return": 2.258631,
          "http_startup": 0.230819,
          "initialization": 0
        }
      },
      "24625524-9439-441b-86f6-acfa533c6374": {
        "billing": {
          "_billed_time": null,
          "_gb_seconds": 0,
          "_memory": null
        },
        "output": {
          "begin": "1730244567.887886",
          "cold_start_var": "",
          "container_id": "87bad779",
          "end": "1730244569.044789",
          "is_cold": false,
          "request_id": "24625524-9439-441b-86f6-acfa533c6374",
          "result": {
            "measurement": {
              "compute_time": 602448.0,
              "download_size": 2907386,
              "download_time": 399888.0,
              "upload_size": 3444,
              "upload_time": 154245.0
            },
            "output": {
              "bucket": "210.thumbnailer-0-output-508cd3a1-f6b0-45",
              "key": "5_asphalt-atmosphere-cloudy-sky-2739010.95c21bec..jpg"
            }
          },
          "results_time": 0
        },
        "provider_times": {
          "execution": 0,
          "initialization": 0
        },
        "request_id": "24625524-9439-441b-86f6-acfa533c6374",
        "stats": {
          "cold_start": false,
          "failure": false,
          "memory_used": null
        },
        "times": {
          "benchmark": 1156903,
          "client": 2356433,
          "client_begin": "2024-10-29 23:29:27.539048",
          "client_end": "2024-10-29 23:29:29.895481",
          "http_first_byte_return": 2.356401,
          "http_startup": 0.3172,
          "initialization": 0
        }
      },
      "2673e9ab-32d4-4ae8-8eef-995bc671e9b5": {
        "billing": {
          "_billed_time": null,
          "_gb_seconds": 0,
          "_memory": null
        },
        "output": {
          "begin": "1730244567.904800",
          "cold_start_var": "",
          "container_id": "ce921eaf",
          "end": "1730244569.060746",
          "is_cold": false,
          "request_id": "2673e9ab-32d4-4ae8-8eef-995bc671e9b5",
          "result": {
            "measurement": {
              "compute_time": 660711.0,
              "download_size": 2907386,
              "download_time": 395648.0,
              "upload_size": 3444,
              "upload_time": 99232.0
            },
            "output": {
              "bucket": "210.thumbnailer-0-output-508cd3a1-f6b0-45",
              "key": "5_asphalt-atmosphere-cloudy-sky-2739010.17b3bc3a..jpg"
            }
          },
          "results_time": 0
        },
        "provider_times": {
          "execution": 0,
          "initialization": 0
        },
        "request_id": "2673e9ab-32d4-4ae8-8eef-995bc671e9b5",
        "stats": {
          "cold_start": false,
          "failure": false,
          "memory_used": null
        },
        "times": {
          "benchmark": 1155946,
          "client": 2260086,
          "client_begin": "2024-10-29 23:29:27.633318",
          "client_end": "2024-10-29 23:29:29.893404",
          "http_first_byte_return": 2.260007,
          "http_startup": 0.228301,
          "initialization": 0
        }
      },
      "2b6e75e3-d5fa-4d78-b1a2-a27beb73459b": {
        "billing": {
          "_billed_time": null,
          "_gb_seconds": 0,
          "_memory": null
        },
        "output": {
          "begin": "1730244567.850852",
          "cold_start_var": "",
          "container_id": "16faa508",
          "end": "1730244568.983535",
          "is_cold": false,
          "request_id": "2b6e75e3-d5fa-4d78-b1a2-a27beb73459b",
          "result": {
            "measurement": {
              "compute_time": 623133.0,
              "download_size": 2907386,
              "download_time": 372417.0,
              "upload_size": 3444,
              "upload_time": 136771.0
            },
            "output": {
              "bucket": "210.thumbnailer-0-output-508cd3a1-f6b0-45",
              "key": "5_asphalt-atmosphere-cloudy-sky-2739010.c413a638..jpg"
            }
          },
          "results_time": 0
        },
        "provider_times": {
          "execution": 0,
          "initialization": 0
        },
        "request_id": "2b6e75e3-d5fa-4d78-b1a2-a27beb73459b",
        "stats": {
          "cold_start": false,
          "failure": false,
          "memory_used": null
        },
        "times": {
          "benchmark": 1132683,
          "client": 2333187,
          "client_begin": "2024-10-29 23:29:27.510913",
          "client_end": "2024-10-29 23:29:29.844100",
          "http_first_byte_return": 2.333143,
          "http_startup": 0.296806,
          "initialization": 0
        }
      },
      "2e68fad1-71d7-4b24-8817-86068aadf92d": {
        "billing": {
          "_billed_time": null,
          "_gb_seconds": 0,
          "_memory": null
        },
        "output": {
          "begin": "1730244567.914247",
          "cold_start_var": "",
          "container_id": "6fd20f31",
          "end": "1730244569.207102",
          "is_cold": false,
          "request_id": "2e68fad1-71d7-4b24-8817-86068aadf92d",
          "result": {
            "measurement": {
              "compute_time": 662242.0,
              "download_size": 2907386,
              "download_time": 413512.0,
              "upload_size": 3444,
              "upload_time": 216717.0
            },
            "output": {
              "bucket": "210.thumbnailer-0-output-508cd3a1-f6b0-45",
              "key": "5_asphalt-atmosphere-cloudy-sky-2739010.a87a800a..jpg"
            }
          },
          "results_time": 0
        },
        "provider_times": {
          "execution": 0,
          "initialization": 0
        },
        "request_id": "2e68fad1-71d7-4b24-8817-86068aadf92d",
        "stats": {
          "cold_start": false,
          "failure": false,
          "memory_used": null
        },
        "times": {
          "benchmark": 1292855,
          "client": 2333843,
          "client_begin": "2024-10-29 23:29:27.568880",
          "client_end": "2024-10-29 23:29:29.902723",
          "http_first_byte_return": 2.333804,
          "http_startup": 0.303898,
          "initialization": 0
        }
      },
      "2f9dce9c-fc5d-44ed-889c-504ec93067fa": {
        "billing": {
          "_billed_time": null,
          "_gb_seconds": 0,
          "_memory": null
        },
        "output": {
          "begin": "1730244567.870504",
          "cold_start_var": "",
          "container_id": "5e3ea753",
          "end": "1730244569.015384",
          "is_cold": false,
          "request_id": "2f9dce9c-fc5d-44ed-889c-504ec93067fa",
          "result": {
            "measurement": {
              "compute_time": 681404.0,
              "download_size": 2907386,
              "download_time": 364553.0,
              "upload_size": 3444,
              "upload_time": 98553.0
            },
            "output": {
              "bucket": "210.thumbnailer-0-output-508cd3a1-f6b0-45",
              "key": "5_asphalt-atmosphere-cloudy-sky-2739010.e3e99396..jpg"
            }
          },
          "results_time": 0
        },
        "provider_times": {
          "execution": 0,
          "initialization": 0
        },
        "request_id": "2f9dce9c-fc5d-44ed-889c-504ec93067fa",
        "stats": {
          "cold_start": false,
          "failure": false,
          "memory_used": null
        },
        "times": {
          "benchmark": 1144880,
          "client": 2323951,
          "client_begin": "2024-10-29 23:29:27.543068",
          "client_end": "2024-10-29 23:29:29.867019",
          "http_first_byte_return": 2.323916,
          "http_startup": 0.292659,
          "initialization": 0
        }
      },
      "4af15cca-f1c1-4dfa-a514-a78d38d501af": {
        "billing": {
          "_billed_time": null,
          "_gb_seconds": 0,
          "_memory": null
        },
        "output": {
          "begin": "1730244567.897002",
          "cold_start_var": "",
          "container_id": "b8c14910",
          "end": "1730244569.097666",
          "is_cold": false,
          "request_id": "4af15cca-f1c1-4dfa-a514-a78d38d501af",
          "result": {
            "measurement": {
              "compute_time": 662300.0,
              "download_size": 2907386,
              "download_time": 420562.0,
              "upload_size": 3444,
              "upload_time": 117406.0
            },
            "output": {
              "bucket": "210.thumbnailer-0-output-508cd3a1-f6b0-45",
              "key": "5_asphalt-atmosphere-cloudy-sky-2739010.6cf34730..jpg"
            }
          },
          "results_time": 0
        },
        "provider_times": {
          "execution": 0,
          "initialization": 0
        },
        "request_id": "4af15cca-f1c1-4dfa-a514-a78d38d501af",
        "stats": {
          "cold_start": false,
          "failure": false,
          "memory_used": null
        },
        "times": {
          "benchmark": 1200664,
          "client": 2367779,
          "client_begin": "2024-10-29 23:29:27.538652",
          "client_end": "2024-10-29 23:29:29.906431",
          "http_first_byte_return": 2.367729,
          "http_startup": 0.318648,
          "initialization": 0
        }
      },
      "4d2e67cb-183b-46dd-9bf0-c4e176ff2f0d": {
        "billing": {
          "_billed_time": null,
          "_gb_seconds": 0,
          "_memory": null
        },
        "output": {
          "begin": "1730244567.709921",
          "cold_start_var": "",
          "container_id": "be5b4dee",
          "end": "1730244568.950160",
          "is_cold": false,
          "request_id": "4d2e67cb-183b-46dd-9bf0-c4e176ff2f0d",
          "result": {
            "measurement": {
              "compute_time": 641259.0,
              "download_size": 2907386,
              "download_time": 480022.0,
              "upload_size": 3444,
              "upload_time": 118598.0
            },
            "output": {
              "bucket": "210.thumbnailer-0-output-508cd3a1-f6b0-45",
              "key": "5_asphalt-atmosphere-cloudy-sky-2739010.c0d67d4b..jpg"
            }
          },
          "results_time": 0
        },
        "provider_times": {
          "execution": 0,
          "initialization": 0
        },
        "request_id": "4d2e67cb-183b-46dd-9bf0-c4e176ff2f0d",
        "stats": {
          "cold_start": false,
          "failure": false,
          "memory_used": null
        },
        "times": {
          "benchmark": 1240239,
          "client": 2290761,
          "client_begin": "2024-10-29 23:29:27.519913",
          "client_end": "2024-10-29 23:29:29.810674",
          "http_first_byte_return": 2.290729,
          "http_startup": 0.158568,
          "initialization": 0
        }
      },
      "5758226f-33a4-4b42-af39-56363a697cb2": {
        "billing": {
          "_billed_time": null,
          "_gb_seconds": 0,
          "_memory": null
        },
        "output": {
          "begin": "1730244567.896535",
          "cold_start_var": "",
          "container_id": "0d8f7d11",
          "end": "1730244569.097311",
          "is_cold": false,
          "request_id": "5758226f-33a4-4b42-af39-56363a697cb2",
          "result": {
            "measurement": {
              "compute_time": 643322.0,
              "download_size": 2907386,
              "download_time": 420403.0,
              "upload_size": 3444,
              "upload_time": 136671.0
            },
            "output": {
              "bucket": "210.thumbnailer-0-output-508cd3a1-f6b0-45",
              "key": "5_asphalt-atmosphere-cloudy-sky-2739010.83532a62..jpg"
            }
          },
          "results_time": 0
        },
        "provider_times": {
          "execution": 0,
          "initialization": 0
        },
        "request_id": "5758226f-33a4-4b42-af39-56363a697cb2",
        "stats": {
          "cold_start": false,
          "failure": false,
          "memory_used": null
        },
        "times": {
          "benchmark": 1200776,
          "client": 2323018,
          "client_begin": "2024-10-29 23:29:27.579018",
          "client_end": "2024-10-29 23:29:29.902036",
          "http_first_byte_return": 2.322982,
          "http_startup": 0.272938,
          "initialization": 0
        }
      },
      "5a255201-4fda-415d-b075-70f9cf453c14": {
        "billing": {
          "_billed_time": null,
          "_gb_seconds": 0,
          "_memory": null
        },
        "output": {
          "begin": "1730244567.856339",
          "cold_start_var": "",
          "container_id": "07a5fe86",
          "end": "1730244569.023265",
          "is_cold": false,
          "request_id": "5a255201-4fda-415d-b075-70f9cf453c14",
          "result": {
            "measurement": {
              "compute_time": 660891.0,
              "download_size": 2907386,
              "download_time": 406667.0,
              "upload_size": 3444,
              "upload_time": 99006.0
            },
            "output": {
              "bucket": "210.thumbnailer-0-output-508cd3a1-f6b0-45",
              "key": "5_asphalt-atmosphere-cloudy-sky-2739010.1fa5a0c5..jpg"
            }
          },
          "results_time": 0
        },
        "provider_times": {
          "execution": 0,
          "initialization": 0
        },
        "request_id": "5a255201-4fda-415d-b075-70f9cf453c14",
        "stats": {
          "cold_start": false,
          "failure": false,
          "memory_used": null
        },
        "times": {
          "benchmark": 1166926,
          "client": 2318038,
          "client_begin": "2024-10-29 23:29:27.534242",
          "client_end": "2024-10-29 23:29:29.852280",
          "http_first_byte_return": 2.318002,
          "http_startup": 0.288165,
          "initialization": 0
        }
      },
      "5aee9b22-6922-4435-9cbe-942cbb67b229": {
        "billing": {
          "_billed_time": null,
          "_gb_seconds": 0,
          "_memory": null
        },
        "output": {
          "begin": "1730244567.923615",
          "cold_start_var": "",
          "container_id": "6744efa2",
          "end": "1730244569.146750",
          "is_cold": false,
          "request_id": "5aee9b22-6922-4435-9cbe-942cbb67b229",
          "result": {
            "measurement": {
              "compute_time": 661683.0,
              "download_size": 2907386,
              "download_time": 449443.0,
              "upload_size": 3444,
              "upload_time": 111588.0
            },
            "output": {
              "bucket": "210.thumbnailer-0-output-508cd3a1-f6b0-45",
              "key": "5_asphalt-atmosphere-cloudy-sky-2739010.aa0008ad..jpg"
            }
          },
          "results_time": 0
        },
        "provider_times": {
          "execution": 0,
          "initialization": 0
        },
        "request_id": "5aee9b22-6922-4435-9cbe-942cbb67b229",
        "stats": {
          "cold_start": false,
          "failure": false,
          "memory_used": null
        },
        "times": {
          "benchmark": 1223135,
          "client": 2372766,
          "client_begin": "2024-10-29 23:29:27.545181",
          "client_end": "2024-10-29 23:29:29.917947",
          "http_first_byte_return": 2.372721,
          "http_startup": 0.332086,
          "initialization": 0
        }
      },
      "5c000452-fe8c-4b08-a298-3db3193507dd": {
        "billing": {
          "_billed_time": null,
          "_gb_seconds": 0,
          "_memory": null
        },
        "output": {
          "begin": "1730244567.907035",
          "cold_start_var": "",
          "container_id": "33355376",
          "end": "1730244569.122703",
          "is_cold": false,
          "request_id": "5c000452-fe8c-4b08-a298-3db3193507dd",
          "result": {
            "measurement": {
              "compute_time": 661971.0,
              "download_size": 2907386,
              "download_time": 375770.0,
              "upload_size": 3444,
              "upload_time": 177511.0
            },
            "output": {
              "bucket": "210.thumbnailer-0-output-508cd3a1-f6b0-45",
              "key": "5_asphalt-atmosphere-cloudy-sky-2739010.c56838ee..jpg"
            }
          },
          "results_time": 0
        },
        "provider_times": {
          "execution": 0,
          "initialization": 0
        },
        "request_id": "5c000452-fe8c-4b08-a298-3db3193507dd",
        "stats": {
          "cold_start": false,
          "failure": false,
          "memory_used": null
        },
        "times": {
          "benchmark": 1215668,
          "client": 2285293,
          "client_begin": "2024-10-29 23:29:27.622195",
          "client_end": "2024-10-29 23:29:29.907488",
          "http_first_byte_return": 2.285258,
          "http_startup": 0.25543,
          "initialization": 0
        }
      },
      "5e7430fe-faa5-44b9-833f-060fb73b6a75": {
        "billing": {
          "_billed_time": null,
          "_gb_seconds": 0,
          "_memory": null
        },
        "output": {
          "begin": "1730244567.843110",
          "cold_start_var": "",
          "container_id": "e0ff2474",
          "end": "1730244569.031331",
          "is_cold": false,
          "request_id": "5e7430fe-faa5-44b9-833f-060fb73b6a75",
          "result": {
            "measurement": {
              "compute_time": 700055.0,
              "download_size": 2907386,
              "download_time": 387911.0,
              "upload_size": 3444,
              "upload_time": 99890.0
            },
            "output": {
              "bucket": "210.thumbnailer-0-output-508cd3a1-f6b0-45",
              "key": "5_asphalt-atmosphere-cloudy-sky-2739010.5e30ed9e..jpg"
            }
          },
          "results_time": 0
        },
        "provider_times": {
          "execution": 0,
          "initialization": 0
        },
        "request_id": "5e7430fe-faa5-44b9-833f-060fb73b6a75",
        "stats": {
          "cold_start": false,
          "failure": false,
          "memory_used": null
        },
        "times": {
          "benchmark": 1188221,
          "client": 2327072,
          "client_begin": "2024-10-29 23:29:27.515585",
          "client_end": "2024-10-29 23:29:29.842657",
          "http_first_byte_return": 2.327021,
          "http_startup": 0.295976,
          "initialization": 0
        }
      },
      "60060e52-25b8-45eb-8ee5-4cec4767318c": {
        "billing": {
          "_billed_time": null,
          "_gb_seconds": 0,
          "_memory": null
        },
        "output": {
          "begin": "1730244567.921574",
          "cold_start_var": "",
          "container_id": "7c464a2e",
          "end": "1730244569.146648",
          "is_cold": false,
          "request_id": "60060e52-25b8-45eb-8ee5-4cec4767318c",
          "result": {
            "measurement": {
              "compute_time": 680998.0,
              "download_size": 2907386,
              "download_time": 417812.0,
              "upload_size": 3444,
              "upload_time": 125911.0
            },
            "output": {
              "bucket": "210.thumbnailer-0-output-508cd3a1-f6b0-45",
              "key": "5_asphalt-atmosphere-cloudy-sky-2739010.85bdddb8..jpg"
            }
          },
          "results_time": 0
        },
        "provider_times": {
          "execution": 0,
          "initialization": 0
        },
        "request_id": "60060e52-25b8-45eb-8ee5-4cec4767318c",
        "stats": {
          "cold_start": false,
          "failure": false,
          "memory_used": null
        },
        "times": {
          "benchmark": 1225074,
          "client": 2362809,
          "client_begin": "2024-10-29 23:29:27.555027",
          "client_end": "2024-10-29 23:29:29.917836",
          "http_first_byte_return": 2.359884,
          "http_startup": 0.319094,
          "initialization": 0
        }
      },
      "6454b108-2e22-4a1d-a612-a70e660d1cec": {
        "billing": {
          "_billed_time": null,
          "_gb_seconds": 0,
          "_memory": null
        },
        "output": {
          "begin": "1730244567.897703",
          "cold_start_var": "",
          "container_id": "6b22f2ae",
          "end": "1730244569.135009",
          "is_cold": false,
          "request_id": "6454b108-2e22-4a1d-a612-a70e660d1cec",
          "result": {
            "measurement": {
              "compute_time": 661425.0,
              "download_size": 2907386,
              "download_time": 457006.0,
              "upload_size": 3444,
              "upload_time": 118441.0
            },
            "output": {
              "bucket": "210.thumbnailer-0-output-508cd3a1-f6b0-45",
              "key": "5_asphalt-atmosphere-cloudy-sky-2739010.4f4dcd16..jpg"
            }
          },
          "results_time": 0
        },
        "provider_times": {
          "execution": 0,
          "initialization": 0
        },
        "request_id": "6454b108-2e22-4a1d-a612-a70e660d1cec",
        "stats": {
          "cold_start": false,
          "failure": false,
          "memory_used": null
        },
        "times": {
          "benchmark": 1237306,
          "client": 2321578,
          "client_begin": "2024-10-29 23:29:27.571018",
          "client_end": "2024-10-29 23:29:29.892596",
          "http_first_byte_return": 2.321529,
          "http_startup": 0.292885,
          "initialization": 0
        }
      },
      "665d027f-7443-494e-8335-e89b31180f37": {
        "billing": {
          "_billed_time": null,
          "_gb_seconds": 0,
          "_memory": null
        },
        "output": {
          "begin": "1730244567.897032",
          "cold_start_var": "",
          "container_id": "7afc8262",
          "end": "1730244569.054174",
          "is_cold": false,
          "request_id": "665d027f-7443-494e-8335-e89b31180f37",
          "result": {
            "measurement": {
              "compute_time": 641832.0,
              "download_size": 2907386,
              "download_time": 376942.0,
              "upload_size": 3444,
              "upload_time": 138010.0
            },
            "output": {
              "bucket": "210.thumbnailer-0-output-508cd3a1-f6b0-45",
              "key": "5_asphalt-atmosphere-cloudy-sky-2739010.1caf5165..jpg"
            }
          },
          "results_time": 0
        },
        "provider_times": {
          "execution": 0,
          "initialization": 0
        },
        "request_id": "665d027f-7443-494e-8335-e89b31180f37",
        "stats": {
          "cold_start": false,
          "failure": false,
          "memory_used": null
        },
        "times": {
          "benchmark": 1157142,
          "client": 2251200,
          "client_begin": "2024-10-29 23:29:27.638109",
          "client_end": "2024-10-29 23:29:29.889309",
          "http_first_byte_return": 2.251166,
          "http_startup": 0.22028,
          "initialization": 0
        }
      },
      "689eca07-9c0f-495e-956f-65026fe4e47f": {
        "billing": {
          "_billed_time": null,
          "_gb_seconds": 0,
          "_memory": null
        },
        "output": {
          "begin": "1730244567.887942",
          "cold_start_var": "",
          "container_id": "6907105d",
          "end": "1730244569.106419",
          "is_cold": false,
          "request_id": "689eca07-9c0f-495e-956f-65026fe4e47f",
          "result": {
            "measurement": {
              "compute_time": 661328.0,
              "download_size": 2907386,
              "download_time": 399027.0,
              "upload_size": 3444,
              "upload_time": 157719.0
            },
            "output": {
              "bucket": "210.thumbnailer-0-output-508cd3a1-f6b0-45",
              "key": "5_asphalt-atmosphere-cloudy-sky-2739010.9760e45a..jpg"
            }
          },
          "results_time": 0
        },
        "provider_times": {
          "execution": 0,
          "initialization": 0
        },
        "request_id": "689eca07-9c0f-495e-956f-65026fe4e47f",
        "stats": {
          "cold_start": false,
          "failure": false,
          "memory_used": null
        },
        "times": {
          "benchmark": 1218477,
          "client": 2369579,
          "client_begin": "2024-10-29 23:29:27.545340",
          "client_end": "2024-10-29 23:29:29.914919",
          "http_first_byte_return": 2.368953,
          "http_startup": 0.307874,
          "initialization": 0
        }
      },
      "81073592-f644-436b-bf7c-336a1435f365": {
        "billing": {
          "_billed_time": null,
          "_gb_seconds": 0,
          "_memory": null
        },
        "output": {
          "begin": "1730244567.845292",
          "cold_start_var": "",
          "container_id": "5732e1c3",
          "end": "1730244569.023478",
          "is_cold": false,
          "request_id": "81073592-f644-436b-bf7c-336a1435f365",
          "result": {
            "measurement": {
              "compute_time": 681653.0,
              "download_size": 2907386,
              "download_time": 397737.0,
              "upload_size": 3444,
              "upload_time": 98407.0
            },
            "output": {
              "bucket": "210.thumbnailer-0-output-508cd3a1-f6b0-45",
              "key": "5_asphalt-atmosphere-cloudy-sky-2739010.3644e121..jpg"
            }
          },
          "results_time": 0
        },
        "provider_times": {
          "execution": 0,
          "initialization": 0
        },
        "request_id": "81073592-f644-436b-bf7c-336a1435f365",
        "stats": {
          "cold_start": false,
          "failure": false,
          "memory_used": null
        },
        "times": {
          "benchmark": 1178186,
          "client": 2299472,
          "client_begin": "2024-10-29 23:29:27.544082",
          "client_end": "2024-10-29 23:29:29.843554",
          "http_first_byte_return": 2.299432,
          "http_startup": 0.266706,
          "initialization": 0
        }
      },
      "81a10e2e-3be7-4b5f-a42e-aa195ef52f5b": {
        "billing": {
          "_billed_time": null,
          "_gb_seconds": 0,
          "_memory": null
        },
        "output": {
          "begin": "1730244567.916425",
          "cold_start_var": "",
          "container_id": "cdc1f709",
          "end": "1730244569.095528",
          "is_cold": false,
          "request_id": "81a10e2e-3be7-4b5f-a42e-aa195ef52f5b",
          "result": {
            "measurement": {
              "compute_time": 681518.0,
              "download_size": 2907386,
              "download_time": 398772.0,
              "upload_size": 3444,
              "upload_time": 98454.0
            },
            "output": {
              "bucket": "210.thumbnailer-0-output-508cd3a1-f6b0-45",
              "key": "5_asphalt-atmosphere-cloudy-sky-2739010.25a169a3..jpg"
            }
          },
          "results_time": 0
        },
        "provider_times": {
          "execution": 0,
          "initialization": 0
        },
        "request_id": "81a10e2e-3be7-4b5f-a42e-aa195ef52f5b",
        "stats": {
          "cold_start": false,
          "failure": false,
          "memory_used": null
        },
        "times": {
          "benchmark": 1179103,
          "client": 2296386,
          "client_begin": "2024-10-29 23:29:27.619105",
          "client_end": "2024-10-29 23:29:29.915491",
          "http_first_byte_return": 2.296333,
          "http_startup": 0.264056,
          "initialization": 0
        }
      },
      "835bfcf1-cd64-4868-a7f5-a9636395cd0f": {
        "billing": {
          "_billed_time": null,
          "_gb_seconds": 0,
          "_memory": null
        },
        "output": {
          "begin": "1730244567.860698",
          "cold_start_var": "",
          "container_id": "d7dc6e64",
          "end": "1730244569.077268",
          "is_cold": false,
          "request_id": "835bfcf1-cd64-4868-a7f5-a9636395cd0f",
          "result": {
            "measurement": {
              "compute_time": 642777.0,
              "download_size": 2907386,
              "download_time": 436214.0,
              "upload_size": 3444,
              "upload_time": 137188.0
            },
            "output": {
              "bucket": "210.thumbnailer-0-output-508cd3a1-f6b0-45",
              "key": "5_asphalt-atmosphere-cloudy-sky-2739010.1009a032..jpg"
            }
          },
          "results_time": 0
        },
        "provider_times": {
          "execution": 0,
          "initialization": 0
        },
        "request_id": "835bfcf1-cd64-4868-a7f5-a9636395cd0f",
        "stats": {
          "cold_start": false,
          "failure": false,
          "memory_used": null
        },
        "times": {
          "benchmark": 1216570,
          "client": 2336192,
          "client_begin": "2024-10-29 23:29:27.510241",
          "client_end": "2024-10-29 23:29:29.846433",
          "http_first_byte_return": 2.336135,
          "http_startup": 0.304408,
          "initialization": 0
        }
      },
      "84d7701a-21d0-4824-958f-80a22cd416c0": {
        "billing": {
          "_billed_time": null,
          "_gb_seconds": 0,
          "_memory": null
        },
        "output": {
          "begin": "1730244567.909446",
          "cold_start_var": "",
          "container_id": "1b71a11f",
          "end": "1730244569.145896",
          "is_cold": false,
          "request_id": "84d7701a-21d0-4824-958f-80a22cd416c0",
          "result": {
            "measurement": {
              "compute_time": 662226.0,
              "download_size": 2907386,
              "download_time": 435937.0,
              "upload_size": 3444,
              "upload_time": 137844.0
            },
            "output": {
              "bucket": "210.thumbnailer-0-output-508cd3a1-f6b0-45",
              "key": "5_asphalt-atmosphere-cloudy-sky-2739010.d89015e1..jpg"
            }
          },
          "results_time": 0
        },
        "provider_times": {
          "execution": 0,
          "initialization": 0
        },
        "request_id": "84d7701a-21d0-4824-958f-80a22cd416c0",
        "stats": {
          "cold_start": false,
          "failure": false,
          "memory_used": null
        },
        "times": {
          "benchmark": 1236450,
          "client": 2279489,
          "client_begin": "2024-10-29 23:29:27.625338",
          "client_end": "2024-10-29 23:29:29.904827",
          "http_first_byte_return": 2.279447,
          "http_startup": 0.247242,
          "initialization": 0
        }
      },
      "853699ab-2e02-4de4-aa91-d210f5fc2cc3": {
        "billing": {
          "_billed_time": null,
          "_gb_seconds": 0,
          "_memory": null
        },
        "output": {
          "begin": "1730244567.899741",
          "cold_start_var": "",
          "container_id": "a51c5eb2",
          "end": "1730244569.028280",
          "is_cold": false,
          "request_id": "853699ab-2e02-4de4-aa91-d210f5fc2cc3",
          "result": {
            "measurement": {
              "compute_time": 662017.0,
              "download_size": 2907386,
              "download_time": 346997.0,
              "upload_size": 3444,
              "upload_time": 119167.0
            },
            "output": {
              "bucket": "210.thumbnailer-0-output-508cd3a1-f6b0-45",
              "key": "5_asphalt-atmosphere-cloudy-sky-2739010.7e88e8fc..jpg"
            }
          },
          "results_time": 0
        },
        "provider_times": {
          "execution": 0,
          "initialization": 0
        },
        "request_id": "853699ab-2e02-4de4-aa91-d210f5fc2cc3",
        "stats": {
          "cold_start": false,
          "failure": false,
          "memory_used": null
        },
        "times": {
          "benchmark": 1128539,
          "client": 2334038,
          "client_begin": "2024-10-29 23:29:27.567034",
          "client_end": "2024-10-29 23:29:29.901072",
          "http_first_byte_return": 2.334002,
          "http_startup": 0.304458,
          "initialization": 0
        }
      },
      "88ff09a6-ed60-46a8-9b86-3cbd9e1140b4": {
        "billing": {
          "_billed_time": null,
          "_gb_seconds": 0,
          "_memory": null
        },
        "output": {
          "begin": "1730244567.901316",
          "cold_start_var": "",
          "container_id": "55e83751",
          "end": "1730244568.983383",
          "is_cold": false,
          "request_id": "88ff09a6-ed60-46a8-9b86-3cbd9e1140b4",
          "result": {
            "measurement": {
              "compute_time": 659896.0,
              "download_size": 2907386,
              "download_time": 341946.0,
              "upload_size": 3444,
              "upload_time": 79930.0
            },
            "output": {
              "bucket": "210.thumbnailer-0-output-508cd3a1-f6b0-45",
              "key": "5_asphalt-atmosphere-cloudy-sky-2739010.2d330f8e..jpg"
            }
          },
          "results_time": 0
        },
        "provider_times": {
          "execution": 0,
          "initialization": 0
        },
        "request_id": "88ff09a6-ed60-46a8-9b86-3cbd9e1140b4",
        "stats": {
          "cold_start": false,
          "failure": false,
          "memory_used": null
        },
        "times": {
          "benchmark": 1082067,
          "client": 2263388,
          "client_begin": "2024-10-29 23:29:27.633229",
          "client_end": "2024-10-29 23:29:29.896617",
          "http_first_byte_return": 2.263349,
          "http_startup": 0.235094,
          "initialization": 0
        }
      },
      "91c727bc-94d0-4883-8d88-5bae699f1895": {
        "billing": {
          "_billed_time": null,
          "_gb_seconds": 0,
          "_memory": null
        },
        "output": {
          "begin": "1730244567.805387",
          "cold_start_var": "",
          "container_id": "5e33c982",
          "end": "1730244568.981264",
          "is_cold": false,
          "request_id": "91c727bc-94d0-4883-8d88-5bae699f1895",
          "result": {
            "measurement": {
              "compute_time": 620773.0,
              "download_size": 2907386,
              "download_time": 417304.0,
              "upload_size": 3444,
              "upload_time": 137446.0
            },
            "output": {
              "bucket": "210.thumbnailer-0-output-508cd3a1-f6b0-45",
              "key": "5_asphalt-atmosphere-cloudy-sky-2739010.fcf3ff12..jpg"
            }
          },
          "results_time": 0
        },
        "provider_times": {
          "execution": 0,
          "initialization": 0
        },
        "request_id": "91c727bc-94d0-4883-8d88-5bae699f1895",
        "stats": {
          "cold_start": false,
          "failure": false,
          "memory_used": null
        },
        "times": {
          "benchmark": 1175877,
          "client": 2277770,
          "client_begin": "2024-10-29 23:29:27.526675",
          "client_end": "2024-10-29 23:29:29.804445",
          "http_first_byte_return": 2.277741,
          "http_startup": 0.249032,
          "initialization": 0
        }
      },
      "9573e72e-abaa-428c-b804-4c637da2b0b8": {
        "billing": {
          "_billed_time": null,
          "_gb_seconds": 0,
          "_memory": null
        },
        "output": {
          "begin": "1730244567.811958",
          "cold_start_var": "",
          "container_id": "dcb32d11",
          "end": "1730244568.960651",
          "is_cold": false,
          "request_id": "9573e72e-abaa-428c-b804-4c637da2b0b8",
          "result": {
            "measurement": {
              "compute_time": 661058.0,
              "download_size": 2907386,
              "download_time": 388417.0,
              "upload_size": 3444,
              "upload_time": 98909.0
            },
            "output": {
              "bucket": "210.thumbnailer-0-output-508cd3a1-f6b0-45",
              "key": "5_asphalt-atmosphere-cloudy-sky-2739010.bbc775c7..jpg"
            }
          },
          "results_time": 0
        },
        "provider_times": {
          "execution": 0,
          "initialization": 0
        },
        "request_id": "9573e72e-abaa-428c-b804-4c637da2b0b8",
        "stats": {
          "cold_start": false,
          "failure": false,
          "memory_used": null
        },
        "times": {
          "benchmark": 1148693,
          "client": 2284317,
          "client_begin": "2024-10-29 23:29:27.518846",
          "client_end": "2024-10-29 23:29:29.803163",
          "http_first_byte_return": 2.28418,
          "http_startup": 0.256865,
          "initialization": 0
        }
      },
      "a2fbefb3-4bfd-4eb1-99ba-5574670b8e25": {
        "billing": {
          "_billed_time": null,
          "_gb_seconds": 0,
          "_memory": null
        },
        "output": {
          "begin": "1730244567.912545",
          "cold_start_var": "",
          "container_id": "a8a3acc9",
          "end": "1730244569.177086",
          "is_cold": false,
          "request_id": "a2fbefb3-4bfd-4eb1-99ba-5574670b8e25",
          "result": {
            "measurement": {
              "compute_time": 682196.0,
              "download_size": 2907386,
              "download_time": 413164.0,
              "upload_size": 3444,
              "upload_time": 168827.0
            },
            "output": {
              "bucket": "210.thumbnailer-0-output-508cd3a1-f6b0-45",
              "key": "5_asphalt-atmosphere-cloudy-sky-2739010.3d8087e5..jpg"
            }
          },
          "results_time": 0
        },
        "provider_times": {
          "execution": 0,
          "initialization": 0
        },
        "request_id": "a2fbefb3-4bfd-4eb1-99ba-5574670b8e25",
        "stats": {
          "cold_start": false,
          "failure": false,
          "memory_used": null
        },
        "times": {
          "benchmark": 1264541,
          "client": 2352331,
          "client_begin": "2024-10-29 23:29:27.557361",
          "client_end": "2024-10-29 23:29:29.909692",
          "http_first_byte_return": 2.351884,
          "http_startup": 0.321187,
          "initialization": 0
        }
      },
      "b6740103-f743-470f-b4fc-c9b6a5f29bb0": {
        "billing": {
          "_billed_time": null,
          "_gb_seconds": 0,
          "_memory": null
        },
        "output": {
          "begin": "1730244567.804937",
          "cold_start_var": "",
          "container_id": "8d55aa86",
          "end": "1730244569.036378",
          "is_cold": false,
          "request_id": "b6740103-f743-470f-b4fc-c9b6a5f29bb0",
          "result": {
            "measurement": {
              "compute_time": 661630.0,
              "download_size": 2907386,
              "download_time": 431388.0,
              "upload_size": 3444,
              "upload_time": 138065.0
            },
            "output": {
              "bucket": "210.thumbnailer-0-output-508cd3a1-f6b0-45",
              "key": "5_asphalt-atmosphere-cloudy-sky-2739010.7f97d701..jpg"
            }
          },
          "results_time": 0
        },
        "provider_times": {
          "execution": 0,
          "initialization": 0
        },
        "request_id": "b6740103-f743-470f-b4fc-c9b6a5f29bb0",
        "stats": {
          "cold_start": false,
          "failure": false,
          "memory_used": null
        },
        "times": {
          "benchmark": 1231441,
          "client": 2285897,
          "client_begin": "2024-10-29 23:29:27.523274",
          "client_end": "2024-10-29 23:29:29.809171",
          "http_first_byte_return": 2.28585,
          "http_startup": 0.250927,
          "initialization": 0
        }
      },
      "b76de6b7-0208-4798-90bc-fb9f58d0aee7": {
        "billing": {
          "_billed_time": null,
          "_gb_seconds": 0,
          "_memory": null
        },
        "output": {
          "begin": "1730244567.807031",
          "cold_start_var": "",
          "container_id": "3e849d21",
          "end": "1730244569.003487",
          "is_cold": false,
          "request_id": "b76de6b7-0208-4798-90bc-fb9f58d0aee7",
          "result": {
            "measurement": {
              "compute_time": 682431.0,
              "download_size": 2907386,
              "download_time": 395918.0,
              "upload_size": 3444,
              "upload_time": 117665.0
            },
            "output": {
              "bucket": "210.thumbnailer-0-output-508cd3a1-f6b0-45",
              "key": "5_asphalt-atmosphere-cloudy-sky-2739010.343c0ed3..jpg"
            }
          },
          "results_time": 0
        },
        "provider_times": {
          "execution": 0,
          "initialization": 0
        },
        "request_id": "b76de6b7-0208-4798-90bc-fb9f58d0aee7",
        "stats": {
          "cold_start": false,
          "failure": false,
          "memory_used": null
        },
        "times": {
          "benchmark": 1196456,
          "client": 2281931,
          "client_begin": "2024-10-29 23:29:27.523574",
          "client_end": "2024-10-29 23:29:29.805505",
          "http_first_byte_return": 2.279497,
          "http_startup": 0.248259,
          "initialization": 0
        }
      },
      "bba33af9-5388-4999-9a06-5a6cd4e080c6": {
        "billing": {
          "_billed_time": null,
          "_gb_seconds": 0,
          "_memory": null
        },
        "output": {
          "begin": "1730244567.920891",
          "cold_start_var": "",
          "container_id": "b2b4aa16",
          "end": "1730244569.089733",
          "is_cold": false,
          "request_id": "bba33af9-5388-4999-9a06-5a6cd4e080c6",
          "result": {
            "measurement": {
              "compute_time": 680896.0,
              "download_size": 2907386,
              "download_time": 388539.0,
              "upload_size": 3444,
              "upload_time": 99039.0
            },
            "output": {
              "bucket": "210.thumbnailer-0-output-508cd3a1-f6b0-45",
              "key": "5_asphalt-atmosphere-cloudy-sky-2739010.5da38afc..jpg"
            }
          },
          "results_time": 0
        },
        "provider_times": {
          "execution": 0,
          "initialization": 0
        },
        "request_id": "bba33af9-5388-4999-9a06-5a6cd4e080c6",
        "stats": {
          "cold_start": false,
          "failure": false,
          "memory_used": null
        },
        "times": {
          "benchmark": 1168842,
          "client": 2253583,
          "client_begin": "2024-10-29 23:29:27.663282",
          "client_end": "2024-10-29 23:29:29.916865",
          "http_first_byte_return": 2.251553,
          "http_startup": 0.219883,
          "initialization": 0
        }
      },
      "c0403357-6da3-4fcd-894b-6bbdfed6b8a8": {
        "billing": {
          "_billed_time": null,
          "_gb_seconds": 0,
          "_memory": null
        },
        "output": {
          "begin": "1730244567.914029",
          "cold_start_var": "",
          "container_id": "9bada756",
          "end": "1730244569.083867",
          "is_cold": false,
          "request_id": "c0403357-6da3-4fcd-894b-6bbdfed6b8a8",
          "result": {
            "measurement": {
              "compute_time": 681753.0,
              "download_size": 2907386,
              "download_time": 389589.0,
              "upload_size": 3444,
              "upload_time": 98128.0
            },
            "output": {
              "bucket": "210.thumbnailer-0-output-508cd3a1-f6b0-45",
              "key": "5_asphalt-atmosphere-cloudy-sky-2739010.f17e07fc..jpg"
            }
          },
          "results_time": 0
        },
        "provider_times": {
          "execution": 0,
          "initialization": 0
        },
        "request_id": "c0403357-6da3-4fcd-894b-6bbdfed6b8a8",
        "stats": {
          "cold_start": false,
          "failure": false,
          "memory_used": null
        },
        "times": {
          "benchmark": 1169838,
          "client": 2368268,
          "client_begin": "2024-10-29 23:29:27.551023",
          "client_end": "2024-10-29 23:29:29.919291",
          "http_first_byte_return": 2.363858,
          "http_startup": 0.322812,
          "initialization": 0
        }
      },
      "c1553be6-512e-4ca4-90bf-d7fec95eed7d": {
        "billing": {
          "_billed_time": null,
          "_gb_seconds": 0,
          "_memory": null
        },
        "output": {
          "begin": "1730244567.902092",
          "cold_start_var": "",
          "container_id": "711d7871",
          "end": "1730244569.058697",
          "is_cold": false,
          "request_id": "c1553be6-512e-4ca4-90bf-d7fec95eed7d",
          "result": {
            "measurement": {
              "compute_time": 661122.0,
              "download_size": 2907386,
              "download_time": 377107.0,
              "upload_size": 3444,
              "upload_time": 118011.0
            },
            "output": {
              "bucket": "210.thumbnailer-0-output-508cd3a1-f6b0-45",
              "key": "5_asphalt-atmosphere-cloudy-sky-2739010.d45165f2..jpg"
            }
          },
          "results_time": 0
        },
        "provider_times": {
          "execution": 0,
          "initialization": 0
        },
        "request_id": "c1553be6-512e-4ca4-90bf-d7fec95eed7d",
        "stats": {
          "cold_start": false,
          "failure": false,
          "memory_used": null
        },
        "times": {
          "benchmark": 1156605,
          "client": 2256503,
          "client_begin": "2024-10-29 23:29:27.643014",
          "client_end": "2024-10-29 23:29:29.899517",
          "http_first_byte_return": 2.256465,
          "http_startup": 0.225693,
          "initialization": 0
        }
      },
      "c644e390-d72e-4fca-9c3a-8d87fb5215ef": {
        "billing": {
          "_billed_time": null,
          "_gb_seconds": 0,
          "_memory": null
        },
        "output": {
          "begin": "1730244567.910661",
          "cold_start_var": "",
          "container_id": "df28ff62",
          "end": "1730244569.070072",
          "is_cold": false,
          "request_id": "c644e390-d72e-4fca-9c3a-8d87fb5215ef",
          "result": {
            "measurement": {
              "compute_time": 661336.0,
              "download_size": 2907386,
              "download_time": 379263.0,
              "upload_size": 3444,
              "upload_time": 118416.0
            },
            "output": {
              "bucket": "210.thumbnailer-0-output-508cd3a1-f6b0-45",
              "key": "5_asphalt-atmosphere-cloudy-sky-2739010.86e4eece..jpg"
            }
          },
          "results_time": 0
        },
        "provider_times": {
          "execution": 0,
          "initialization": 0
        },
        "request_id": "c644e390-d72e-4fca-9c3a-8d87fb5215ef",
        "stats": {
          "cold_start": false,
          "failure": false,
          "memory_used": null
        },
        "times": {
          "benchmark": 1159411,
          "client": 2286958,
          "client_begin": "2024-10-29 23:29:27.619160",
          "client_end": "2024-10-29 23:29:29.906118",
          "http_first_byte_return": 2.286922,
          "http_startup": 0.256218,
          "initialization": 0
        }
      },
      "c829535c-61ef-439d-be78-55dbc5d0ae33": {
        "billing": {
          "_billed_time": null,
          "_gb_seconds": 0,
          "_memory": null
        },
        "output": {
          "begin": "1730244567.913831",
          "cold_start_var": "",
          "container_id": "83ee22b6",
          "end": "1730244569.133620",
          "is_cold": false,
          "request_id": "c829535c-61ef-439d-be78-55dbc5d0ae33",
          "result": {
            "measurement": {
              "compute_time": 662023.0,
              "download_size": 2907386,
              "download_time": 399483.0,
              "upload_size": 3444,
              "upload_time": 157919.0
            },
            "output": {
              "bucket": "210.thumbnailer-0-output-508cd3a1-f6b0-45",
              "key": "5_asphalt-atmosphere-cloudy-sky-2739010.25815d3b..jpg"
            }
          },
          "results_time": 0
        },
        "provider_times": {
          "execution": 0,
          "initialization": 0
        },
        "request_id": "c829535c-61ef-439d-be78-55dbc5d0ae33",
        "stats": {
          "cold_start": false,
          "failure": false,
          "memory_used": null
        },
        "times": {
          "benchmark": 1219789,
          "client": 2249833,
          "client_begin": "2024-10-29 23:29:27.666389",
          "client_end": "2024-10-29 23:29:29.916222",
          "http_first_byte_return": 2.246206,
          "http_startup": 0.214831,
          "initialization": 0
        }
      },
      "ca434ecd-0000-43b1-8677-7e41e0b611f1": {
        "billing": {
          "_billed_time": null,
          "_gb_seconds": 0,
          "_memory": null
        },
        "output": {
          "begin": "1730244567.898773",
          "cold_start_var": "",
          "container_id": "f69b4e51",
          "end": "1730244569.072575",
          "is_cold": false,
          "request_id": "ca434ecd-0000-43b1-8677-7e41e0b611f1",
          "result": {
            "measurement": {
              "compute_time": 700124.0,
              "download_size": 2907386,
              "download_time": 374013.0,
              "upload_size": 3444,
              "upload_time": 99292.0
            },
            "output": {
              "bucket": "210.thumbnailer-0-output-508cd3a1-f6b0-45",
              "key": "5_asphalt-atmosphere-cloudy-sky-2739010.d57eec4b..jpg"
            }
          },
          "results_time": 0
        },
        "provider_times": {
          "execution": 0,
          "initialization": 0
        },
        "request_id": "ca434ecd-0000-43b1-8677-7e41e0b611f1",
        "stats": {
          "cold_start": false,
          "failure": false,
          "memory_used": null
        },
        "times": {
          "benchmark": 1173802,
          "client": 2258377,
          "client_begin": "2024-10-29 23:29:27.641217",
          "client_end": "2024-10-29 23:29:29.899594",
          "http_first_byte_return": 2.258339,
          "http_startup": 0.226537,
          "initialization": 0
        }
      },
      "cfac1779-2160-4fbc-baf9-ff24933004c0": {
        "billing": {
          "_billed_time": null,
          "_gb_seconds": 0,
          "_memory": null
        },
        "output": {
          "begin": "1730244567.844604",
          "cold_start_var": "",
          "container_id": "097fb521",
          "end": "1730244568.968680",
          "is_cold": false,
          "request_id": "cfac1779-2160-4fbc-baf9-ff24933004c0",
          "result": {
            "measurement": {
              "compute_time": 661510.0,
              "download_size": 2907386,
              "download_time": 363772.0,
              "upload_size": 3444,
              "upload_time": 98448.0
            },
            "output": {
              "bucket": "210.thumbnailer-0-output-508cd3a1-f6b0-45",
              "key": "5_asphalt-atmosphere-cloudy-sky-2739010.b333d1f6..jpg"
            }
          },
          "results_time": 0
        },
        "provider_times": {
          "execution": 0,
          "initialization": 0
        },
        "request_id": "cfac1779-2160-4fbc-baf9-ff24933004c0",
        "stats": {
          "cold_start": false,
          "failure": false,
          "memory_used": null
        },
        "times": {
          "benchmark": 1124076,
          "client": 2317171,
          "client_begin": "2024-10-29 23:29:27.537840",
          "client_end": "2024-10-29 23:29:29.855011",
          "http_first_byte_return": 2.317137,
          "http_startup": 0.271484,
          "initialization": 0
        }
      },
      "d065cbda-3ed1-4a2a-8c85-80a48ece1989": {
        "billing": {
          "_billed_time": null,
          "_gb_seconds": 0,
          "_memory": null
        },
        "output": {
          "begin": "1730244567.906292",
          "cold_start_var": "",
          "container_id": "27062bfa",
          "end": "1730244569.062378",
          "is_cold": false,
          "request_id": "d065cbda-3ed1-4a2a-8c85-80a48ece1989",
          "result": {
            "measurement": {
              "compute_time": 661032.0,
              "download_size": 2907386,
              "download_time": 394847.0,
              "upload_size": 3444,
              "upload_time": 99856.0
            },
            "output": {
              "bucket": "210.thumbnailer-0-output-508cd3a1-f6b0-45",
              "key": "5_asphalt-atmosphere-cloudy-sky-2739010.1661486a..jpg"
            }
          },
          "results_time": 0
        },
        "provider_times": {
          "execution": 0,
          "initialization": 0
        },
        "request_id": "d065cbda-3ed1-4a2a-8c85-80a48ece1989",
        "stats": {
          "cold_start": false,
          "failure": false,
          "memory_used": null
        },
        "times": {
          "benchmark": 1156086,
          "client": 2256587,
          "client_begin": "2024-10-29 23:29:27.635006",
          "client_end": "2024-10-29 23:29:29.891593",
          "http_first_byte_return": 2.25655,
          "http_startup": 0.228871,
          "initialization": 0
        }
      },
      "d6367018-425a-46a6-87bc-7cd6019ec8cf": {
        "billing": {
          "_billed_time": null,
          "_gb_seconds": 0,
          "_memory": null
        },
        "output": {
          "begin": "1730244567.915550",
          "cold_start_var": "",
          "container_id": "0c2c8c98",
          "end": "1730244569.090255",
          "is_cold": false,
          "request_id": "d6367018-425a-46a6-87bc-7cd6019ec8cf",
          "result": {
            "measurement": {
              "compute_time": 662450.0,
              "download_size": 2907386,
              "download_time": 393727.0,
              "upload_size": 3444,
              "upload_time": 118119.0
            },
            "output": {
              "bucket": "210.thumbnailer-0-output-508cd3a1-f6b0-45",
              "key": "5_asphalt-atmosphere-cloudy-sky-2739010.ec5b91ac..jpg"
            }
          },
          "results_time": 0
        },
        "provider_times": {
          "execution": 0,
          "initialization": 0
        },
        "request_id": "d6367018-425a-46a6-87bc-7cd6019ec8cf",
        "stats": {
          "cold_start": false,
          "failure": false,
          "memory_used": null
        },
        "times": {
          "benchmark": 1174705,
          "client": 2271861,
          "client_begin": "2024-10-29 23:29:27.641275",
          "client_end": "2024-10-29 23:29:29.913136",
          "http_first_byte_return": 2.271824,
          "http_startup": 0.240724,
          "initialization": 0
        }
      },
      "d6f1f9a7-0965-49fb-8dc9-32df1610060d": {
        "billing": {
          "_billed_time": null,
          "_gb_seconds": 0,
          "_memory": null
        },
        "output": {
          "begin": "1730244567.914910",
          "cold_start_var": "",
          "container_id": "13b710ba",
          "end": "1730244569.183709",
          "is_cold": false,
          "request_id": "d6f1f9a7-0965-49fb-8dc9-32df1610060d",
          "result": {
            "measurement": {
              "compute_time": 662231.0,
              "download_size": 2907386,
              "download_time": 488341.0,
              "upload_size": 3444,
              "upload_time": 117745.0
            },
            "output": {
              "bucket": "210.thumbnailer-0-output-508cd3a1-f6b0-45",
              "key": "5_asphalt-atmosphere-cloudy-sky-2739010.071693b2..jpg"
            }
          },
          "results_time": 0
        },
        "provider_times": {
          "execution": 0,
          "initialization": 0
        },
        "request_id": "d6f1f9a7-0965-49fb-8dc9-32df1610060d",
        "stats": {
          "cold_start": false,
          "failure": false,
          "memory_used": null
        },
        "times": {
          "benchmark": 1268799,
          "client": 2242106,
          "client_begin": "2024-10-29 23:29:27.669467",
          "client_end": "2024-10-29 23:29:29.911573",
          "http_first_byte_return": 2.240566,
          "http_startup": 0.211669,
          "initialization": 0
        }
      },
      "d8cebf3f-6bda-4cf3-8285-5da197efaedd": {
        "billing": {
          "_billed_time": null,
          "_gb_seconds": 0,
          "_memory": null
        },
        "output": {
          "begin": "1730244567.844704",
          "cold_start_var": "",
          "container_id": "d55b9182",
          "end": "1730244569.009960",
          "is_cold": false,
          "request_id": "d8cebf3f-6bda-4cf3-8285-5da197efaedd",
          "result": {
            "measurement": {
              "compute_time": 681078.0,
              "download_size": 2907386,
              "download_time": 384882.0,
              "upload_size": 3444,
              "upload_time": 98936.0
            },
            "output": {
              "bucket": "210.thumbnailer-0-output-508cd3a1-f6b0-45",
              "key": "5_asphalt-atmosphere-cloudy-sky-2739010.e015a71f..jpg"
            }
          },
          "results_time": 0
        },
        "provider_times": {
          "execution": 0,
          "initialization": 0
        },
        "request_id": "d8cebf3f-6bda-4cf3-8285-5da197efaedd",
        "stats": {
          "cold_start": false,
          "failure": false,
          "memory_used": null
        },
        "times": {
          "benchmark": 1165256,
          "client": 2296376,
          "client_begin": "2024-10-29 23:29:27.542661",
          "client_end": "2024-10-29 23:29:29.839037",
          "http_first_byte_return": 2.296326,
          "http_startup": 0.265849,
          "initialization": 0
        }
      },
      "da4b338c-4e83-4dc3-86ae-687f0e5dd088": {
        "billing": {
          "_billed_time": null,
          "_gb_seconds": 0,
          "_memory": null
        },
        "output": {
          "begin": "1730244567.738315",
          "cold_start_var": "",
          "container_id": "0a351910",
          "end": "1730244568.926659",
          "is_cold": false,
          "request_id": "da4b338c-4e83-4dc3-86ae-687f0e5dd088",
          "result": {
            "measurement": {
              "compute_time": 661705.0,
              "download_size": 2907386,
              "download_time": 391759.0,
              "upload_size": 3444,
              "upload_time": 134517.0
            },
            "output": {
              "bucket": "210.thumbnailer-0-output-508cd3a1-f6b0-45",
              "key": "5_asphalt-atmosphere-cloudy-sky-2739010.c46b153c..jpg"
            }
          },
          "results_time": 0
        },
        "provider_times": {
          "execution": 0,
          "initialization": 0
        },
        "request_id": "da4b338c-4e83-4dc3-86ae-687f0e5dd088",
        "stats": {
          "cold_start": false,
          "failure": false,
          "memory_used": null
        },
        "times": {
          "benchmark": 1188344,
          "client": 2275048,
          "client_begin": "2024-10-29 23:29:27.528001",
          "client_end": "2024-10-29 23:29:29.803049",
          "http_first_byte_return": 2.274999,
          "http_startup": 0.166892,
          "initialization": 0
        }
      },
      "deabb62e-1950-4e61-9fb1-ad42ad257a98": {
        "billing": {
          "_billed_time": null,
          "_gb_seconds": 0,
          "_memory": null
        },
        "output": {
          "begin": "1730244567.888531",
          "cold_start_var": "",
          "container_id": "8a28ccca",
          "end": "1730244568.993656",
          "is_cold": false,
          "request_id": "deabb62e-1950-4e61-9fb1-ad42ad257a98",
          "result": {
            "measurement": {
              "compute_time": 661076.0,
              "download_size": 2907386,
              "download_time": 341666.0,
              "upload_size": 3444,
              "upload_time": 102007.0
            },
            "output": {
              "bucket": "210.thumbnailer-0-output-508cd3a1-f6b0-45",
              "key": "5_asphalt-atmosphere-cloudy-sky-2739010.0c0a834d..jpg"
            }
          },
          "results_time": 0
        },
        "provider_times": {
          "execution": 0,
          "initialization": 0
        },
        "request_id": "deabb62e-1950-4e61-9fb1-ad42ad257a98",
        "stats": {
          "cold_start": false,
          "failure": false,
          "memory_used": null
        },
        "times": {
          "benchmark": 1105125,
          "client": 2320598,
          "client_begin": "2024-10-29 23:29:27.568553",
          "client_end": "2024-10-29 23:29:29.889151",
          "http_first_byte_return": 2.320558,
          "http_startup": 0.289389,
          "initialization": 0
        }
      },
      "e27d102a-0a5c-466a-9087-568f56ec97a7": {
        "billing": {
          "_billed_time": null,
          "_gb_seconds": 0,
          "_memory": null
        },
        "output": {
          "begin": "1730244567.906649",
          "cold_start_var": "",
          "container_id": "e1671bf3",
          "end": "1730244569.041249",
          "is_cold": false,
          "request_id": "e27d102a-0a5c-466a-9087-568f56ec97a7",
          "result": {
            "measurement": {
              "compute_time": 661074.0,
              "download_size": 2907386,
              "download_time": 370482.0,
              "upload_size": 3444,
              "upload_time": 102673.0
            },
            "output": {
              "bucket": "210.thumbnailer-0-output-508cd3a1-f6b0-45",
              "key": "5_asphalt-atmosphere-cloudy-sky-2739010.37092ca4..jpg"
            }
          },
          "results_time": 0
        },
        "provider_times": {
          "execution": 0,
          "initialization": 0
        },
        "request_id": "e27d102a-0a5c-466a-9087-568f56ec97a7",
        "stats": {
          "cold_start": false,
          "failure": false,
          "memory_used": null
        },
        "times": {
          "benchmark": 1134600,
          "client": 2265580,
          "client_begin": "2024-10-29 23:29:27.625391",
          "client_end": "2024-10-29 23:29:29.890971",
          "http_first_byte_return": 2.265518,
          "http_startup": 0.236201,
          "initialization": 0
        }
      },
      "ebe20e13-dad3-496b-a850-c7aa8e07185d": {
        "billing": {
          "_billed_time": null,
          "_gb_seconds": 0,
          "_memory": null
        },
        "output": {
          "begin": "1730244567.914240",
          "cold_start_var": "",
          "container_id": "bccc264d",
          "end": "1730244569.123138",
          "is_cold": false,
          "request_id": "ebe20e13-dad3-496b-a850-c7aa8e07185d",
          "result": {
            "measurement": {
              "compute_time": 681114.0,
              "download_size": 2907386,
              "download_time": 409164.0,
              "upload_size": 3444,
              "upload_time": 118254.0
            },
            "output": {
              "bucket": "210.thumbnailer-0-output-508cd3a1-f6b0-45",
              "key": "5_asphalt-atmosphere-cloudy-sky-2739010.ae5ef1ca..jpg"
            }
          },
          "results_time": 0
        },
        "provider_times": {
          "execution": 0,
          "initialization": 0
        },
        "request_id": "ebe20e13-dad3-496b-a850-c7aa8e07185d",
        "stats": {
          "cold_start": false,
          "failure": false,
          "memory_used": null
        },
        "times": {
          "benchmark": 1208898,
          "client": 2329546,
          "client_begin": "2024-10-29 23:29:27.581107",
          "client_end": "2024-10-29 23:29:29.910653",
          "http_first_byte_return": 2.329504,
          "http_startup": 0.298883,
          "initialization": 0
        }
      },
      "f0e04226-d163-40c1-ba00-4527a09ea9a6": {
        "billing": {
          "_billed_time": null,
          "_gb_seconds": 0,
          "_memory": null
        },
        "output": {
          "begin": "1730244567.907802",
          "cold_start_var": "",
          "container_id": "c64566e5",
          "end": "1730244569.049092",
          "is_cold": false,
          "request_id": "f0e04226-d163-40c1-ba00-4527a09ea9a6",
          "result": {
            "measurement": {
              "compute_time": 661753.0,
              "download_size": 2907386,
              "download_time": 361018.0,
              "upload_size": 3444,
              "upload_time": 118153.0
            },
            "output": {
              "bucket": "210.thumbnailer-0-output-508cd3a1-f6b0-45",
              "key": "5_asphalt-atmosphere-cloudy-sky-2739010.9b51c9e9..jpg"
            }
          },
          "results_time": 0
        },
        "provider_times": {
          "execution": 0,
          "initialization": 0
        },
        "request_id": "f0e04226-d163-40c1-ba00-4527a09ea9a6",
        "stats": {
          "cold_start": false,
          "failure": false,
          "memory_used": null
        },
        "times": {
          "benchmark": 1141290,
          "client": 2277212,
          "client_begin": "2024-10-29 23:29:27.630129",
          "client_end": "2024-10-29 23:29:29.907341",
          "http_first_byte_return": 2.277173,
          "http_startup": 0.248783,
          "initialization": 0
        }
      },
      "f3f44c75-6282-409a-8675-236c1e1363af": {
        "billing": {
          "_billed_time": null,
          "_gb_seconds": 0,
          "_memory": null
        },
        "output": {
          "begin": "1730244567.882469",
          "cold_start_var": "",
          "container_id": "de95a6d5",
          "end": "1730244569.014248",
          "is_cold": false,
          "request_id": "f3f44c75-6282-409a-8675-236c1e1363af",
          "result": {
            "measurement": {
              "compute_time": 661019.0,
              "download_size": 2907386,
              "download_time": 371535.0,
              "upload_size": 3444,
              "upload_time": 98868.0
            },
            "output": {
              "bucket": "210.thumbnailer-0-output-508cd3a1-f6b0-45",
              "key": "5_asphalt-atmosphere-cloudy-sky-2739010.883af60f..jpg"
            }
          },
          "results_time": 0
        },
        "provider_times": {
          "execution": 0,
          "initialization": 0
        },
        "request_id": "f3f44c75-6282-409a-8675-236c1e1363af",
        "stats": {
          "cold_start": false,
          "failure": false,
          "memory_used": null
        },
        "times": {
          "benchmark": 1131779,
          "client": 2253969,
          "client_begin": "2024-10-29 23:29:27.627032",
          "client_end": "2024-10-29 23:29:29.881001",
          "http_first_byte_return": 2.253856,
          "http_startup": 0.225505,
          "initialization": 0
        }
      },
      "fb02e101-e330-453b-8c1e-a796e59ab716": {
        "billing": {
          "_billed_time": null,
          "_gb_seconds": 0,
          "_memory": null
        },
        "output": {
          "begin": "1730244567.806565",
          "cold_start_var": "",
          "container_id": "2012815c",
          "end": "1730244568.967500",
          "is_cold": false,
          "request_id": "fb02e101-e330-453b-8c1e-a796e59ab716",
          "result": {
            "measurement": {
              "compute_time": 661069.0,
              "download_size": 2907386,
              "download_time": 400637.0,
              "upload_size": 3444,
              "upload_time": 98857.0
            },
            "output": {
              "bucket": "210.thumbnailer-0-output-508cd3a1-f6b0-45",
              "key": "5_asphalt-atmosphere-cloudy-sky-2739010.1d87d20b..jpg"
            }
          },
          "results_time": 0
        },
        "provider_times": {
          "execution": 0,
          "initialization": 0
        },
        "request_id": "fb02e101-e330-453b-8c1e-a796e59ab716",
        "stats": {
          "cold_start": false,
          "failure": false,
          "memory_used": null
        },
        "times": {
          "benchmark": 1160935,
          "client": 2270033,
          "client_begin": "2024-10-29 23:29:27.531124",
          "client_end": "2024-10-29 23:29:29.801157",
          "http_first_byte_return": 2.269973,
          "http_startup": 0.241511,
          "initialization": 0
        }
      }
    }
  },
  "_metrics": {},
  "begin_time": 1730244550.041099,
  "config": {
    "deployment": {
      "credentials": {
        "account_id": "314211295665"
      },
      "name": "aws",
      "region": "us-east-1",
      "resources": {
        "http-apis": {
          "120_uploader_python_3_8-http-api": {
            "arn": "arn:aws:execute-api:us-east-1:314211295665:orle8njuxg",
            "endpoint": "https://orle8njuxg.execute-api.us-east-1.amazonaws.com"
          },
          "210_thumbnailer_python_3_8-http-api": {
            "arn": "arn:aws:execute-api:us-east-1:314211295665:1owsl69vx2",
            "endpoint": "https://1owsl69vx2.execute-api.us-east-1.amazonaws.com"
          }
        },
        "lambda-role": "arn:aws:iam::314211295665:role/sebs-lambda-role"
      }
    },
    "experiments": {
      "architecture": "x86_64",
      "download_results": true,
      "experiments": {
        "eviction-model": {
          "function_copy_idx": 0,
          "invocations": 1,
          "repetitions": 5,
          "sleep": 1
        },
        "invocation-overhead": {
          "N": 20,
          "code_begin": 1048576,
          "code_end": 261619712,
          "code_points": 20,
          "payload_begin": 1024,
          "payload_end": 6251000,
          "payload_points": 20,
          "repetitions": 5,
          "type": "payload"
        },
        "network-ping-pong": {
          "invocations": 50,
          "repetitions": 1000,
          "threads": 1
        },
        "perf-cost": {
          "benchmark": "210.thumbnailer",
          "concurrent-invocations": 50,
          "experiments": [
            "cold",
            "warm"
          ],
          "input-size": "test",
          "memory-sizes": [
            128,
            256,
            512,
            1024
          ],
          "repetitions": 50
        }
      },
      "flags": {},
      "runtime": {
        "language": "python",
        "version": "3.8"
      },
      "update_code": false,
      "update_storage": false
    }
  },
  "end_time": 1730244574.921887,
  "result_bucket": null,
  "statistics": {
    "cold_count": 0,
    "failures": [],
    "failures_count": 0,
    "incorrect": [],
    "incorrect_count": 0,
    "samples_generated": 50
  }
}