{
  "_invocations": {
    "210_thumbnailer_python_3_8": {
      "01397622-73b0-4d77-ba01-1cef7f7e1ecd": {
        "billing": {
          "_billed_time": null,
          "_gb_seconds": 0,
          "_memory": null
        },
        "output": {
          "begin": "1730244743.326752",
          "cold_start_var": "",
          "container_id": "f7a3f981",
          "end": "1730244743.531053",
          "is_cold": false,
          "request_id": "01397622-73b0-4d77-ba01-1cef7f7e1ecd",
          "result": {
            "measurement": {
              "compute_time": 71710.0,
              "download_size": 2907386,
              "download_time": 72611.0,
              "upload_size": 3444,
              "upload_time": 59641.0
            },
            "output": {
              "bucket": "210.thumbnailer-0-output-508cd3a1-f6b0-45",
              "key": "5_asphalt-atmosphere-cloudy-sky-2739010.3ee940e9..jpg"
            }
          },
          "results_time": 0
        },
        "provider_times": {
          "execution": 0,
          "initialization": 0
        },
        "request_id": "01397622-73b0-4d77-ba01-1cef7f7e1ecd",
        "stats": {
          "cold_start": false,
          "failure": false,
          "memory_used": null
        },
        "times": {
          "benchmark": 204301,
          "client": 597335,
          "client_begin": "2024-10-29 23:32:22.950233",
          "client_end": "2024-10-29 23:32:23.547568",
          "http_first_byte_return": 0.597299,
          "http_startup": 0.34629,
          "initialization": 0
        }
      },
      "028948aa-2bdc-4940-8cc3-3c3445b4060e": {
        "billing": {
          "_billed_time": null,
          "_gb_seconds": 0,
          "_memory": null
        },
        "output": {
          "begin": "1730244743.302521",
          "cold_start_var": "",
          "container_id": "692f9721",
          "end": "1730244743.525691",
          "is_cold": false,
          "request_id": "028948aa-2bdc-4940-8cc3-3c3445b4060e",
          "result": {
            "measurement": {
              "compute_time": 75959.0,
              "download_size": 2907386,
              "download_time": 75342.0,
              "upload_size": 3444,
              "upload_time": 71495.0
            },
            "output": {
              "bucket": "210.thumbnailer-0-output-508cd3a1-f6b0-45",
              "key": "5_asphalt-atmosphere-cloudy-sky-2739010.f9e6dd66..jpg"
            }
          },
          "results_time": 0
        },
        "provider_times": {
          "execution": 0,
          "initialization": 0
        },
        "request_id": "028948aa-2bdc-4940-8cc3-3c3445b4060e",
        "stats": {
          "cold_start": false,
          "failure": false,
          "memory_used": null
        },
        "times": {
          "benchmark": 223170,
          "client": 517000,
          "client_begin": "2024-10-29 23:32:23.025282",
          "client_end": "2024-10-29 23:32:23.542282",
          "http_first_byte_return": 0.516963,
          "http_startup": 0.238664,
          "initialization": 0
        }
      },
      "0d55a569-06a7-42a0-9276-dc00848ae888": {
        "billing": {
          "_billed_time": null,
          "_gb_seconds": 0,
          "_memory": null
        },
        "output": {
          "begin": "1730244743.316307",
          "cold_start_var": "",
          "container_id": "621b180a",
          "end": "1730244743.494580",
          "is_cold": false,
          "request_id": "0d55a569-06a7-42a0-9276-dc00848ae888",
          "result": {
            "measurement": {
              "compute_time": 80578.0,
              "download_size": 2907386,
              "download_time": 67629.0,
              "upload_size": 3444,
              "upload_time": 29711.0
            },
            "output": {
              "bucket": "210.thumbnailer-0-output-508cd3a1-f6b0-45",
              "key": "5_asphalt-atmosphere-cloudy-sky-2739010.2554589e..jpg"
            }
          },
          "results_time": 0
        },
        "provider_times": {
          "execution": 0,
          "initialization": 0
        },
        "request_id": "0d55a569-06a7-42a0-9276-dc00848ae888",
        "stats": {
          "cold_start": false,
          "failure": false,
          "memory_used": null
        },
        "times": {
          "benchmark": 178273,
          "client": 508788,
          "client_begin": "2024-10-29 23:32:23.002114",
          "client_end": "2024-10-29 23:32:23.510902",
          "http_first_byte_return": 0.508734,
          "http_startup": 0.278178,
          "initialization": 0
        }
      },
      "11e00113-1d20-4148-9be6-de8a88007ac0": {
        "billing": {
          "_billed_time": null,
          "_gb_seconds": 0,
          "_memory": null
        },
        "output": {
          "begin": "1730244743.322198",
          "cold_start_var": "",
          "container_id": "78b6a51d",
          "end": "1730244743.519278",
          "is_cold": false,
          "request_id": "11e00113-1d20-4148-9be6-de8a88007ac0",
          "result": {
            "measurement": {
              "compute_time": 78480.0,
              "download_size": 2907386,
              "download_time": 71246.0,
              "upload_size": 3444,
              "upload_time": 47001.0
            },
            "output": {
              "bucket": "210.thumbnailer-0-output-508cd3a1-f6b0-45",
              "key": "5_asphalt-atmosphere-cloudy-sky-2739010.6c6df6f9..jpg"
            }
          },
          "results_time": 0
        },
        "provider_times": {
          "execution": 0,
          "initialization": 0
        },
        "request_id": "11e00113-1d20-4148-9be6-de8a88007ac0",
        "stats": {
          "cold_start": false,
          "failure": false,
          "memory_used": null
        },
        "times": {
          "benchmark": 197080,
          "client": 569721,
          "client_begin": "2024-10-29 23:32:22.967035",
          "client_end": "2024-10-29 23:32:23.536756",
          "http_first_byte_return": 0.569684,
          "http_startup": 0.32489,
          "initialization": 0
        }
      },
      "12eb1b6a-93c8-4005-b545-7ce95d5fb3ec": {
        "billing": {
          "_billed_time": null,
          "_gb_seconds": 0,
          "_memory": null
        },
        "output": {
          "begin": "1730244743.333321",
          "cold_start_var": "",
          "container_id": "7d684259",
          "end": "1730244743.625319",
          "is_cold": false,
          "request_id": "12eb1b6a-93c8-4005-b545-7ce95d5fb3ec",
          "result": {
            "measurement": {
              "compute_time": 82503.0,
              "download_size": 2907386,
              "download_time": 108715.0,
              "upload_size": 3444,
              "upload_time": 100403.0
            },
            "output": {
              "bucket": "210.thumbnailer-0-output-508cd3a1-f6b0-45",
              "key": "5_asphalt-atmosphere-cloudy-sky-2739010.43ddc566..jpg"
            }
          },
          "results_time": 0
        },
        "provider_times": {
          "execution": 0,
          "initialization": 0
        },
        "request_id": "12eb1b6a-93c8-4005-b545-7ce95d5fb3ec",
        "stats": {
          "cold_start": false,
          "failure": false,
          "memory_used": null
        },
        "times": {
          "benchmark": 291998,
          "client": 620871,
          "client_begin": "2024-10-29 23:32:23.022106",
          "client_end": "2024-10-29 23:32:23.642977",
          "http_first_byte_return": 0.62081,
          "http_startup": 0.2836,
          "initialization": 0
        }
      },
      "1486c1cb-e099-4f13-894f-091025ce5057": {
        "billing": {
          "_billed_time": null,
          "_gb_seconds": 0,
          "_memory": null
        },
        "output": {
          "begin": "1730244743.343544",
          "cold_start_var": "",
          "container_id": "991187f5",
          "end": "1730244743.622017",
          "is_cold": false,
          "request_id": "1486c1cb-e099-4f13-894f-091025ce5057",
          "result": {
            "measurement": {
              "compute_time": 70188.0,
              "download_size": 2907386,
              "download_time": 151775.0,
              "upload_size": 3444,
              "upload_time": 56141.0
            },
            "output": {
              "bucket": "210.thumbnailer-0-output-508cd3a1-f6b0-45",
              "key": "5_asphalt-atmosphere-cloudy-sky-2739010.9a3ea249..jpg"
            }
          },
          "results_time": 0
        },
        "provider_times": {
          "execution": 0,
          "initialization": 0
        },
        "request_id": "1486c1cb-e099-4f13-894f-091025ce5057",
        "stats": {
          "cold_start": false,
          "failure": false,
          "memory_used": null
        },
        "times": {
          "benchmark": 278473,
          "client": 684907,
          "client_begin": "2024-10-29 23:32:22.953337",
          "client_end": "2024-10-29 23:32:23.638244",
          "http_first_byte_return": 0.684868,
          "http_startup": 0.356222,
          "initialization": 0
        }
      },
      "16c33677-ae17-47a7-b4b3-9694a73634b4": {
        "billing": {
          "_billed_time": null,
          "_gb_seconds": 0,
          "_memory": null
        },
        "output": {
          "begin": "1730244743.222270",
          "cold_start_var": "",
          "container_id": "38988073",
          "end": "1730244743.441876",
          "is_cold": false,
          "request_id": "16c33677-ae17-47a7-b4b3-9694a73634b4",
          "result": {
            "measurement": {
              "compute_time": 79918.0,
              "download_size": 2907386,
              "download_time": 78506.0,
              "upload_size": 3444,
              "upload_time": 60816.0
            },
            "output": {
              "bucket": "210.thumbnailer-0-output-508cd3a1-f6b0-45",
              "key": "5_asphalt-atmosphere-cloudy-sky-2739010.e8697605..jpg"
            }
          },
          "results_time": 0
        },
        "provider_times": {
          "execution": 0,
          "initialization": 0
        },
        "request_id": "16c33677-ae17-47a7-b4b3-9694a73634b4",
        "stats": {
          "cold_start": false,
          "failure": false,
          "memory_used": null
        },
        "times": {
          "benchmark": 219606,
          "client": 520153,
          "client_begin": "2024-10-29 23:32:22.937954",
          "client_end": "2024-10-29 23:32:23.458107",
          "http_first_byte_return": 0.520107,
          "http_startup": 0.254629,
          "initialization": 0
        }
      },
      "1ff775a2-651e-48b9-9d16-21959cfdc1cc": {
        "billing": {
          "_billed_time": null,
          "_gb_seconds": 0,
          "_memory": null
        },
        "output": {
          "begin": "1730244743.322832",
          "cold_start_var": "",
          "container_id": "7f0c8b40",
          "end": "1730244743.582913",
          "is_cold": false,
          "request_id": "1ff775a2-651e-48b9-9d16-21959cfdc1cc",
          "result": {
            "measurement": {
              "compute_time": 75843.0,
              "download_size": 2907386,
              "download_time": 121287.0,
              "upload_size": 3444,
              "upload_time": 62586.0
            },
            "output": {
              "bucket": "210.thumbnailer-0-output-508cd3a1-f6b0-45",
              "key": "5_asphalt-atmosphere-cloudy-sky-2739010.65122ebb..jpg"
            }
          },
          "results_time": 0
        },
        "provider_times": {
          "execution": 0,
          "initialization": 0
        },
        "request_id": "1ff775a2-651e-48b9-9d16-21959cfdc1cc",
        "stats": {
          "cold_start": false,
          "failure": false,
          "memory_used": null
        },
        "times": {
          "benchmark": 260081,
          "client": 604742,
          "client_begin": "2024-10-29 23:32:22.994117",
          "client_end": "2024-10-29 23:32:23.598859",
          "http_first_byte_return": 0.604699,
          "http_startup": 0.289783,
          "initialization": 0
        }
      },
      "2148ae81-178c-45e1-b97d-2af3204c3538": {
        "billing": {
          "_billed_time": null,
          "_gb_seconds": 0,
          "_memory": null
        },
        "output": {
          "begin": "1730244743.338893",
          "cold_start_var": "",
          "container_id": "13d6ad7b",
          "end": "1730244743.553569",
          "is_cold": false,
          "request_id": "2148ae81-178c-45e1-b97d-2af3204c3538",
          "result": {
            "measurement": {
              "compute_time": 76572.0,
              "download_size": 2907386,
              "download_time": 75914.0,
              "upload_size": 3444,
              "upload_time": 61827.0
            },
            "output": {
              "bucket": "210.thumbnailer-0-output-508cd3a1-f6b0-45",
              "key": "5_asphalt-atmosphere-cloudy-sky-2739010.c90ccc4c..jpg"
            }
          },
          "results_time": 0
        },
        "provider_times": {
          "execution": 0,
          "initialization": 0
        },
        "request_id": "2148ae81-178c-45e1-b97d-2af3204c3538",
        "stats": {
          "cold_start": false,
          "failure": false,
          "memory_used": null
        },
        "times": {
          "benchmark": 214676,
          "client": 623371,
          "client_begin": "2024-10-29 23:32:22.946922",
          "client_end": "2024-10-29 23:32:23.570293",
          "http_first_byte_return": 0.623338,
          "http_startup": 0.359601,
          "initialization": 0
        }
      },
      "26194af6-741f-4dea-90b5-9dacf4e041c0": {
        "billing": {
          "_billed_time": null,
          "_gb_seconds": 0,
          "_memory": null
        },
        "output": {
          "begin": "1730244743.341275",
          "cold_start_var": "",
          "container_id": "1fe43ddc",
          "end": "1730244743.544614",
          "is_cold": false,
          "request_id": "26194af6-741f-4dea-90b5-9dacf4e041c0",
          "result": {
            "measurement": {
              "compute_time": 76457.0,
              "download_size": 2907386,
              "download_time": 72890.0,
              "upload_size": 3444,
              "upload_time": 53620.0
            },
            "output": {
              "bucket": "210.thumbnailer-0-output-508cd3a1-f6b0-45",
              "key": "5_asphalt-atmosphere-cloudy-sky-2739010.eb82e670..jpg"
            }
          },
          "results_time": 0
        },
        "provider_times": {
          "execution": 0,
          "initialization": 0
        },
        "request_id": "26194af6-741f-4dea-90b5-9dacf4e041c0",
        "stats": {
          "cold_start": false,
          "failure": false,
          "memory_used": null
        },
        "times": {
          "benchmark": 203339,
          "client": 605728,
          "client_begin": "2024-10-29 23:32:22.955015",
          "client_end": "2024-10-29 23:32:23.560743",
          "http_first_byte_return": 0.605688,
          "http_startup": 0.353648,
          "initialization": 0
        }
      },
      "31759a95-fb2e-4bfc-af65-d01e130aebe9": {
        "billing": {
          "_billed_time": null,
          "_gb_seconds": 0,
          "_memory": null
        },
        "output": {
          "begin": "1730244743.226492",
          "cold_start_var": "",
          "container_id": "4e71a9e8",
          "end": "1730244743.466341",
          "is_cold": false,
          "request_id": "31759a95-fb2e-4bfc-af65-d01e130aebe9",
          "result": {
            "measurement": {
              "compute_time": 75666.0,
              "download_size": 2907386,
              "download_time": 75856.0,
              "upload_size": 3444,
              "upload_time": 87987.0
            },
            "output": {
              "bucket": "210.thumbnailer-0-output-508cd3a1-f6b0-45",
              "key": "5_asphalt-atmosphere-cloudy-sky-2739010.bc578400..jpg"
            }
          },
          "results_time": 0
        },
        "provider_times": {
          "execution": 0,
          "initialization": 0
        },
        "request_id": "31759a95-fb2e-4bfc-af65-d01e130aebe9",
        "stats": {
          "cold_start": false,
          "failure": false,
          "memory_used": null
        },
        "times": {
          "benchmark": 239849,
          "client": 558031,
          "client_begin": "2024-10-29 23:32:22.924393",
          "client_end": "2024-10-29 23:32:23.482424",
          "http_first_byte_return": 0.557974,
          "http_startup": 0.275313,
          "initialization": 0
        }
      },
      "326ba87e-d976-49c2-873f-1c1de45d15b2": {
        "billing": {
          "_billed_time": null,
          "_gb_seconds": 0,
          "_memory": null
        },
        "output": {
          "begin": "1730244743.339727",
          "cold_start_var": "",
          "container_id": "9358bdf8",
          "end": "1730244743.542129",
          "is_cold": false,
          "request_id": "326ba87e-d976-49c2-873f-1c1de45d15b2",
          "result": {
            "measurement": {
              "compute_time": 75745.0,
              "download_size": 2907386,
              "download_time": 91962.0,
              "upload_size": 3444,
              "upload_time": 34348.0
            },
            "output": {
              "bucket": "210.thumbnailer-0-output-508cd3a1-f6b0-45",
              "key": "5_asphalt-atmosphere-cloudy-sky-2739010.0775f48a..jpg"
            }
          },
          "results_time": 0
        },
        "provider_times": {
          "execution": 0,
          "initialization": 0
        },
        "request_id": "326ba87e-d976-49c2-873f-1c1de45d15b2",
        "stats": {
          "cold_start": false,
          "failure": false,
          "memory_used": null
        },
        "times": {
          "benchmark": 202402,
          "client": 576508,
          "client_begin": "2024-10-29 23:32:22.983032",
          "client_end": "2024-10-29 23:32:23.559540",
          "http_first_byte_return": 0.57647,
          "http_startup": 0.323311,
          "initialization": 0
        }
      },
      "35899f62-5c66-424b-8399-3796279e0caa": {
        "billing": {
          "_billed_time": null,
          "_gb_seconds": 0,
          "_memory": null
        },
        "output": {
          "begin": "1730244743.278129",
          "cold_start_var": "",
          "container_id": "b4c51b0b",
          "end": "1730244743.481823",
          "is_cold": false,
          "request_id": "35899f62-5c66-424b-8399-3796279e0caa",
          "result": {
            "measurement": {
              "compute_time": 63959.0,
              "download_size": 2907386,
              "download_time": 84686.0,
              "upload_size": 3444,
              "upload_time": 54753.0
            },
            "output": {
              "bucket": "210.thumbnailer-0-output-508cd3a1-f6b0-45",
              "key": "5_asphalt-atmosphere-cloudy-sky-2739010.fb4bb48e..jpg"
            }
          },
          "results_time": 0
        },
        "provider_times": {
          "execution": 0,
          "initialization": 0
        },
        "request_id": "35899f62-5c66-424b-8399-3796279e0caa",
        "stats": {
          "cold_start": false,
          "failure": false,
          "memory_used": null
        },
        "times": {
          "benchmark": 203694,
          "client": 489816,
          "client_begin": "2024-10-29 23:32:23.010126",
          "client_end": "2024-10-29 23:32:23.499942",
          "http_first_byte_return": 0.489781,
          "http_startup": 0.240664,
          "initialization": 0
        }
      },
      "36c79c85-b349-48ba-823c-e07fb1ecefea": {
        "billing": {
          "_billed_time": null,
          "_gb_seconds": 0,
          "_memory": null
        },
        "output": {
          "begin": "1730244743.343874",
          "cold_start_var": "",
          "container_id": "903d2e97",
          "end": "1730244743.552589",
          "is_cold": false,
          "request_id": "36c79c85-b349-48ba-823c-e07fb1ecefea",
          "result": {
            "measurement": {
              "compute_time": 73979.0,
              "download_size": 2907386,
              "download_time": 94201.0,
              "upload_size": 3444,
              "upload_time": 40168.0
            },
            "output": {
              "bucket": "210.thumbnailer-0-output-508cd3a1-f6b0-45",
              "key": "5_asphalt-atmosphere-cloudy-sky-2739010.cb531b54..jpg"
            }
          },
          "results_time": 0
        },
        "provider_times": {
          "execution": 0,
          "initialization": 0
        },
        "request_id": "36c79c85-b349-48ba-823c-e07fb1ecefea",
        "stats": {
          "cold_start": false,
          "failure": false,
          "memory_used": null
        },
        "times": {
          "benchmark": 208715,
          "client": 551332,
          "client_begin": "2024-10-29 23:32:23.017282",
          "client_end": "2024-10-29 23:32:23.568614",
          "http_first_byte_return": 0.551261,
          "http_startup": 0.291788,
          "initialization": 0
        }
      },
      "38b2a388-3ed4-486d-8475-dd567f21961e": {
        "billing": {
          "_billed_time": null,
          "_gb_seconds": 0,
          "_memory": null
        },
        "output": {
          "begin": "1730244743.334532",
          "cold_start_var": "",
          "container_id": "ef5492a7",
          "end": "1730244743.594906",
          "is_cold": false,
          "request_id": "38b2a388-3ed4-486d-8475-dd567f21961e",
          "result": {
            "measurement": {
              "compute_time": 77370.0,
              "download_size": 2907386,
              "download_time": 86336.0,
              "upload_size": 3444,
              "upload_time": 96315.0
            },
            "output": {
              "bucket": "210.thumbnailer-0-output-508cd3a1-f6b0-45",
              "key": "5_asphalt-atmosphere-cloudy-sky-2739010.dcfa0fb0..jpg"
            }
          },
          "results_time": 0
        },
        "provider_times": {
          "execution": 0,
          "initialization": 0
        },
        "request_id": "38b2a388-3ed4-486d-8475-dd567f21961e",
        "stats": {
          "cold_start": false,
          "failure": false,
          "memory_used": null
        },
        "times": {
          "benchmark": 260374,
          "client": 599766,
          "client_begin": "2024-10-29 23:32:23.011082",
          "client_end": "2024-10-29 23:32:23.610848",
          "http_first_byte_return": 0.59972,
          "http_startup": 0.278191,
          "initialization": 0
        }
      },
      "38e41813-bec4-4b2c-808b-52167801db93": {
        "billing": {
          "_billed_time": null,
          "_gb_seconds": 0,
          "_memory": null
        },
        "output": {
          "begin": "1730244743.304970",
          "cold_start_var": "",
          "container_id": "f34b4a32",
          "end": "1730244743.514815",
          "is_cold": false,
          "request_id": "38e41813-bec4-4b2c-808b-52167801db93",
          "result": {
            "measurement": {
              "compute_time": 80817.0,
              "download_size": 2907386,
              "download_time": 96812.0,
              "upload_size": 3444,
              "upload_time": 31830.0
            },
            "output": {
              "bucket": "210.thumbnailer-0-output-508cd3a1-f6b0-45",
              "key": "5_asphalt-atmosphere-cloudy-sky-2739010.1fe1acf6..jpg"
            }
          },
          "results_time": 0
        },
        "provider_times": {
          "execution": 0,
          "initialization": 0
        },
        "request_id": "38e41813-bec4-4b2c-808b-52167801db93",
        "stats": {
          "cold_start": false,
          "failure": false,
          "memory_used": null
        },
        "times": {
          "benchmark": 209845,
          "client": 585509,
          "client_begin": "2024-10-29 23:32:22.946228",
          "client_end": "2024-10-29 23:32:23.531737",
          "http_first_byte_return": 0.585476,
          "http_startup": 0.329697,
          "initialization": 0
        }
      },
      "3e38bcc6-955b-430d-a181-2c8ad9b24696": {
        "billing": {
          "_billed_time": null,
          "_gb_seconds": 0,
          "_memory": null
        },
        "output": {
          "begin": "1730244743.337083",
          "cold_start_var": "",
          "container_id": "d5317e0d",
          "end": "1730244743.542152",
          "is_cold": false,
          "request_id": "3e38bcc6-955b-430d-a181-2c8ad9b24696",
          "result": {
            "measurement": {
              "compute_time": 84848.0,
              "download_size": 2907386,
              "download_time": 89610.0,
              "upload_size": 3444,
              "upload_time": 30246.0
            },
            "output": {
              "bucket": "210.thumbnailer-0-output-508cd3a1-f6b0-45",
              "key": "5_asphalt-atmosphere-cloudy-sky-2739010.fc9251b4..jpg"
            }
          },
          "results_time": 0
        },
        "provider_times": {
          "execution": 0,
          "initialization": 0
        },
        "request_id": "3e38bcc6-955b-430d-a181-2c8ad9b24696",
        "stats": {
          "cold_start": false,
          "failure": false,
          "memory_used": null
        },
        "times": {
          "benchmark": 205069,
          "client": 544260,
          "client_begin": "2024-10-29 23:32:23.014177",
          "client_end": "2024-10-29 23:32:23.558437",
          "http_first_byte_return": 0.544221,
          "http_startup": 0.287089,
          "initialization": 0
        }
      },
      "42521408-5a6f-406b-82b6-f60472ec22af": {
        "billing": {
          "_billed_time": null,
          "_gb_seconds": 0,
          "_memory": null
        },
        "output": {
          "begin": "1730244743.319752",
          "cold_start_var": "",
          "container_id": "88b6113e",
          "end": "1730244743.518315",
          "is_cold": false,
          "request_id": "42521408-5a6f-406b-82b6-f60472ec22af",
          "result": {
            "measurement": {
              "compute_time": 76574.0,
              "download_size": 2907386,
              "download_time": 88436.0,
              "upload_size": 3444,
              "upload_time": 33166.0
            },
            "output": {
              "bucket": "210.thumbnailer-0-output-508cd3a1-f6b0-45",
              "key": "5_asphalt-atmosphere-cloudy-sky-2739010.ef67994b..jpg"
            }
          },
          "results_time": 0
        },
        "provider_times": {
          "execution": 0,
          "initialization": 0
        },
        "request_id": "42521408-5a6f-406b-82b6-f60472ec22af",
        "stats": {
          "cold_start": false,
          "failure": false,
          "memory_used": null
        },
        "times": {
          "benchmark": 198563,
          "client": 524457,
          "client_begin": "2024-10-29 23:32:23.011026",
          "client_end": "2024-10-29 23:32:23.535483",
          "http_first_byte_return": 0.524414,
          "http_startup": 0.265902,
          "initialization": 0
        }
      },
      "425ec038-c758-448a-8101-021f67576839": {
        "billing": {
          "_billed_time": null,
          "_gb_seconds": 0,
          "_memory": null
        },
        "output": {
          "begin": "1730244743.284668",
          "cold_start_var": "",
          "container_id": "ceac02d7",
          "end": "1730244743.496638",
          "is_cold": false,
          "request_id": "425ec038-c758-448a-8101-021f67576839",
          "result": {
            "measurement": {
              "compute_time": 76082.0,
              "download_size": 2907386,
              "download_time": 104782.0,
              "upload_size": 3444,
              "upload_time": 30744.0
            },
            "output": {
              "bucket": "210.thumbnailer-0-output-508cd3a1-f6b0-45",
              "key": "5_asphalt-atmosphere-cloudy-sky-2739010.fdbc82da..jpg"
            }
          },
          "results_time": 0
        },
        "provider_times": {
          "execution": 0,
          "initialization": 0
        },
        "request_id": "425ec038-c758-448a-8101-021f67576839",
        "stats": {
          "cold_start": false,
          "failure": false,
          "memory_used": null
        },
        "times": {
          "benchmark": 211970,
          "client": 507727,
          "client_begin": "2024-10-29 23:32:23.005322",
          "client_end": "2024-10-29 23:32:23.513049",
          "http_first_byte_return": 0.507689,
          "http_startup": 0.241461,
          "initialization": 0
        }
      },
      "43888a65-9d3f-4deb-b658-f68aee36361a": {
        "billing": {
          "_billed_time": null,
          "_gb_seconds": 0,
          "_memory": null
        },
        "output": {
          "begin": "1730244743.314601",
          "cold_start_var": "",
          "container_id": "07e97f80",
          "end": "1730244743.513404",
          "is_cold": false,
          "request_id": "43888a65-9d3f-4deb-b658-f68aee36361a",
          "result": {
            "measurement": {
              "compute_time": 82523.0,
              "download_size": 2907386,
              "download_time": 86532.0,
              "upload_size": 3444,
              "upload_time": 29408.0
            },
            "output": {
              "bucket": "210.thumbnailer-0-output-508cd3a1-f6b0-45",
              "key": "5_asphalt-atmosphere-cloudy-sky-2739010.83d7f96c..jpg"
            }
          },
          "results_time": 0
        },
        "provider_times": {
          "execution": 0,
          "initialization": 0
        },
        "request_id": "43888a65-9d3f-4deb-b658-f68aee36361a",
        "stats": {
          "cold_start": false,
          "failure": false,
          "memory_used": null
        },
        "times": {
          "benchmark": 198803,
          "client": 508447,
          "client_begin": "2024-10-29 23:32:23.022162",
          "client_end": "2024-10-29 23:32:23.530609",
          "http_first_byte_return": 0.508409,
          "http_startup": 0.26711,
          "initialization": 0
        }
      },
      "43b2cf67-244f-4dc6-ac8e-886d093326bd": {
        "billing": {
          "_billed_time": null,
          "_gb_seconds": 0,
          "_memory": null
        },
        "output": {
          "begin": "1730244743.308812",
          "cold_start_var": "",
          "container_id": "7c06ebc5",
          "end": "1730244743.545184",
          "is_cold": false,
          "request_id": "43b2cf67-244f-4dc6-ac8e-886d093326bd",
          "result": {
            "measurement": {
              "compute_time": 80117.0,
              "download_size": 2907386,
              "download_time": 81470.0,
              "upload_size": 3444,
              "upload_time": 74375.0
            },
            "output": {
              "bucket": "210.thumbnailer-0-output-508cd3a1-f6b0-45",
              "key": "5_asphalt-atmosphere-cloudy-sky-2739010.8eba4bbd..jpg"
            }
          },
          "results_time": 0
        },
        "provider_times": {
          "execution": 0,
          "initialization": 0
        },
        "request_id": "43b2cf67-244f-4dc6-ac8e-886d093326bd",
        "stats": {
          "cold_start": false,
          "failure": false,
          "memory_used": null
        },
        "times": {
          "benchmark": 236372,
          "client": 583496,
          "client_begin": "2024-10-29 23:32:22.978828",
          "client_end": "2024-10-29 23:32:23.562324",
          "http_first_byte_return": 0.583463,
          "http_startup": 0.299562,
          "initialization": 0
        }
      },
      "457eedb1-b3c3-4eab-911a-4d21f356ff7f": {
        "billing": {
          "_billed_time": null,
          "_gb_seconds": 0,
          "_memory": null
        },
        "output": {
          "begin": "1730244743.333010",
          "cold_start_var": "",
          "container_id": "00a0be78",
          "end": "1730244743.584888",
          "is_cold": false,
          "request_id": "457eedb1-b3c3-4eab-911a-4d21f356ff7f",
          "result": {
            "measurement": {
              "compute_time": 77478.0,
              "download_size": 2907386,
              "download_time": 127079.0,
              "upload_size": 3444,
              "upload_time": 46972.0
            },
            "output": {
              "bucket": "210.thumbnailer-0-output-508cd3a1-f6b0-45",
              "key": "5_asphalt-atmosphere-cloudy-sky-2739010.c5d9e10b..jpg"
            }
          },
          "results_time": 0
        },
        "provider_times": {
          "execution": 0,
          "initialization": 0
        },
        "request_id": "457eedb1-b3c3-4eab-911a-4d21f356ff7f",
        "stats": {
          "cold_start": false,
          "failure": false,
          "memory_used": null
        },
        "times": {
          "benchmark": 251878,
          "client": 643652,
          "client_begin": "2024-10-29 23:32:22.958127",
          "client_end": "2024-10-29 23:32:23.601779",
          "http_first_byte_return": 0.643609,
          "http_startup": 0.340415,
          "initialization": 0
        }
      },
      "468f4571-4d4f-466b-834c-8e2ac75b8815": {
        "billing": {
          "_billed_time": null,
          "_gb_seconds": 0,
          "_memory": null
        },
        "output": {
          "begin": "1730244743.330524",
          "cold_start_var": "",
          "container_id": "c101775e",
          "end": "1730244743.535220",
          "is_cold": false,
          "request_id": "468f4571-4d4f-466b-834c-8e2ac75b8815",
          "result": {
            "measurement": {
              "compute_time": 84327.0,
              "download_size": 2907386,
              "download_time": 74099.0,
              "upload_size": 3444,
              "upload_time": 45915.0
            },
            "output": {
              "bucket": "210.thumbnailer-0-output-508cd3a1-f6b0-45",
              "key": "5_asphalt-atmosphere-cloudy-sky-2739010.92dfab84..jpg"
            }
          },
          "results_time": 0
        },
        "provider_times": {
          "execution": 0,
          "initialization": 0
        },
        "request_id": "468f4571-4d4f-466b-834c-8e2ac75b8815",
        "stats": {
          "cold_start": false,
          "failure": false,
          "memory_used": null
        },
        "times": {
          "benchmark": 204696,
          "client": 609569,
          "client_begin": "2024-10-29 23:32:22.942477",
          "client_end": "2024-10-29 23:32:23.552046",
          "http_first_byte_return": 0.609529,
          "http_startup": 0.355752,
          "initialization": 0
        }
      },
      "4af5a182-1f0e-455c-8e0f-05f7d6ce57a6": {
        "billing": {
          "_billed_time": null,
          "_gb_seconds": 0,
          "_memory": null
        },
        "output": {
          "begin": "1730244743.285111",
          "cold_start_var": "",
          "container_id": "9df94f4c",
          "end": "1730244743.535343",
          "is_cold": false,
          "request_id": "4af5a182-1f0e-455c-8e0f-05f7d6ce57a6",
          "result": {
            "measurement": {
              "compute_time": 76519.0,
              "download_size": 2907386,
              "download_time": 81920.0,
              "upload_size": 3444,
              "upload_time": 91431.0
            },
            "output": {
              "bucket": "210.thumbnailer-0-output-508cd3a1-f6b0-45",
              "key": "5_asphalt-atmosphere-cloudy-sky-2739010.13d748ea..jpg"
            }
          },
          "results_time": 0
        },
        "provider_times": {
          "execution": 0,
          "initialization": 0
        },
        "request_id": "4af5a182-1f0e-455c-8e0f-05f7d6ce57a6",
        "stats": {
          "cold_start": false,
          "failure": false,
          "memory_used": null
        },
        "times": {
          "benchmark": 250232,
          "client": 610580,
          "client_begin": "2024-10-29 23:32:22.947128",
          "client_end": "2024-10-29 23:32:23.557708",
          "http_first_byte_return": 0.610536,
          "http_startup": 0.307159,
          "initialization": 0
        }
      },
      "52072ec9-e828-4132-ab13-3ed99bf38582": {
        "billing": {
          "_billed_time": null,
          "_gb_seconds": 0,
          "_memory": null
        },
        "output": {
          "begin": "1730244743.327629",
          "cold_start_var": "",
          "container_id": "182605a1",
          "end": "1730244743.566660",
          "is_cold": false,
          "request_id": "52072ec9-e828-4132-ab13-3ed99bf38582",
          "result": {
            "measurement": {
              "compute_time": 83992.0,
              "download_size": 2907386,
              "download_time": 85163.0,
              "upload_size": 3444,
              "upload_time": 69510.0
            },
            "output": {
              "bucket": "210.thumbnailer-0-output-508cd3a1-f6b0-45",
              "key": "5_asphalt-atmosphere-cloudy-sky-2739010.97146152..jpg"
            }
          },
          "results_time": 0
        },
        "provider_times": {
          "execution": 0,
          "initialization": 0
        },
        "request_id": "52072ec9-e828-4132-ab13-3ed99bf38582",
        "stats": {
          "cold_start": false,
          "failure": false,
          "memory_used": null
        },
        "times": {
          "benchmark": 239031,
          "client": 583848,
          "client_begin": "2024-10-29 23:32:22.999005",
          "client_end": "2024-10-29 23:32:23.582853",
          "http_first_byte_return": 0.58381,
          "http_startup": 0.298745,
          "initialization": 0
        }
      },
      "646dabec-a23e-482b-a78b-f134992788ad": {
        "billing": {
          "_billed_time": null,
          "_gb_seconds": 0,
          "_memory": null
        },
        "output": {
          "begin": "1730244743.289343",
          "cold_start_var": "",
          "container_id": "4cb99bdc",
          "end": "1730244743.517071",
          "is_cold": false,
          "request_id": "646dabec-a23e-482b-a78b-f134992788ad",
          "result": {
            "measurement": {
              "compute_time": 81881.0,
              "download_size": 2907386,
              "download_time": 74964.0,
              "upload_size": 3444,
              "upload_time": 70508.0
            },
            "output": {
              "bucket": "210.thumbnailer-0-output-508cd3a1-f6b0-45",
              "key": "5_asphalt-atmosphere-cloudy-sky-2739010.a2dd6170..jpg"
            }
          },
          "results_time": 0
        },
        "provider_times": {
          "execution": 0,
          "initialization": 0
        },
        "request_id": "646dabec-a23e-482b-a78b-f134992788ad",
        "stats": {
          "cold_start": false,
          "failure": false,
          "memory_used": null
        },
        "times": {
          "benchmark": 227728,
          "client": 586424,
          "client_begin": "2024-10-29 23:32:22.947016",
          "client_end": "2024-10-29 23:32:23.533440",
          "http_first_byte_return": 0.586392,
          "http_startup": 0.310639,
          "initialization": 0
        }
      },
      "67946656-19d3-4b86-837b-f9a5df338b63": {
        "billing": {
          "_billed_time": null,
          "_gb_seconds": 0,
          "_memory": null
        },
        "output": {
          "begin": "1730244743.287102",
          "cold_start_var": "",
          "container_id": "e19cf267",
          "end": "1730244743.479280",
          "is_cold": false,
          "request_id": "67946656-19d3-4b86-837b-f9a5df338b63",
          "result": {
            "measurement": {
              "compute_time": 72186.0,
              "download_size": 2907386,
              "download_time": 80962.0,
              "upload_size": 3444,
              "upload_time": 38704.0
            },
            "output": {
              "bucket": "210.thumbnailer-0-output-508cd3a1-f6b0-45",
              "key": "5_asphalt-atmosphere-cloudy-sky-2739010.2374e077..jpg"
            }
          },
          "results_time": 0
        },
        "provider_times": {
          "execution": 0,
          "initialization": 0
        },
        "request_id": "67946656-19d3-4b86-837b-f9a5df338b63",
        "stats": {
          "cold_start": false,
          "failure": false,
          "memory_used": null
        },
        "times": {
          "benchmark": 192178,
          "client": 508948,
          "client_begin": "2024-10-29 23:32:22.986126",
          "client_end": "2024-10-29 23:32:23.495074",
          "http_first_byte_return": 0.508909,
          "http_startup": 0.268998,
          "initialization": 0
        }
      },
      "717a8ea8-591f-48b9-9a55-d7fa6e8182b8": {
        "billing": {
          "_billed_time": null,
          "_gb_seconds": 0,
          "_memory": null
        },
        "output": {
          "begin": "1730244743.341914",
          "cold_start_var": "",
          "container_id": "a4fdf8f7",
          "end": "1730244743.525733",
          "is_cold": false,
          "request_id": "717a8ea8-591f-48b9-9a55-d7fa6e8182b8",
          "result": {
            "measurement": {
              "compute_time": 77389.0,
              "download_size": 2907386,
              "download_time": 74587.0,
              "upload_size": 3444,
              "upload_time": 31516.0
            },
            "output": {
              "bucket": "210.thumbnailer-0-output-508cd3a1-f6b0-45",
              "key": "5_asphalt-atmosphere-cloudy-sky-2739010.6e1ded9e..jpg"
            }
          },
          "results_time": 0
        },
        "provider_times": {
          "execution": 0,
          "initialization": 0
        },
        "request_id": "717a8ea8-591f-48b9-9a55-d7fa6e8182b8",
        "stats": {
          "cold_start": false,
          "failure": false,
          "memory_used": null
        },
        "times": {
          "benchmark": 183819,
          "client": 566657,
          "client_begin": "2024-10-29 23:32:22.975030",
          "client_end": "2024-10-29 23:32:23.541687",
          "http_first_byte_return": 0.566612,
          "http_startup": 0.334249,
          "initialization": 0
        }
      },
      "71f25e44-79a3-4ff5-934a-215bba49f1c9": {
        "billing": {
          "_billed_time": null,
          "_gb_seconds": 0,
          "_memory": null
        },
        "output": {
          "begin": "1730244743.228350",
          "cold_start_var": "",
          "container_id": "4c097c33",
          "end": "1730244743.408613",
          "is_cold": false,
          "request_id": "71f25e44-79a3-4ff5-934a-215bba49f1c9",
          "result": {
            "measurement": {
              "compute_time": 79908.0,
              "download_size": 2907386,
              "download_time": 70568.0,
              "upload_size": 3444,
              "upload_time": 29419.0
            },
            "output": {
              "bucket": "210.thumbnailer-0-output-508cd3a1-f6b0-45",
              "key": "5_asphalt-atmosphere-cloudy-sky-2739010.09f20db1..jpg"
            }
          },
          "results_time": 0
        },
        "provider_times": {
          "execution": 0,
          "initialization": 0
        },
        "request_id": "71f25e44-79a3-4ff5-934a-215bba49f1c9",
        "stats": {
          "cold_start": false,
          "failure": false,
          "memory_used": null
        },
        "times": {
          "benchmark": 180263,
          "client": 482456,
          "client_begin": "2024-10-29 23:32:22.941855",
          "client_end": "2024-10-29 23:32:23.424311",
          "http_first_byte_return": 0.482396,
          "http_startup": 0.252358,
          "initialization": 0
        }
      },
      "76a89a9a-b309-4795-ae9c-76afd791cde6": {
        "billing": {
          "_billed_time": null,
          "_gb_seconds": 0,
          "_memory": null
        },
        "output": {
          "begin": "1730244743.222606",
          "cold_start_var": "",
          "container_id": "820ac28d",
          "end": "1730244743.509553",
          "is_cold": false,
          "request_id": "76a89a9a-b309-4795-ae9c-76afd791cde6",
          "result": {
            "measurement": {
              "compute_time": 75832.0,
              "download_size": 2907386,
              "download_time": 112848.0,
              "upload_size": 3444,
              "upload_time": 97924.0
            },
            "output": {
              "bucket": "210.thumbnailer-0-output-508cd3a1-f6b0-45",
              "key": "5_asphalt-atmosphere-cloudy-sky-2739010.bbc3b379..jpg"
            }
          },
          "results_time": 0
        },
        "provider_times": {
          "execution": 0,
          "initialization": 0
        },
        "request_id": "76a89a9a-b309-4795-ae9c-76afd791cde6",
        "stats": {
          "cold_start": false,
          "failure": false,
          "memory_used": null
        },
        "times": {
          "benchmark": 286947,
          "client": 592396,
          "client_begin": "2024-10-29 23:32:22.932832",
          "client_end": "2024-10-29 23:32:23.525228",
          "http_first_byte_return": 0.592355,
          "http_startup": 0.258973,
          "initialization": 0
        }
      },
      "7c64e91c-8cb2-4295-b47a-b5a952e79109": {
        "billing": {
          "_billed_time": null,
          "_gb_seconds": 0,
          "_memory": null
        },
        "output": {
          "begin": "1730244743.334827",
          "cold_start_var": "",
          "container_id": "dc9b8872",
          "end": "1730244743.613010",
          "is_cold": false,
          "request_id": "7c64e91c-8cb2-4295-b47a-b5a952e79109",
          "result": {
            "measurement": {
              "compute_time": 81523.0,
              "download_size": 2907386,
              "download_time": 157574.0,
              "upload_size": 3444,
              "upload_time": 38758.0
            },
            "output": {
              "bucket": "210.thumbnailer-0-output-508cd3a1-f6b0-45",
              "key": "5_asphalt-atmosphere-cloudy-sky-2739010.e608ab2b..jpg"
            }
          },
          "results_time": 0
        },
        "provider_times": {
          "execution": 0,
          "initialization": 0
        },
        "request_id": "7c64e91c-8cb2-4295-b47a-b5a952e79109",
        "stats": {
          "cold_start": false,
          "failure": false,
          "memory_used": null
        },
        "times": {
          "benchmark": 278183,
          "client": 623653,
          "client_begin": "2024-10-29 23:32:23.005272",
          "client_end": "2024-10-29 23:32:23.628925",
          "http_first_byte_return": 0.623601,
          "http_startup": 0.299417,
          "initialization": 0
        }
      },
      "7fee948d-c3f3-48c7-a101-40515dcff243": {
        "billing": {
          "_billed_time": null,
          "_gb_seconds": 0,
          "_memory": null
        },
        "output": {
          "begin": "1730244743.241275",
          "cold_start_var": "",
          "container_id": "159a50c7",
          "end": "1730244743.503057",
          "is_cold": false,
          "request_id": "7fee948d-c3f3-48c7-a101-40515dcff243",
          "result": {
            "measurement": {
              "compute_time": 74755.0,
              "download_size": 2907386,
              "download_time": 81536.0,
              "upload_size": 3444,
              "upload_time": 105150.0
            },
            "output": {
              "bucket": "210.thumbnailer-0-output-508cd3a1-f6b0-45",
              "key": "5_asphalt-atmosphere-cloudy-sky-2739010.7c06e767..jpg"
            }
          },
          "results_time": 0
        },
        "provider_times": {
          "execution": 0,
          "initialization": 0
        },
        "request_id": "7fee948d-c3f3-48c7-a101-40515dcff243",
        "stats": {
          "cold_start": false,
          "failure": false,
          "memory_used": null
        },
        "times": {
          "benchmark": 261782,
          "client": 585014,
          "client_begin": "2024-10-29 23:32:22.935284",
          "client_end": "2024-10-29 23:32:23.520298",
          "http_first_byte_return": 0.584973,
          "http_startup": 0.276364,
          "initialization": 0
        }
      },
      "8f7198c8-ce80-4262-932c-02f82ab2514f": {
        "billing": {
          "_billed_time": null,
          "_gb_seconds": 0,
          "_memory": null
        },
        "output": {
          "begin": "1730244743.236714",
          "cold_start_var": "",
          "container_id": "e9f6faca",
          "end": "1730244743.528288",
          "is_cold": false,
          "request_id": "8f7198c8-ce80-4262-932c-02f82ab2514f",
          "result": {
            "measurement": {
              "compute_time": 80769.0,
              "download_size": 2907386,
              "download_time": 96954.0,
              "upload_size": 3444,
              "upload_time": 113466.0
            },
            "output": {
              "bucket": "210.thumbnailer-0-output-508cd3a1-f6b0-45",
              "key": "5_asphalt-atmosphere-cloudy-sky-2739010.3332f25f..jpg"
            }
          },
          "results_time": 0
        },
        "provider_times": {
          "execution": 0,
          "initialization": 0
        },
        "request_id": "8f7198c8-ce80-4262-932c-02f82ab2514f",
        "stats": {
          "cold_start": false,
          "failure": false,
          "memory_used": null
        },
        "times": {
          "benchmark": 291574,
          "client": 601500,
          "client_begin": "2024-10-29 23:32:22.943114",
          "client_end": "2024-10-29 23:32:23.544614",
          "http_first_byte_return": 0.601466,
          "http_startup": 0.257394,
          "initialization": 0
        }
      },
      "942e374a-f336-4d4e-9126-0b14d95ca705": {
        "billing": {
          "_billed_time": null,
          "_gb_seconds": 0,
          "_memory": null
        },
        "output": {
          "begin": "1730244743.312470",
          "cold_start_var": "",
          "container_id": "4aae11cd",
          "end": "1730244743.551758",
          "is_cold": false,
          "request_id": "942e374a-f336-4d4e-9126-0b14d95ca705",
          "result": {
            "measurement": {
              "compute_time": 72614.0,
              "download_size": 2907386,
              "download_time": 98831.0,
              "upload_size": 3444,
              "upload_time": 67483.0
            },
            "output": {
              "bucket": "210.thumbnailer-0-output-508cd3a1-f6b0-45",
              "key": "5_asphalt-atmosphere-cloudy-sky-2739010.4a7b7bc1..jpg"
            }
          },
          "results_time": 0
        },
        "provider_times": {
          "execution": 0,
          "initialization": 0
        },
        "request_id": "942e374a-f336-4d4e-9126-0b14d95ca705",
        "stats": {
          "cold_start": false,
          "failure": false,
          "memory_used": null
        },
        "times": {
          "benchmark": 239288,
          "client": 579313,
          "client_begin": "2024-10-29 23:32:22.989221",
          "client_end": "2024-10-29 23:32:23.568534",
          "http_first_byte_return": 0.579264,
          "http_startup": 0.286007,
          "initialization": 0
        }
      },
      "9790fe29-d500-43a2-8f45-ddba81b85da0": {
        "billing": {
          "_billed_time": null,
          "_gb_seconds": 0,
          "_memory": null
        },
        "output": {
          "begin": "1730244743.338984",
          "cold_start_var": "",
          "container_id": "90977081",
          "end": "1730244743.507988",
          "is_cold": false,
          "request_id": "9790fe29-d500-43a2-8f45-ddba81b85da0",
          "result": {
            "measurement": {
              "compute_time": 76480.0,
              "download_size": 2907386,
              "download_time": 64949.0,
              "upload_size": 3444,
              "upload_time": 27249.0
            },
            "output": {
              "bucket": "210.thumbnailer-0-output-508cd3a1-f6b0-45",
              "key": "5_asphalt-atmosphere-cloudy-sky-2739010.c9a2a5ea..jpg"
            }
          },
          "results_time": 0
        },
        "provider_times": {
          "execution": 0,
          "initialization": 0
        },
        "request_id": "9790fe29-d500-43a2-8f45-ddba81b85da0",
        "stats": {
          "cold_start": false,
          "failure": false,
          "memory_used": null
        },
        "times": {
          "benchmark": 169004,
          "client": 522399,
          "client_begin": "2024-10-29 23:32:23.002181",
          "client_end": "2024-10-29 23:32:23.524580",
          "http_first_byte_return": 0.522359,
          "http_startup": 0.301228,
          "initialization": 0
        }
      },
      "a4689ed8-964f-4f15-b3b3-f24da568193e": {
        "billing": {
          "_billed_time": null,
          "_gb_seconds": 0,
          "_memory": null
        },
        "output": {
          "begin": "1730244743.209976",
          "cold_start_var": "",
          "container_id": "63fc20c0",
          "end": "1730244743.418587",
          "is_cold": false,
          "request_id": "a4689ed8-964f-4f15-b3b3-f24da568193e",
          "result": {
            "measurement": {
              "compute_time": 71841.0,
              "download_size": 2907386,
              "download_time": 94491.0,
              "upload_size": 3444,
              "upload_time": 41912.0
            },
            "output": {
              "bucket": "210.thumbnailer-0-output-508cd3a1-f6b0-45",
              "key": "5_asphalt-atmosphere-cloudy-sky-2739010.1a7db545..jpg"
            }
          },
          "results_time": 0
        },
        "provider_times": {
          "execution": 0,
          "initialization": 0
        },
        "request_id": "a4689ed8-964f-4f15-b3b3-f24da568193e",
        "stats": {
          "cold_start": false,
          "failure": false,
          "memory_used": null
        },
        "times": {
          "benchmark": 208611,
          "client": 506095,
          "client_begin": "2024-10-29 23:32:22.928671",
          "client_end": "2024-10-29 23:32:23.434766",
          "http_first_byte_return": 0.506047,
          "http_startup": 0.235113,
          "initialization": 0
        }
      },
      "b2f1ce5c-df9e-4a9f-852e-f66d74fad5d4": {
        "billing": {
          "_billed_time": null,
          "_gb_seconds": 0,
          "_memory": null
        },
        "output": {
          "begin": "1730244743.307342",
          "cold_start_var": "",
          "container_id": "85eff2ae",
          "end": "1730244743.513137",
          "is_cold": false,
          "request_id": "b2f1ce5c-df9e-4a9f-852e-f66d74fad5d4",
          "result": {
            "measurement": {
              "compute_time": 76344.0,
              "download_size": 2907386,
              "download_time": 87788.0,
              "upload_size": 3444,
              "upload_time": 41323.0
            },
            "output": {
              "bucket": "210.thumbnailer-0-output-508cd3a1-f6b0-45",
              "key": "5_asphalt-atmosphere-cloudy-sky-2739010.a64e3e21..jpg"
            }
          },
          "results_time": 0
        },
        "provider_times": {
          "execution": 0,
          "initialization": 0
        },
        "request_id": "b2f1ce5c-df9e-4a9f-852e-f66d74fad5d4",
        "stats": {
          "cold_start": false,
          "failure": false,
          "memory_used": null
        },
        "times": {
          "benchmark": 205795,
          "client": 567445,
          "client_begin": "2024-10-29 23:32:22.963017",
          "client_end": "2024-10-29 23:32:23.530462",
          "http_first_byte_return": 0.567404,
          "http_startup": 0.302432,
          "initialization": 0
        }
      },
      "b5ce0658-f3af-45ea-af61-6ad595b8f564": {
        "billing": {
          "_billed_time": null,
          "_gb_seconds": 0,
          "_memory": null
        },
        "output": {
          "begin": "1730244743.312809",
          "cold_start_var": "",
          "container_id": "9997a041",
          "end": "1730244743.505215",
          "is_cold": false,
          "request_id": "b5ce0658-f3af-45ea-af61-6ad595b8f564",
          "result": {
            "measurement": {
              "compute_time": 76933.0,
              "download_size": 2907386,
              "download_time": 77909.0,
              "upload_size": 3444,
              "upload_time": 37162.0
            },
            "output": {
              "bucket": "210.thumbnailer-0-output-508cd3a1-f6b0-45",
              "key": "5_asphalt-atmosphere-cloudy-sky-2739010.db8fcfd3..jpg"
            }
          },
          "results_time": 0
        },
        "provider_times": {
          "execution": 0,
          "initialization": 0
        },
        "request_id": "b5ce0658-f3af-45ea-af61-6ad595b8f564",
        "stats": {
          "cold_start": false,
          "failure": false,
          "memory_used": null
        },
        "times": {
          "benchmark": 192406,
          "client": 514454,
          "client_begin": "2024-10-29 23:32:23.007029",
          "client_end": "2024-10-29 23:32:23.521483",
          "http_first_byte_return": 0.514375,
          "http_startup": 0.269637,
          "initialization": 0
        }
      },
      "bb7ba4c1-8398-43c3-a820-aeef4847ea61": {
        "billing": {
          "_billed_time": null,
          "_gb_seconds": 0,
          "_memory": null
        },
        "output": {
          "begin": "1730244743.227319",
          "cold_start_var": "",
          "container_id": "0ce5adde",
          "end": "1730244743.450020",
          "is_cold": false,
          "request_id": "bb7ba4c1-8398-43c3-a820-aeef4847ea61",
          "result": {
            "measurement": {
              "compute_time": 77583.0,
              "download_size": 2907386,
              "download_time": 88667.0,
              "upload_size": 3444,
              "upload_time": 56089.0
            },
            "output": {
              "bucket": "210.thumbnailer-0-output-508cd3a1-f6b0-45",
              "key": "5_asphalt-atmosphere-cloudy-sky-2739010.df72fd59..jpg"
            }
          },
          "results_time": 0
        },
        "provider_times": {
          "execution": 0,
          "initialization": 0
        },
        "request_id": "bb7ba4c1-8398-43c3-a820-aeef4847ea61",
        "stats": {
          "cold_start": false,
          "failure": false,
          "memory_used": null
        },
        "times": {
          "benchmark": 222701,
          "client": 534809,
          "client_begin": "2024-10-29 23:32:22.931546",
          "client_end": "2024-10-29 23:32:23.466355",
          "http_first_byte_return": 0.534761,
          "http_startup": 0.261837,
          "initialization": 0
        }
      },
      "bda60de6-86ee-401c-b84e-2c0b1ddab894": {
        "billing": {
          "_billed_time": null,
          "_gb_seconds": 0,
          "_memory": null
        },
        "output": {
          "begin": "1730244743.226189",
          "cold_start_var": "",
          "container_id": "f7506470",
          "end": "1730244743.449104",
          "is_cold": false,
          "request_id": "bda60de6-86ee-401c-b84e-2c0b1ddab894",
          "result": {
            "measurement": {
              "compute_time": 83412.0,
              "download_size": 2907386,
              "download_time": 88844.0,
              "upload_size": 3444,
              "upload_time": 50275.0
            },
            "output": {
              "bucket": "210.thumbnailer-0-output-508cd3a1-f6b0-45",
              "key": "5_asphalt-atmosphere-cloudy-sky-2739010.f1750543..jpg"
            }
          },
          "results_time": 0
        },
        "provider_times": {
          "execution": 0,
          "initialization": 0
        },
        "request_id": "bda60de6-86ee-401c-b84e-2c0b1ddab894",
        "stats": {
          "cold_start": false,
          "failure": false,
          "memory_used": null
        },
        "times": {
          "benchmark": 222915,
          "client": 538347,
          "client_begin": "2024-10-29 23:32:22.928945",
          "client_end": "2024-10-29 23:32:23.467292",
          "http_first_byte_return": 0.538306,
          "http_startup": 0.263679,
          "initialization": 0
        }
      },
      "bdcf9eb0-1191-4718-9e81-8c362129c916": {
        "billing": {
          "_billed_time": null,
          "_gb_seconds": 0,
          "_memory": null
        },
        "output": {
          "begin": "1730244743.309566",
          "cold_start_var": "",
          "container_id": "8c003f40",
          "end": "1730244743.509105",
          "is_cold": false,
          "request_id": "bdcf9eb0-1191-4718-9e81-8c362129c916",
          "result": {
            "measurement": {
              "compute_time": 76336.0,
              "download_size": 2907386,
              "download_time": 78148.0,
              "upload_size": 3444,
              "upload_time": 44678.0
            },
            "output": {
              "bucket": "210.thumbnailer-0-output-508cd3a1-f6b0-45",
              "key": "5_asphalt-atmosphere-cloudy-sky-2739010.cd32c96a..jpg"
            }
          },
          "results_time": 0
        },
        "provider_times": {
          "execution": 0,
          "initialization": 0
        },
        "request_id": "bdcf9eb0-1191-4718-9e81-8c362129c916",
        "stats": {
          "cold_start": false,
          "failure": false,
          "memory_used": null
        },
        "times": {
          "benchmark": 199539,
          "client": 549421,
          "client_begin": "2024-10-29 23:32:22.975730",
          "client_end": "2024-10-29 23:32:23.525151",
          "http_first_byte_return": 0.549383,
          "http_startup": 0.301937,
          "initialization": 0
        }
      },
      "cafa889d-35be-46f3-9b46-35dd3177ac23": {
        "billing": {
          "_billed_time": null,
          "_gb_seconds": 0,
          "_memory": null
        },
        "output": {
          "begin": "1730244743.338819",
          "cold_start_var": "",
          "container_id": "f86371c7",
          "end": "1730244743.594696",
          "is_cold": false,
          "request_id": "cafa889d-35be-46f3-9b46-35dd3177ac23",
          "result": {
            "measurement": {
              "compute_time": 80246.0,
              "download_size": 2907386,
              "download_time": 76482.0,
              "upload_size": 3444,
              "upload_time": 98800.0
            },
            "output": {
              "bucket": "210.thumbnailer-0-output-508cd3a1-f6b0-45",
              "key": "5_asphalt-atmosphere-cloudy-sky-2739010.ffaabb8b..jpg"
            }
          },
          "results_time": 0
        },
        "provider_times": {
          "execution": 0,
          "initialization": 0
        },
        "request_id": "cafa889d-35be-46f3-9b46-35dd3177ac23",
        "stats": {
          "cold_start": false,
          "failure": false,
          "memory_used": null
        },
        "times": {
          "benchmark": 255877,
          "client": 641404,
          "client_begin": "2024-10-29 23:32:22.970139",
          "client_end": "2024-10-29 23:32:23.611543",
          "http_first_byte_return": 0.641359,
          "http_startup": 0.333786,
          "initialization": 0
        }
      },
      "cc7d2049-116e-49c6-89a5-c1c16feee2c5": {
        "billing": {
          "_billed_time": null,
          "_gb_seconds": 0,
          "_memory": null
        },
        "output": {
          "begin": "1730244743.223519",
          "cold_start_var": "",
          "container_id": "9724bb9d",
          "end": "1730244743.478205",
          "is_cold": false,
          "request_id": "cc7d2049-116e-49c6-89a5-c1c16feee2c5",
          "result": {
            "measurement": {
              "compute_time": 76746.0,
              "download_size": 2907386,
              "download_time": 120735.0,
              "upload_size": 3444,
              "upload_time": 56846.0
            },
            "output": {
              "bucket": "210.thumbnailer-0-output-508cd3a1-f6b0-45",
              "key": "5_asphalt-atmosphere-cloudy-sky-2739010.4865ba42..jpg"
            }
          },
          "results_time": 0
        },
        "provider_times": {
          "execution": 0,
          "initialization": 0
        },
        "request_id": "cc7d2049-116e-49c6-89a5-c1c16feee2c5",
        "stats": {
          "cold_start": false,
          "failure": false,
          "memory_used": null
        },
        "times": {
          "benchmark": 254686,
          "client": 568613,
          "client_begin": "2024-10-29 23:32:22.925031",
          "client_end": "2024-10-29 23:32:23.493644",
          "http_first_byte_return": 0.568563,
          "http_startup": 0.269991,
          "initialization": 0
        }
      },
      "d91b1664-ca5c-4b35-9099-a164e738c815": {
        "billing": {
          "_billed_time": null,
          "_gb_seconds": 0,
          "_memory": null
        },
        "output": {
          "begin": "1730244743.328761",
          "cold_start_var": "",
          "container_id": "0be55a5b",
          "end": "1730244743.532603",
          "is_cold": false,
          "request_id": "d91b1664-ca5c-4b35-9099-a164e738c815",
          "result": {
            "measurement": {
              "compute_time": 75954.0,
              "download_size": 2907386,
              "download_time": 97574.0,
              "upload_size": 3444,
              "upload_time": 29959.0
            },
            "output": {
              "bucket": "210.thumbnailer-0-output-508cd3a1-f6b0-45",
              "key": "5_asphalt-atmosphere-cloudy-sky-2739010.51f1a2d4..jpg"
            }
          },
          "results_time": 0
        },
        "provider_times": {
          "execution": 0,
          "initialization": 0
        },
        "request_id": "d91b1664-ca5c-4b35-9099-a164e738c815",
        "stats": {
          "cold_start": false,
          "failure": false,
          "memory_used": null
        },
        "times": {
          "benchmark": 203842,
          "client": 558330,
          "client_begin": "2024-10-29 23:32:22.991023",
          "client_end": "2024-10-29 23:32:23.549353",
          "http_first_byte_return": 0.558297,
          "http_startup": 0.306376,
          "initialization": 0
        }
      },
      "dca353a3-0bc9-4b41-9b67-e29c96788c94": {
        "billing": {
          "_billed_time": null,
          "_gb_seconds": 0,
          "_memory": null
        },
        "output": {
          "begin": "1730244743.305469",
          "cold_start_var": "",
          "container_id": "e8b09bf8",
          "end": "1730244743.599464",
          "is_cold": false,
          "request_id": "dca353a3-0bc9-4b41-9b67-e29c96788c94",
          "result": {
            "measurement": {
              "compute_time": 76380.0,
              "download_size": 2907386,
              "download_time": 179686.0,
              "upload_size": 3444,
              "upload_time": 37584.0
            },
            "output": {
              "bucket": "210.thumbnailer-0-output-508cd3a1-f6b0-45",
              "key": "5_asphalt-atmosphere-cloudy-sky-2739010.1de76971..jpg"
            }
          },
          "results_time": 0
        },
        "provider_times": {
          "execution": 0,
          "initialization": 0
        },
        "request_id": "dca353a3-0bc9-4b41-9b67-e29c96788c94",
        "stats": {
          "cold_start": false,
          "failure": false,
          "memory_used": null
        },
        "times": {
          "benchmark": 293995,
          "client": 619548,
          "client_begin": "2024-10-29 23:32:22.997224",
          "client_end": "2024-10-29 23:32:23.616772",
          "http_first_byte_return": 0.619507,
          "http_startup": 0.277204,
          "initialization": 0
        }
      },
      "e06c05cb-7982-4311-b2bf-293a8b7c1f34": {
        "billing": {
          "_billed_time": null,
          "_gb_seconds": 0,
          "_memory": null
        },
        "output": {
          "begin": "1730244743.330573",
          "cold_start_var": "",
          "container_id": "a81b7f8f",
          "end": "1730244743.535148",
          "is_cold": false,
          "request_id": "e06c05cb-7982-4311-b2bf-293a8b7c1f34",
          "result": {
            "measurement": {
              "compute_time": 84664.0,
              "download_size": 2907386,
              "download_time": 88447.0,
              "upload_size": 3444,
              "upload_time": 31107.0
            },
            "output": {
              "bucket": "210.thumbnailer-0-output-508cd3a1-f6b0-45",
              "key": "5_asphalt-atmosphere-cloudy-sky-2739010.4a5530d8..jpg"
            }
          },
          "results_time": 0
        },
        "provider_times": {
          "execution": 0,
          "initialization": 0
        },
        "request_id": "e06c05cb-7982-4311-b2bf-293a8b7c1f34",
        "stats": {
          "cold_start": false,
          "failure": false,
          "memory_used": null
        },
        "times": {
          "benchmark": 204575,
          "client": 598292,
          "client_begin": "2024-10-29 23:32:22.954049",
          "client_end": "2024-10-29 23:32:23.552341",
          "http_first_byte_return": 0.598253,
          "http_startup": 0.342683,
          "initialization": 0
        }
      },
      "e127d749-db20-4fa5-b7be-ec4354e75928": {
        "billing": {
          "_billed_time": null,
          "_gb_seconds": 0,
          "_memory": null
        },
        "output": {
          "begin": "1730244743.306569",
          "cold_start_var": "",
          "container_id": "f906f74b",
          "end": "1730244743.599084",
          "is_cold": false,
          "request_id": "e127d749-db20-4fa5-b7be-ec4354e75928",
          "result": {
            "measurement": {
              "compute_time": 83266.0,
              "download_size": 2907386,
              "download_time": 83905.0,
              "upload_size": 3444,
              "upload_time": 125051.0
            },
            "output": {
              "bucket": "210.thumbnailer-0-output-508cd3a1-f6b0-45",
              "key": "5_asphalt-atmosphere-cloudy-sky-2739010.a54294a8..jpg"
            }
          },
          "results_time": 0
        },
        "provider_times": {
          "execution": 0,
          "initialization": 0
        },
        "request_id": "e127d749-db20-4fa5-b7be-ec4354e75928",
        "stats": {
          "cold_start": false,
          "failure": false,
          "memory_used": null
        },
        "times": {
          "benchmark": 292515,
          "client": 632643,
          "client_begin": "2024-10-29 23:32:22.981931",
          "client_end": "2024-10-29 23:32:23.614574",
          "http_first_byte_return": 0.632606,
          "http_startup": 0.291658,
          "initialization": 0
        }
      },
      "ec997e47-0bb8-49a1-9da6-fe590ee1a66b": {
        "billing": {
          "_billed_time": null,
          "_gb_seconds": 0,
          "_memory": null
        },
        "output": {
          "begin": "1730244743.281760",
          "cold_start_var": "",
          "container_id": "605ba13a",
          "end": "1730244743.483507",
          "is_cold": false,
          "request_id": "ec997e47-0bb8-49a1-9da6-fe590ee1a66b",
          "result": {
            "measurement": {
              "compute_time": 80829.0,
              "download_size": 2907386,
              "download_time": 80180.0,
              "upload_size": 3444,
              "upload_time": 40395.0
            },
            "output": {
              "bucket": "210.thumbnailer-0-output-508cd3a1-f6b0-45",
              "key": "5_asphalt-atmosphere-cloudy-sky-2739010.6883cf8d..jpg"
            }
          },
          "results_time": 0
        },
        "provider_times": {
          "execution": 0,
          "initialization": 0
        },
        "request_id": "ec997e47-0bb8-49a1-9da6-fe590ee1a66b",
        "stats": {
          "cold_start": false,
          "failure": false,
          "memory_used": null
        },
        "times": {
          "benchmark": 201747,
          "client": 482025,
          "client_begin": "2024-10-29 23:32:23.019009",
          "client_end": "2024-10-29 23:32:23.501034",
          "http_first_byte_return": 0.481994,
          "http_startup": 0.228561,
          "initialization": 0
        }
      },
      "f3a26305-4493-4e99-9228-9df780a2ffd8": {
        "billing": {
          "_billed_time": null,
          "_gb_seconds": 0,
          "_memory": null
        },
        "output": {
          "begin": "1730244743.222396",
          "cold_start_var": "",
          "container_id": "db2df7bf",
          "end": "1730244743.424625",
          "is_cold": false,
          "request_id": "f3a26305-4493-4e99-9228-9df780a2ffd8",
          "result": {
            "measurement": {
              "compute_time": 76347.0,
              "download_size": 2907386,
              "download_time": 93263.0,
              "upload_size": 3444,
              "upload_time": 32266.0
            },
            "output": {
              "bucket": "210.thumbnailer-0-output-508cd3a1-f6b0-45",
              "key": "5_asphalt-atmosphere-cloudy-sky-2739010.220e0996..jpg"
            }
          },
          "results_time": 0
        },
        "provider_times": {
          "execution": 0,
          "initialization": 0
        },
        "request_id": "f3a26305-4493-4e99-9228-9df780a2ffd8",
        "stats": {
          "cold_start": false,
          "failure": false,
          "memory_used": null
        },
        "times": {
          "benchmark": 202229,
          "client": 501458,
          "client_begin": "2024-10-29 23:32:22.939124",
          "client_end": "2024-10-29 23:32:23.440582",
          "http_first_byte_return": 0.501416,
          "http_startup": 0.25423,
          "initialization": 0
        }
      },
      "fc5a0b31-cb2c-495c-a2ba-f46f7e1adb15": {
        "billing": {
          "_billed_time": null,
          "_gb_seconds": 0,
          "_memory": null
        },
        "output": {
          "begin": "1730244743.329095",
          "cold_start_var": "",
          "container_id": "c900eb7a",
          "end": "1730244743.525244",
          "is_cold": false,
          "request_id": "fc5a0b31-cb2c-495c-a2ba-f46f7e1adb15",
          "result": {
            "measurement": {
              "compute_time": 76398.0,
              "download_size": 2907386,
              "download_time": 80713.0,
              "upload_size": 3444,
              "upload_time": 38693.0
            },
            "output": {
              "bucket": "210.thumbnailer-0-output-508cd3a1-f6b0-45",
              "key": "5_asphalt-atmosphere-cloudy-sky-2739010.71cc6722..jpg"
            }
          },
          "results_time": 0
        },
        "provider_times": {
          "execution": 0,
          "initialization": 0
        },
        "request_id": "fc5a0b31-cb2c-495c-a2ba-f46f7e1adb15",
        "stats": {
          "cold_start": false,
          "failure": false,
          "memory_used": null
        },
        "times": {
          "benchmark": 196149,
          "client": 543795,
          "client_begin": "2024-10-29 23:32:22.997284",
          "client_end": "2024-10-29 23:32:23.541079",
          "http_first_byte_return": 0.543758,
          "http_startup": 0.303564,
          "initialization": 0
        }
      }
    }
  },
  "_metrics": {},
  "begin_time": 1730244727.175628,
  "config": {
    "deployment": {
      "credentials": {
        "account_id": "314211295665"
      },
      "name": "aws",
      "region": "us-east-1",
      "resources": {
        "http-apis": {
          "120_uploader_python_3_8-http-api": {
            "arn": "arn:aws:execute-api:us-east-1:314211295665:orle8njuxg",
            "endpoint": "https://orle8njuxg.execute-api.us-east-1.amazonaws.com"
          },
          "210_thumbnailer_python_3_8-http-api": {
            "arn": "arn:aws:execute-api:us-east-1:314211295665:1owsl69vx2",
            "endpoint": "https://1owsl69vx2.execute-api.us-east-1.amazonaws.com"
          }
        },
        "lambda-role": "arn:aws:iam::314211295665:role/sebs-lambda-role"
      }
    },
    "experiments": {
      "architecture": "x86_64",
      "download_results": true,
      "experiments": {
        "eviction-model": {
          "function_copy_idx": 0,
          "invocations": 1,
          "repetitions": 5,
          "sleep": 1
        },
        "invocation-overhead": {
          "N": 20,
          "code_begin": 1048576,
          "code_end": 261619712,
          "code_points": 20,
          "payload_begin": 1024,
          "payload_end": 6251000,
          "payload_points": 20,
          "repetitions": 5,
          "type": "payload"
        },
        "network-ping-pong": {
          "invocations": 50,
          "repetitions": 1000,
          "threads": 1
        },
        "perf-cost": {
          "benchmark": "210.thumbnailer",
          "concurrent-invocations": 50,
          "experiments": [
            "cold",
            "warm"
          ],
          "input-size": "test",
          "memory-sizes": [
            128,
            256,
            512,
            1024
          ],
          "repetitions": 50
        }
      },
      "flags": {},
      "runtime": {
        "language": "python",
        "version": "3.8"
      },
      "update_code": false,
      "update_storage": false
    }
  },
  "end_time": 1730244748.644968,
  "result_bucket": null,
  "statistics": {
    "cold_count": 0,
    "failures": [],
    "failures_count": 0,
    "incorrect": [],
    "incorrect_count": 0,
    "samples_generated": 50
  }
}