{
  "_invocations": {
    "503_graph_bfs_python_3_8": {
      "02ab6677-c4be-4322-903e-d8a321575476": {
        "billing": {
          "_billed_time": null,
          "_gb_seconds": 0,
          "_memory": null
        },
        "output": {
          "begin": "1730334843.312265",
          "cold_start_var": "",
          "container_id": "09fbb43a",
          "end": "1730334843.312560",
          "is_cold": false,
          "request_id": "02ab6677-c4be-4322-903e-d8a321575476",
          "result": {
            "measurement": {
              "compute_time": 9.0,
              "graph_generating_time": 260.0
            },
            "output": [
              [
                0,
                1,
                2,
                3,
                4,
                5,
                6,
                7,
                8,
                9
              ],
              [
                0,
                1,
                10
              ],
              [
                0,
                0,
                0,
                0,
                0,
                0,
                0,
                0,
                0,
                0
              ]
            ]
          },
          "results_time": 0
        },
        "provider_times": {
          "execution": 0,
          "initialization": 0
        },
        "request_id": "02ab6677-c4be-4322-903e-d8a321575476",
        "stats": {
          "cold_start": false,
          "failure": false,
          "memory_used": null
        },
        "times": {
          "benchmark": 295,
          "client": 293549,
          "client_begin": "2024-10-31 00:34:03.003067",
          "client_end": "2024-10-31 00:34:03.296616",
          "http_first_byte_return": 0.293512,
          "http_startup": 0.241313,
          "initialization": 0
        }
      },
      "0aba263b-5745-46a3-b031-b366a120414a": {
        "billing": {
          "_billed_time": null,
          "_gb_seconds": 0,
          "_memory": null
        },
        "output": {
          "begin": "1730334843.291545",
          "cold_start_var": "",
          "container_id": "29d7f0ae",
          "end": "1730334843.291801",
          "is_cold": false,
          "request_id": "0aba263b-5745-46a3-b031-b366a120414a",
          "result": {
            "measurement": {
              "compute_time": 9.0,
              "graph_generating_time": 227.0
            },
            "output": [
              [
                0,
                1,
                2,
                3,
                4,
                5,
                6,
                7,
                8,
                9
              ],
              [
                0,
                1,
                10
              ],
              [
                0,
                0,
                0,
                0,
                0,
                0,
                0,
                0,
                0,
                0
              ]
            ]
          },
          "results_time": 0
        },
        "provider_times": {
          "execution": 0,
          "initialization": 0
        },
        "request_id": "0aba263b-5745-46a3-b031-b366a120414a",
        "stats": {
          "cold_start": false,
          "failure": false,
          "memory_used": null
        },
        "times": {
          "benchmark": 256,
          "client": 347226,
          "client_begin": "2024-10-31 00:34:02.927799",
          "client_end": "2024-10-31 00:34:03.275025",
          "http_first_byte_return": 0.347195,
          "http_startup": 0.297881,
          "initialization": 0
        }
      },
      "0b0cd5ec-9c99-4c1b-badf-25f23dccdd7d": {
        "billing": {
          "_billed_time": null,
          "_gb_seconds": 0,
          "_memory": null
        },
        "output": {
          "begin": "1730334843.163198",
          "cold_start_var": "",
          "container_id": "ae561099",
          "end": "1730334843.163455",
          "is_cold": false,
          "request_id": "0b0cd5ec-9c99-4c1b-badf-25f23dccdd7d",
          "result": {
            "measurement": {
              "compute_time": 8.0,
              "graph_generating_time": 227.0
            },
            "output": [
              [
                0,
                1,
                2,
                3,
                4,
                5,
                6,
                7,
                8,
                9
              ],
              [
                0,
                1,
                10
              ],
              [
                0,
                0,
                0,
                0,
                0,
                0,
                0,
                0,
                0,
                0
              ]
            ]
          },
          "results_time": 0
        },
        "provider_times": {
          "execution": 0,
          "initialization": 0
        },
        "request_id": "0b0cd5ec-9c99-4c1b-badf-25f23dccdd7d",
        "stats": {
          "cold_start": false,
          "failure": false,
          "memory_used": null
        },
        "times": {
          "benchmark": 257,
          "client": 244027,
          "client_begin": "2024-10-31 00:34:02.912841",
          "client_end": "2024-10-31 00:34:03.156868",
          "http_first_byte_return": 0.24399,
          "http_startup": 0.18784,
          "initialization": 0
        }
      },
      "0e4e6c8d-b04d-4c1a-b10f-cc2097861f2e": {
        "billing": {
          "_billed_time": null,
          "_gb_seconds": 0,
          "_memory": null
        },
        "output": {
          "begin": "1730334843.229769",
          "cold_start_var": "",
          "container_id": "298d1c73",
          "end": "1730334843.230068",
          "is_cold": false,
          "request_id": "0e4e6c8d-b04d-4c1a-b10f-cc2097861f2e",
          "result": {
            "measurement": {
              "compute_time": 9.0,
              "graph_generating_time": 266.0
            },
            "output": [
              [
                0,
                1,
                2,
                3,
                4,
                5,
                6,
                7,
                8,
                9
              ],
              [
                0,
                1,
                10
              ],
              [
                0,
                0,
                0,
                0,
                0,
                0,
                0,
                0,
                0,
                0
              ]
            ]
          },
          "results_time": 0
        },
        "provider_times": {
          "execution": 0,
          "initialization": 0
        },
        "request_id": "0e4e6c8d-b04d-4c1a-b10f-cc2097861f2e",
        "stats": {
          "cold_start": false,
          "failure": false,
          "memory_used": null
        },
        "times": {
          "benchmark": 299,
          "client": 289085,
          "client_begin": "2024-10-31 00:34:02.922851",
          "client_end": "2024-10-31 00:34:03.211936",
          "http_first_byte_return": 0.289048,
          "http_startup": 0.240203,
          "initialization": 0
        }
      },
      "1531c7e8-81ea-4c97-840d-838f5464f044": {
        "billing": {
          "_billed_time": null,
          "_gb_seconds": 0,
          "_memory": null
        },
        "output": {
          "begin": "1730334843.230904",
          "cold_start_var": "",
          "container_id": "dd2f67ad",
          "end": "1730334843.231198",
          "is_cold": false,
          "request_id": "1531c7e8-81ea-4c97-840d-838f5464f044",
          "result": {
            "measurement": {
              "compute_time": 9.0,
              "graph_generating_time": 259.0
            },
            "output": [
              [
                0,
                1,
                2,
                3,
                4,
                5,
                6,
                7,
                8,
                9
              ],
              [
                0,
                1,
                10
              ],
              [
                0,
                0,
                0,
                0,
                0,
                0,
                0,
                0,
                0,
                0
              ]
            ]
          },
          "results_time": 0
        },
        "provider_times": {
          "execution": 0,
          "initialization": 0
        },
        "request_id": "1531c7e8-81ea-4c97-840d-838f5464f044",
        "stats": {
          "cold_start": false,
          "failure": false,
          "memory_used": null
        },
        "times": {
          "benchmark": 294,
          "client": 240216,
          "client_begin": "2024-10-31 00:34:02.972875",
          "client_end": "2024-10-31 00:34:03.213091",
          "http_first_byte_return": 0.240176,
          "http_startup": 0.191018,
          "initialization": 0
        }
      },
      "1b1c3f96-0ac7-4bfb-9f4e-957870e294e8": {
        "billing": {
          "_billed_time": null,
          "_gb_seconds": 0,
          "_memory": null
        },
        "output": {
          "begin": "1730334843.273274",
          "cold_start_var": "",
          "container_id": "dd2f67ad",
          "end": "1730334843.273574",
          "is_cold": false,
          "request_id": "1b1c3f96-0ac7-4bfb-9f4e-957870e294e8",
          "result": {
            "measurement": {
              "compute_time": 9.0,
              "graph_generating_time": 265.0
            },
            "output": [
              [
                0,
                1,
                2,
                3,
                4,
                5,
                6,
                7,
                8,
                9
              ],
              [
                0,
                1,
                10
              ],
              [
                0,
                0,
                0,
                0,
                0,
                0,
                0,
                0,
                0,
                0
              ]
            ]
          },
          "results_time": 0
        },
        "provider_times": {
          "execution": 0,
          "initialization": 0
        },
        "request_id": "1b1c3f96-0ac7-4bfb-9f4e-957870e294e8",
        "stats": {
          "cold_start": false,
          "failure": false,
          "memory_used": null
        },
        "times": {
          "benchmark": 300,
          "client": 324516,
          "client_begin": "2024-10-31 00:34:02.929867",
          "client_end": "2024-10-31 00:34:03.254383",
          "http_first_byte_return": 0.324481,
          "http_startup": 0.2816,
          "initialization": 0
        }
      },
      "208c8c06-f1f5-469e-83d4-75f32547acab": {
        "billing": {
          "_billed_time": null,
          "_gb_seconds": 0,
          "_memory": null
        },
        "output": {
          "begin": "1730334843.167727",
          "cold_start_var": "",
          "container_id": "6e9c30f4",
          "end": "1730334843.168023",
          "is_cold": false,
          "request_id": "208c8c06-f1f5-469e-83d4-75f32547acab",
          "result": {
            "measurement": {
              "compute_time": 10.0,
              "graph_generating_time": 260.0
            },
            "output": [
              [
                0,
                1,
                2,
                3,
                4,
                5,
                6,
                7,
                8,
                9
              ],
              [
                0,
                1,
                10
              ],
              [
                0,
                0,
                0,
                0,
                0,
                0,
                0,
                0,
                0,
                0
              ]
            ]
          },
          "results_time": 0
        },
        "provider_times": {
          "execution": 0,
          "initialization": 0
        },
        "request_id": "208c8c06-f1f5-469e-83d4-75f32547acab",
        "stats": {
          "cold_start": false,
          "failure": false,
          "memory_used": null
        },
        "times": {
          "benchmark": 296,
          "client": 258148,
          "client_begin": "2024-10-31 00:34:02.892004",
          "client_end": "2024-10-31 00:34:03.150152",
          "http_first_byte_return": 0.258114,
          "http_startup": 0.210391,
          "initialization": 0
        }
      },
      "24d9640a-2ba3-41e2-bf5f-847f8720c073": {
        "billing": {
          "_billed_time": null,
          "_gb_seconds": 0,
          "_memory": null
        },
        "output": {
          "begin": "1730334843.263101",
          "cold_start_var": "",
          "container_id": "6e9c30f4",
          "end": "1730334843.263399",
          "is_cold": false,
          "request_id": "24d9640a-2ba3-41e2-bf5f-847f8720c073",
          "result": {
            "measurement": {
              "compute_time": 9.0,
              "graph_generating_time": 263.0
            },
            "output": [
              [
                0,
                1,
                2,
                3,
                4,
                5,
                6,
                7,
                8,
                9
              ],
              [
                0,
                1,
                10
              ],
              [
                0,
                0,
                0,
                0,
                0,
                0,
                0,
                0,
                0,
                0
              ]
            ]
          },
          "results_time": 0
        },
        "provider_times": {
          "execution": 0,
          "initialization": 0
        },
        "request_id": "24d9640a-2ba3-41e2-bf5f-847f8720c073",
        "stats": {
          "cold_start": false,
          "failure": false,
          "memory_used": null
        },
        "times": {
          "benchmark": 298,
          "client": 326740,
          "client_begin": "2024-10-31 00:34:02.920592",
          "client_end": "2024-10-31 00:34:03.247332",
          "http_first_byte_return": 0.326702,
          "http_startup": 0.277314,
          "initialization": 0
        }
      },
      "272be3ab-324a-4a84-b99d-895874512932": {
        "billing": {
          "_billed_time": null,
          "_gb_seconds": 0,
          "_memory": null
        },
        "output": {
          "begin": "1730334843.262635",
          "cold_start_var": "",
          "container_id": "5259c31c",
          "end": "1730334843.262919",
          "is_cold": false,
          "request_id": "272be3ab-324a-4a84-b99d-895874512932",
          "result": {
            "measurement": {
              "compute_time": 8.0,
              "graph_generating_time": 252.0
            },
            "output": [
              [
                0,
                1,
                2,
                3,
                4,
                5,
                6,
                7,
                8,
                9
              ],
              [
                0,
                1,
                10
              ],
              [
                0,
                0,
                0,
                0,
                0,
                0,
                0,
                0,
                0,
                0
              ]
            ]
          },
          "results_time": 0
        },
        "provider_times": {
          "execution": 0,
          "initialization": 0
        },
        "request_id": "272be3ab-324a-4a84-b99d-895874512932",
        "stats": {
          "cold_start": false,
          "failure": false,
          "memory_used": null
        },
        "times": {
          "benchmark": 284,
          "client": 263028,
          "client_begin": "2024-10-31 00:34:02.980841",
          "client_end": "2024-10-31 00:34:03.243869",
          "http_first_byte_return": 0.262981,
          "http_startup": 0.213148,
          "initialization": 0
        }
      },
      "274fb573-0718-4a9b-b2a2-fa3e4d128378": {
        "billing": {
          "_billed_time": null,
          "_gb_seconds": 0,
          "_memory": null
        },
        "output": {
          "begin": "1730334843.167307",
          "cold_start_var": "",
          "container_id": "5259c31c",
          "end": "1730334843.167596",
          "is_cold": false,
          "request_id": "274fb573-0718-4a9b-b2a2-fa3e4d128378",
          "result": {
            "measurement": {
              "compute_time": 10.0,
              "graph_generating_time": 256.0
            },
            "output": [
              [
                0,
                1,
                2,
                3,
                4,
                5,
                6,
                7,
                8,
                9
              ],
              [
                0,
                1,
                10
              ],
              [
                0,
                0,
                0,
                0,
                0,
                0,
                0,
                0,
                0,
                0
              ]
            ]
          },
          "results_time": 0
        },
        "provider_times": {
          "execution": 0,
          "initialization": 0
        },
        "request_id": "274fb573-0718-4a9b-b2a2-fa3e4d128378",
        "stats": {
          "cold_start": false,
          "failure": false,
          "memory_used": null
        },
        "times": {
          "benchmark": 289,
          "client": 252633,
          "client_begin": "2024-10-31 00:34:02.896209",
          "client_end": "2024-10-31 00:34:03.148842",
          "http_first_byte_return": 0.252598,
          "http_startup": 0.205352,
          "initialization": 0
        }
      },
      "2e507897-5b04-49b3-8c22-cab1da0eedbd": {
        "billing": {
          "_billed_time": null,
          "_gb_seconds": 0,
          "_memory": null
        },
        "output": {
          "begin": "1730334843.312808",
          "cold_start_var": "",
          "container_id": "dd2f67ad",
          "end": "1730334843.313097",
          "is_cold": false,
          "request_id": "2e507897-5b04-49b3-8c22-cab1da0eedbd",
          "result": {
            "measurement": {
              "compute_time": 9.0,
              "graph_generating_time": 255.0
            },
            "output": [
              [
                0,
                1,
                2,
                3,
                4,
                5,
                6,
                7,
                8,
                9
              ],
              [
                0,
                1,
                10
              ],
              [
                0,
                0,
                0,
                0,
                0,
                0,
                0,
                0,
                0,
                0
              ]
            ]
          },
          "results_time": 0
        },
        "provider_times": {
          "execution": 0,
          "initialization": 0
        },
        "request_id": "2e507897-5b04-49b3-8c22-cab1da0eedbd",
        "stats": {
          "cold_start": false,
          "failure": false,
          "memory_used": null
        },
        "times": {
          "benchmark": 289,
          "client": 285986,
          "client_begin": "2024-10-31 00:34:03.008857",
          "client_end": "2024-10-31 00:34:03.294843",
          "http_first_byte_return": 0.285935,
          "http_startup": 0.237165,
          "initialization": 0
        }
      },
      "3587b315-09b8-47cf-80b4-7c512d8ec846": {
        "billing": {
          "_billed_time": null,
          "_gb_seconds": 0,
          "_memory": null
        },
        "output": {
          "begin": "1730334843.143141",
          "cold_start_var": "",
          "container_id": "29d7f0ae",
          "end": "1730334843.143412",
          "is_cold": false,
          "request_id": "3587b315-09b8-47cf-80b4-7c512d8ec846",
          "result": {
            "measurement": {
              "compute_time": 9.0,
              "graph_generating_time": 239.0
            },
            "output": [
              [
                0,
                1,
                2,
                3,
                4,
                5,
                6,
                7,
                8,
                9
              ],
              [
                0,
                1,
                10
              ],
              [
                0,
                0,
                0,
                0,
                0,
                0,
                0,
                0,
                0,
                0
              ]
            ]
          },
          "results_time": 0
        },
        "provider_times": {
          "execution": 0,
          "initialization": 0
        },
        "request_id": "3587b315-09b8-47cf-80b4-7c512d8ec846",
        "stats": {
          "cold_start": false,
          "failure": false,
          "memory_used": null
        },
        "times": {
          "benchmark": 271,
          "client": 241074,
          "client_begin": "2024-10-31 00:34:02.891815",
          "client_end": "2024-10-31 00:34:03.132889",
          "http_first_byte_return": 0.240993,
          "http_startup": 0.180902,
          "initialization": 0
        }
      },
      "37cdb349-f52b-48c2-848b-e7191678b468": {
        "billing": {
          "_billed_time": null,
          "_gb_seconds": 0,
          "_memory": null
        },
        "output": {
          "begin": "1730334843.348584",
          "cold_start_var": "",
          "container_id": "29d7f0ae",
          "end": "1730334843.348749",
          "is_cold": false,
          "request_id": "37cdb349-f52b-48c2-848b-e7191678b468",
          "result": {
            "measurement": {
              "compute_time": 5.0,
              "graph_generating_time": 148.0
            },
            "output": [
              [
                0,
                1,
                2,
                3,
                4,
                5,
                6,
                7,
                8,
                9
              ],
              [
                0,
                1,
                10
              ],
              [
                0,
                0,
                0,
                0,
                0,
                0,
                0,
                0,
                0,
                0
              ]
            ]
          },
          "results_time": 0
        },
        "provider_times": {
          "execution": 0,
          "initialization": 0
        },
        "request_id": "37cdb349-f52b-48c2-848b-e7191678b468",
        "stats": {
          "cold_start": false,
          "failure": false,
          "memory_used": null
        },
        "times": {
          "benchmark": 165,
          "client": 349440,
          "client_begin": "2024-10-31 00:34:02.981220",
          "client_end": "2024-10-31 00:34:03.330660",
          "http_first_byte_return": 0.349406,
          "http_startup": 0.303215,
          "initialization": 0
        }
      },
      "474e3bee-1c61-4c93-9f00-964a37676f46": {
        "billing": {
          "_billed_time": null,
          "_gb_seconds": 0,
          "_memory": null
        },
        "output": {
          "begin": "1730334843.147776",
          "cold_start_var": "",
          "container_id": "ae561099",
          "end": "1730334843.148035",
          "is_cold": false,
          "request_id": "474e3bee-1c61-4c93-9f00-964a37676f46",
          "result": {
            "measurement": {
              "compute_time": 8.0,
              "graph_generating_time": 228.0
            },
            "output": [
              [
                0,
                1,
                2,
                3,
                4,
                5,
                6,
                7,
                8,
                9
              ],
              [
                0,
                1,
                10
              ],
              [
                0,
                0,
                0,
                0,
                0,
                0,
                0,
                0,
                0,
                0
              ]
            ]
          },
          "results_time": 0
        },
        "provider_times": {
          "execution": 0,
          "initialization": 0
        },
        "request_id": "474e3bee-1c61-4c93-9f00-964a37676f46",
        "stats": {
          "cold_start": false,
          "failure": false,
          "memory_used": null
        },
        "times": {
          "benchmark": 259,
          "client": 237797,
          "client_begin": "2024-10-31 00:34:02.916798",
          "client_end": "2024-10-31 00:34:03.154595",
          "http_first_byte_return": 0.237759,
          "http_startup": 0.160656,
          "initialization": 0
        }
      },
      "4b955b4d-f56e-43be-a85a-580ce00f3e8d": {
        "billing": {
          "_billed_time": null,
          "_gb_seconds": 0,
          "_memory": null
        },
        "output": {
          "begin": "1730334843.256841",
          "cold_start_var": "",
          "container_id": "dd2f67ad",
          "end": "1730334843.257147",
          "is_cold": false,
          "request_id": "4b955b4d-f56e-43be-a85a-580ce00f3e8d",
          "result": {
            "measurement": {
              "compute_time": 9.0,
              "graph_generating_time": 270.0
            },
            "output": [
              [
                0,
                1,
                2,
                3,
                4,
                5,
                6,
                7,
                8,
                9
              ],
              [
                0,
                1,
                10
              ],
              [
                0,
                0,
                0,
                0,
                0,
                0,
                0,
                0,
                0,
                0
              ]
            ]
          },
          "results_time": 0
        },
        "provider_times": {
          "execution": 0,
          "initialization": 0
        },
        "request_id": "4b955b4d-f56e-43be-a85a-580ce00f3e8d",
        "stats": {
          "cold_start": false,
          "failure": false,
          "memory_used": null
        },
        "times": {
          "benchmark": 306,
          "client": 317858,
          "client_begin": "2024-10-31 00:34:02.920843",
          "client_end": "2024-10-31 00:34:03.238701",
          "http_first_byte_return": 0.317822,
          "http_startup": 0.269997,
          "initialization": 0
        }
      },
      "518b258b-1716-4610-91d6-1f3287faa4ee": {
        "billing": {
          "_billed_time": null,
          "_gb_seconds": 0,
          "_memory": null
        },
        "output": {
          "begin": "1730334843.268020",
          "cold_start_var": "",
          "container_id": "09fbb43a",
          "end": "1730334843.268305",
          "is_cold": false,
          "request_id": "518b258b-1716-4610-91d6-1f3287faa4ee",
          "result": {
            "measurement": {
              "compute_time": 9.0,
              "graph_generating_time": 252.0
            },
            "output": [
              [
                0,
                1,
                2,
                3,
                4,
                5,
                6,
                7,
                8,
                9
              ],
              [
                0,
                1,
                10
              ],
              [
                0,
                0,
                0,
                0,
                0,
                0,
                0,
                0,
                0,
                0
              ]
            ]
          },
          "results_time": 0
        },
        "provider_times": {
          "execution": 0,
          "initialization": 0
        },
        "request_id": "518b258b-1716-4610-91d6-1f3287faa4ee",
        "stats": {
          "cold_start": false,
          "failure": false,
          "memory_used": null
        },
        "times": {
          "benchmark": 285,
          "client": 252989,
          "client_begin": "2024-10-31 00:34:02.996858",
          "client_end": "2024-10-31 00:34:03.249847",
          "http_first_byte_return": 0.252904,
          "http_startup": 0.20522,
          "initialization": 0
        }
      },
      "5a953ada-c9e0-4b51-8fc4-3a0f9ec23fc3": {
        "billing": {
          "_billed_time": null,
          "_gb_seconds": 0,
          "_memory": null
        },
        "output": {
          "begin": "1730334843.291714",
          "cold_start_var": "",
          "container_id": "dd2f67ad",
          "end": "1730334843.292012",
          "is_cold": false,
          "request_id": "5a953ada-c9e0-4b51-8fc4-3a0f9ec23fc3",
          "result": {
            "measurement": {
              "compute_time": 9.0,
              "graph_generating_time": 263.0
            },
            "output": [
              [
                0,
                1,
                2,
                3,
                4,
                5,
                6,
                7,
                8,
                9
              ],
              [
                0,
                1,
                10
              ],
              [
                0,
                0,
                0,
                0,
                0,
                0,
                0,
                0,
                0,
                0
              ]
            ]
          },
          "results_time": 0
        },
        "provider_times": {
          "execution": 0,
          "initialization": 0
        },
        "request_id": "5a953ada-c9e0-4b51-8fc4-3a0f9ec23fc3",
        "stats": {
          "cold_start": false,
          "failure": false,
          "memory_used": null
        },
        "times": {
          "benchmark": 298,
          "client": 292560,
          "client_begin": "2024-10-31 00:34:02.981060",
          "client_end": "2024-10-31 00:34:03.273620",
          "http_first_byte_return": 0.292528,
          "http_startup": 0.245555,
          "initialization": 0
        }
      },
      "5c2d8754-81bb-4480-9caf-6161e024684b": {
        "billing": {
          "_billed_time": null,
          "_gb_seconds": 0,
          "_memory": null
        },
        "output": {
          "begin": "1730334843.262300",
          "cold_start_var": "",
          "container_id": "298d1c73",
          "end": "1730334843.262589",
          "is_cold": false,
          "request_id": "5c2d8754-81bb-4480-9caf-6161e024684b",
          "result": {
            "measurement": {
              "compute_time": 8.0,
              "graph_generating_time": 258.0
            },
            "output": [
              [
                0,
                1,
                2,
                3,
                4,
                5,
                6,
                7,
                8,
                9
              ],
              [
                0,
                1,
                10
              ],
              [
                0,
                0,
                0,
                0,
                0,
                0,
                0,
                0,
                0,
                0
              ]
            ]
          },
          "results_time": 0
        },
        "provider_times": {
          "execution": 0,
          "initialization": 0
        },
        "request_id": "5c2d8754-81bb-4480-9caf-6161e024684b",
        "stats": {
          "cold_start": false,
          "failure": false,
          "memory_used": null
        },
        "times": {
          "benchmark": 289,
          "client": 269720,
          "client_begin": "2024-10-31 00:34:02.975973",
          "client_end": "2024-10-31 00:34:03.245693",
          "http_first_byte_return": 0.269687,
          "http_startup": 0.220258,
          "initialization": 0
        }
      },
      "5defe2ab-52a0-4502-a670-8090a946cab9": {
        "billing": {
          "_billed_time": null,
          "_gb_seconds": 0,
          "_memory": null
        },
        "output": {
          "begin": "1730334843.253982",
          "cold_start_var": "",
          "container_id": "298d1c73",
          "end": "1730334843.254301",
          "is_cold": false,
          "request_id": "5defe2ab-52a0-4502-a670-8090a946cab9",
          "result": {
            "measurement": {
              "compute_time": 10.0,
              "graph_generating_time": 285.0
            },
            "output": [
              [
                0,
                1,
                2,
                3,
                4,
                5,
                6,
                7,
                8,
                9
              ],
              [
                0,
                1,
                10
              ],
              [
                0,
                0,
                0,
                0,
                0,
                0,
                0,
                0,
                0,
                0
              ]
            ]
          },
          "results_time": 0
        },
        "provider_times": {
          "execution": 0,
          "initialization": 0
        },
        "request_id": "5defe2ab-52a0-4502-a670-8090a946cab9",
        "stats": {
          "cold_start": false,
          "failure": false,
          "memory_used": null
        },
        "times": {
          "benchmark": 319,
          "client": 238866,
          "client_begin": "2024-10-31 00:34:02.996916",
          "client_end": "2024-10-31 00:34:03.235782",
          "http_first_byte_return": 0.238827,
          "http_startup": 0.186383,
          "initialization": 0
        }
      },
      "6a2728c0-55b4-4cd5-89ba-97da8e57e81c": {
        "billing": {
          "_billed_time": null,
          "_gb_seconds": 0,
          "_memory": null
        },
        "output": {
          "begin": "1730334843.287973",
          "cold_start_var": "",
          "container_id": "6e9c30f4",
          "end": "1730334843.288264",
          "is_cold": false,
          "request_id": "6a2728c0-55b4-4cd5-89ba-97da8e57e81c",
          "result": {
            "measurement": {
              "compute_time": 10.0,
              "graph_generating_time": 255.0
            },
            "output": [
              [
                0,
                1,
                2,
                3,
                4,
                5,
                6,
                7,
                8,
                9
              ],
              [
                0,
                1,
                10
              ],
              [
                0,
                0,
                0,
                0,
                0,
                0,
                0,
                0,
                0,
                0
              ]
            ]
          },
          "results_time": 0
        },
        "provider_times": {
          "execution": 0,
          "initialization": 0
        },
        "request_id": "6a2728c0-55b4-4cd5-89ba-97da8e57e81c",
        "stats": {
          "cold_start": false,
          "failure": false,
          "memory_used": null
        },
        "times": {
          "benchmark": 291,
          "client": 341904,
          "client_begin": "2024-10-31 00:34:02.927713",
          "client_end": "2024-10-31 00:34:03.269617",
          "http_first_byte_return": 0.341871,
          "http_startup": 0.289525,
          "initialization": 0
        }
      },
      "6feb50ef-599b-40cb-989f-070dd417aa89": {
        "billing": {
          "_billed_time": null,
          "_gb_seconds": 0,
          "_memory": null
        },
        "output": {
          "begin": "1730334843.313354",
          "cold_start_var": "",
          "container_id": "29d7f0ae",
          "end": "1730334843.313609",
          "is_cold": false,
          "request_id": "6feb50ef-599b-40cb-989f-070dd417aa89",
          "result": {
            "measurement": {
              "compute_time": 8.0,
              "graph_generating_time": 228.0
            },
            "output": [
              [
                0,
                1,
                2,
                3,
                4,
                5,
                6,
                7,
                8,
                9
              ],
              [
                0,
                1,
                10
              ],
              [
                0,
                0,
                0,
                0,
                0,
                0,
                0,
                0,
                0,
                0
              ]
            ]
          },
          "results_time": 0
        },
        "provider_times": {
          "execution": 0,
          "initialization": 0
        },
        "request_id": "6feb50ef-599b-40cb-989f-070dd417aa89",
        "stats": {
          "cold_start": false,
          "failure": false,
          "memory_used": null
        },
        "times": {
          "benchmark": 255,
          "client": 315313,
          "client_begin": "2024-10-31 00:34:02.981122",
          "client_end": "2024-10-31 00:34:03.296435",
          "http_first_byte_return": 0.315283,
          "http_startup": 0.264063,
          "initialization": 0
        }
      },
      "7d0ab2c3-05e8-4e78-ab9a-50e512323e5f": {
        "billing": {
          "_billed_time": null,
          "_gb_seconds": 0,
          "_memory": null
        },
        "output": {
          "begin": "1730334843.262357",
          "cold_start_var": "",
          "container_id": "29d7f0ae",
          "end": "1730334843.262631",
          "is_cold": false,
          "request_id": "7d0ab2c3-05e8-4e78-ab9a-50e512323e5f",
          "result": {
            "measurement": {
              "compute_time": 8.0,
              "graph_generating_time": 243.0
            },
            "output": [
              [
                0,
                1,
                2,
                3,
                4,
                5,
                6,
                7,
                8,
                9
              ],
              [
                0,
                1,
                10
              ],
              [
                0,
                0,
                0,
                0,
                0,
                0,
                0,
                0,
                0,
                0
              ]
            ]
          },
          "results_time": 0
        },
        "provider_times": {
          "execution": 0,
          "initialization": 0
        },
        "request_id": "7d0ab2c3-05e8-4e78-ab9a-50e512323e5f",
        "stats": {
          "cold_start": false,
          "failure": false,
          "memory_used": null
        },
        "times": {
          "benchmark": 274,
          "client": 240642,
          "client_begin": "2024-10-31 00:34:03.007967",
          "client_end": "2024-10-31 00:34:03.248609",
          "http_first_byte_return": 0.24061,
          "http_startup": 0.184374,
          "initialization": 0
        }
      },
      "7e3dda9a-4be5-4abb-83c8-51aea59c7a4d": {
        "billing": {
          "_billed_time": null,
          "_gb_seconds": 0,
          "_memory": null
        },
        "output": {
          "begin": "1730334843.265236",
          "cold_start_var": "",
          "container_id": "ae561099",
          "end": "1730334843.265498",
          "is_cold": false,
          "request_id": "7e3dda9a-4be5-4abb-83c8-51aea59c7a4d",
          "result": {
            "measurement": {
              "compute_time": 8.0,
              "graph_generating_time": 229.0
            },
            "output": [
              [
                0,
                1,
                2,
                3,
                4,
                5,
                6,
                7,
                8,
                9
              ],
              [
                0,
                1,
                10
              ],
              [
                0,
                0,
                0,
                0,
                0,
                0,
                0,
                0,
                0,
                0
              ]
            ]
          },
          "results_time": 0
        },
        "provider_times": {
          "execution": 0,
          "initialization": 0
        },
        "request_id": "7e3dda9a-4be5-4abb-83c8-51aea59c7a4d",
        "stats": {
          "cold_start": false,
          "failure": false,
          "memory_used": null
        },
        "times": {
          "benchmark": 262,
          "client": 273323,
          "client_begin": "2024-10-31 00:34:02.977740",
          "client_end": "2024-10-31 00:34:03.251063",
          "http_first_byte_return": 0.272105,
          "http_startup": 0.224344,
          "initialization": 0
        }
      },
      "7fc8e110-79b5-4bc1-8cb0-2b04baea06b4": {
        "billing": {
          "_billed_time": null,
          "_gb_seconds": 0,
          "_memory": null
        },
        "output": {
          "begin": "1730334843.138940",
          "cold_start_var": "",
          "container_id": "ae561099",
          "end": "1730334843.139194",
          "is_cold": false,
          "request_id": "7fc8e110-79b5-4bc1-8cb0-2b04baea06b4",
          "result": {
            "measurement": {
              "compute_time": 7.0,
              "graph_generating_time": 222.0
            },
            "output": [
              [
                0,
                1,
                2,
                3,
                4,
                5,
                6,
                7,
                8,
                9
              ],
              [
                0,
                1,
                10
              ],
              [
                0,
                0,
                0,
                0,
                0,
                0,
                0,
                0,
                0,
                0
              ]
            ]
          },
          "results_time": 0
        },
        "provider_times": {
          "execution": 0,
          "initialization": 0
        },
        "request_id": "7fc8e110-79b5-4bc1-8cb0-2b04baea06b4",
        "stats": {
          "cold_start": false,
          "failure": false,
          "memory_used": null
        },
        "times": {
          "benchmark": 254,
          "client": 241559,
          "client_begin": "2024-10-31 00:34:02.906969",
          "client_end": "2024-10-31 00:34:03.148528",
          "http_first_byte_return": 0.241516,
          "http_startup": 0.164988,
          "initialization": 0
        }
      },
      "82557780-7d9f-4bc0-9919-5e6e8b4f0cde": {
        "billing": {
          "_billed_time": null,
          "_gb_seconds": 0,
          "_memory": null
        },
        "output": {
          "begin": "1730334843.313186",
          "cold_start_var": "",
          "container_id": "ae561099",
          "end": "1730334843.313463",
          "is_cold": false,
          "request_id": "82557780-7d9f-4bc0-9919-5e6e8b4f0cde",
          "result": {
            "measurement": {
              "compute_time": 16.0,
              "graph_generating_time": 235.0
            },
            "output": [
              [
                0,
                1,
                2,
                3,
                4,
                5,
                6,
                7,
                8,
                9
              ],
              [
                0,
                1,
                10
              ],
              [
                0,
                0,
                0,
                0,
                0,
                0,
                0,
                0,
                0,
                0
              ]
            ]
          },
          "results_time": 0
        },
        "provider_times": {
          "execution": 0,
          "initialization": 0
        },
        "request_id": "82557780-7d9f-4bc0-9919-5e6e8b4f0cde",
        "stats": {
          "cold_start": false,
          "failure": false,
          "memory_used": null
        },
        "times": {
          "benchmark": 277,
          "client": 295058,
          "client_begin": "2024-10-31 00:34:02.999976",
          "client_end": "2024-10-31 00:34:03.295034",
          "http_first_byte_return": 0.295025,
          "http_startup": 0.246833,
          "initialization": 0
        }
      },
      "82cf109a-e251-46ea-922a-8037f6388923": {
        "billing": {
          "_billed_time": null,
          "_gb_seconds": 0,
          "_memory": null
        },
        "output": {
          "begin": "1730334843.246815",
          "cold_start_var": "",
          "container_id": "dd2f67ad",
          "end": "1730334843.247159",
          "is_cold": false,
          "request_id": "82cf109a-e251-46ea-922a-8037f6388923",
          "result": {
            "measurement": {
              "compute_time": 11.0,
              "graph_generating_time": 306.0
            },
            "output": [
              [
                0,
                1,
                2,
                3,
                4,
                5,
                6,
                7,
                8,
                9
              ],
              [
                0,
                1,
                10
              ],
              [
                0,
                0,
                0,
                0,
                0,
                0,
                0,
                0,
                0,
                0
              ]
            ]
          },
          "results_time": 0
        },
        "provider_times": {
          "execution": 0,
          "initialization": 0
        },
        "request_id": "82cf109a-e251-46ea-922a-8037f6388923",
        "stats": {
          "cold_start": false,
          "failure": false,
          "memory_used": null
        },
        "times": {
          "benchmark": 344,
          "client": 318469,
          "client_begin": "2024-10-31 00:34:02.909713",
          "client_end": "2024-10-31 00:34:03.228182",
          "http_first_byte_return": 0.31843,
          "http_startup": 0.270326,
          "initialization": 0
        }
      },
      "97e5e7d3-7459-4f37-994c-e9ed1a939a73": {
        "billing": {
          "_billed_time": null,
          "_gb_seconds": 0,
          "_memory": null
        },
        "output": {
          "begin": "1730334843.273846",
          "cold_start_var": "",
          "container_id": "6e9c30f4",
          "end": "1730334843.274142",
          "is_cold": false,
          "request_id": "97e5e7d3-7459-4f37-994c-e9ed1a939a73",
          "result": {
            "measurement": {
              "compute_time": 9.0,
              "graph_generating_time": 263.0
            },
            "output": [
              [
                0,
                1,
                2,
                3,
                4,
                5,
                6,
                7,
                8,
                9
              ],
              [
                0,
                1,
                10
              ],
              [
                0,
                0,
                0,
                0,
                0,
                0,
                0,
                0,
                0,
                0
              ]
            ]
          },
          "results_time": 0
        },
        "provider_times": {
          "execution": 0,
          "initialization": 0
        },
        "request_id": "97e5e7d3-7459-4f37-994c-e9ed1a939a73",
        "stats": {
          "cold_start": false,
          "failure": false,
          "memory_used": null
        },
        "times": {
          "benchmark": 296,
          "client": 357789,
          "client_begin": "2024-10-31 00:34:02.899865",
          "client_end": "2024-10-31 00:34:03.257654",
          "http_first_byte_return": 0.357752,
          "http_startup": 0.307718,
          "initialization": 0
        }
      },
      "98fb1865-dd82-45f4-b9d9-63f2b500befb": {
        "billing": {
          "_billed_time": null,
          "_gb_seconds": 0,
          "_memory": null
        },
        "output": {
          "begin": "1730334843.176785",
          "cold_start_var": "",
          "container_id": "298d1c73",
          "end": "1730334843.177089",
          "is_cold": false,
          "request_id": "98fb1865-dd82-45f4-b9d9-63f2b500befb",
          "result": {
            "measurement": {
              "compute_time": 9.0,
              "graph_generating_time": 271.0
            },
            "output": [
              [
                0,
                1,
                2,
                3,
                4,
                5,
                6,
                7,
                8,
                9
              ],
              [
                0,
                1,
                10
              ],
              [
                0,
                0,
                0,
                0,
                0,
                0,
                0,
                0,
                0,
                0
              ]
            ]
          },
          "results_time": 0
        },
        "provider_times": {
          "execution": 0,
          "initialization": 0
        },
        "request_id": "98fb1865-dd82-45f4-b9d9-63f2b500befb",
        "stats": {
          "cold_start": false,
          "failure": false,
          "memory_used": null
        },
        "times": {
          "benchmark": 304,
          "client": 259064,
          "client_begin": "2024-10-31 00:34:02.899467",
          "client_end": "2024-10-31 00:34:03.158531",
          "http_first_byte_return": 0.25748,
          "http_startup": 0.205344,
          "initialization": 0
        }
      },
      "9a7725bc-d805-48cf-a2fd-77833e957488": {
        "billing": {
          "_billed_time": null,
          "_gb_seconds": 0,
          "_memory": null
        },
        "output": {
          "begin": "1730334843.251081",
          "cold_start_var": "",
          "container_id": "6e9c30f4",
          "end": "1730334843.251380",
          "is_cold": false,
          "request_id": "9a7725bc-d805-48cf-a2fd-77833e957488",
          "result": {
            "measurement": {
              "compute_time": 10.0,
              "graph_generating_time": 265.0
            },
            "output": [
              [
                0,
                1,
                2,
                3,
                4,
                5,
                6,
                7,
                8,
                9
              ],
              [
                0,
                1,
                10
              ],
              [
                0,
                0,
                0,
                0,
                0,
                0,
                0,
                0,
                0,
                0
              ]
            ]
          },
          "results_time": 0
        },
        "provider_times": {
          "execution": 0,
          "initialization": 0
        },
        "request_id": "9a7725bc-d805-48cf-a2fd-77833e957488",
        "stats": {
          "cold_start": false,
          "failure": false,
          "memory_used": null
        },
        "times": {
          "benchmark": 299,
          "client": 287679,
          "client_begin": "2024-10-31 00:34:02.944940",
          "client_end": "2024-10-31 00:34:03.232619",
          "http_first_byte_return": 0.28764,
          "http_startup": 0.243336,
          "initialization": 0
        }
      },
      "9ce0bfd2-0c77-4693-8476-b33afb01d189": {
        "billing": {
          "_billed_time": null,
          "_gb_seconds": 0,
          "_memory": null
        },
        "output": {
          "begin": "1730334843.282461",
          "cold_start_var": "",
          "container_id": "dd2f67ad",
          "end": "1730334843.282763",
          "is_cold": false,
          "request_id": "9ce0bfd2-0c77-4693-8476-b33afb01d189",
          "result": {
            "measurement": {
              "compute_time": 10.0,
              "graph_generating_time": 267.0
            },
            "output": [
              [
                0,
                1,
                2,
                3,
                4,
                5,
                6,
                7,
                8,
                9
              ],
              [
                0,
                1,
                10
              ],
              [
                0,
                0,
                0,
                0,
                0,
                0,
                0,
                0,
                0,
                0
              ]
            ]
          },
          "results_time": 0
        },
        "provider_times": {
          "execution": 0,
          "initialization": 0
        },
        "request_id": "9ce0bfd2-0c77-4693-8476-b33afb01d189",
        "stats": {
          "cold_start": false,
          "failure": false,
          "memory_used": null
        },
        "times": {
          "benchmark": 302,
          "client": 327384,
          "client_begin": "2024-10-31 00:34:02.936873",
          "client_end": "2024-10-31 00:34:03.264257",
          "http_first_byte_return": 0.327344,
          "http_startup": 0.278358,
          "initialization": 0
        }
      },
      "a42eec4c-d190-4a8b-b028-97130aa11fb7": {
        "billing": {
          "_billed_time": null,
          "_gb_seconds": 0,
          "_memory": null
        },
        "output": {
          "begin": "1730334843.311311",
          "cold_start_var": "",
          "container_id": "6e9c30f4",
          "end": "1730334843.311604",
          "is_cold": false,
          "request_id": "a42eec4c-d190-4a8b-b028-97130aa11fb7",
          "result": {
            "measurement": {
              "compute_time": 10.0,
              "graph_generating_time": 258.0
            },
            "output": [
              [
                0,
                1,
                2,
                3,
                4,
                5,
                6,
                7,
                8,
                9
              ],
              [
                0,
                1,
                10
              ],
              [
                0,
                0,
                0,
                0,
                0,
                0,
                0,
                0,
                0,
                0
              ]
            ]
          },
          "results_time": 0
        },
        "provider_times": {
          "execution": 0,
          "initialization": 0
        },
        "request_id": "a42eec4c-d190-4a8b-b028-97130aa11fb7",
        "stats": {
          "cold_start": false,
          "failure": false,
          "memory_used": null
        },
        "times": {
          "benchmark": 293,
          "client": 368353,
          "client_begin": "2024-10-31 00:34:02.924677",
          "client_end": "2024-10-31 00:34:03.293030",
          "http_first_byte_return": 0.368303,
          "http_startup": 0.322791,
          "initialization": 0
        }
      },
      "a431e020-b428-4dc9-99e3-f7199d650f76": {
        "billing": {
          "_billed_time": null,
          "_gb_seconds": 0,
          "_memory": null
        },
        "output": {
          "begin": "1730334843.214634",
          "cold_start_var": "",
          "container_id": "298d1c73",
          "end": "1730334843.214933",
          "is_cold": false,
          "request_id": "a431e020-b428-4dc9-99e3-f7199d650f76",
          "result": {
            "measurement": {
              "compute_time": 10.0,
              "graph_generating_time": 265.0
            },
            "output": [
              [
                0,
                1,
                2,
                3,
                4,
                5,
                6,
                7,
                8,
                9
              ],
              [
                0,
                1,
                10
              ],
              [
                0,
                0,
                0,
                0,
                0,
                0,
                0,
                0,
                0,
                0
              ]
            ]
          },
          "results_time": 0
        },
        "provider_times": {
          "execution": 0,
          "initialization": 0
        },
        "request_id": "a431e020-b428-4dc9-99e3-f7199d650f76",
        "stats": {
          "cold_start": false,
          "failure": false,
          "memory_used": null
        },
        "times": {
          "benchmark": 299,
          "client": 261198,
          "client_begin": "2024-10-31 00:34:02.937006",
          "client_end": "2024-10-31 00:34:03.198204",
          "http_first_byte_return": 0.261163,
          "http_startup": 0.204567,
          "initialization": 0
        }
      },
      "a4939fbc-01b5-4163-8a39-d004e61893c4": {
        "billing": {
          "_billed_time": null,
          "_gb_seconds": 0,
          "_memory": null
        },
        "output": {
          "begin": "1730334843.326827",
          "cold_start_var": "",
          "container_id": "29d7f0ae",
          "end": "1730334843.327001",
          "is_cold": false,
          "request_id": "a4939fbc-01b5-4163-8a39-d004e61893c4",
          "result": {
            "measurement": {
              "compute_time": 5.0,
              "graph_generating_time": 155.0
            },
            "output": [
              [
                0,
                1,
                2,
                3,
                4,
                5,
                6,
                7,
                8,
                9
              ],
              [
                0,
                1,
                10
              ],
              [
                0,
                0,
                0,
                0,
                0,
                0,
                0,
                0,
                0,
                0
              ]
            ]
          },
          "results_time": 0
        },
        "provider_times": {
          "execution": 0,
          "initialization": 0
        },
        "request_id": "a4939fbc-01b5-4163-8a39-d004e61893c4",
        "stats": {
          "cold_start": false,
          "failure": false,
          "memory_used": null
        },
        "times": {
          "benchmark": 174,
          "client": 327491,
          "client_begin": "2024-10-31 00:34:02.981173",
          "client_end": "2024-10-31 00:34:03.308664",
          "http_first_byte_return": 0.327456,
          "http_startup": 0.278802,
          "initialization": 0
        }
      },
      "abbe5359-ab91-4412-a7e0-706bbef976de": {
        "billing": {
          "_billed_time": null,
          "_gb_seconds": 0,
          "_memory": null
        },
        "output": {
          "begin": "1730334843.333334",
          "cold_start_var": "",
          "container_id": "29d7f0ae",
          "end": "1730334843.333495",
          "is_cold": false,
          "request_id": "abbe5359-ab91-4412-a7e0-706bbef976de",
          "result": {
            "measurement": {
              "compute_time": 5.0,
              "graph_generating_time": 145.0
            },
            "output": [
              [
                0,
                1,
                2,
                3,
                4,
                5,
                6,
                7,
                8,
                9
              ],
              [
                0,
                1,
                10
              ],
              [
                0,
                0,
                0,
                0,
                0,
                0,
                0,
                0,
                0,
                0
              ]
            ]
          },
          "results_time": 0
        },
        "provider_times": {
          "execution": 0,
          "initialization": 0
        },
        "request_id": "abbe5359-ab91-4412-a7e0-706bbef976de",
        "stats": {
          "cold_start": false,
          "failure": false,
          "memory_used": null
        },
        "times": {
          "benchmark": 161,
          "client": 325583,
          "client_begin": "2024-10-31 00:34:02.988982",
          "client_end": "2024-10-31 00:34:03.314565",
          "http_first_byte_return": 0.325548,
          "http_startup": 0.28318,
          "initialization": 0
        }
      },
      "ac625e8c-33af-44e3-b26d-db0089bcb8b2": {
        "billing": {
          "_billed_time": null,
          "_gb_seconds": 0,
          "_memory": null
        },
        "output": {
          "begin": "1730334843.265819",
          "cold_start_var": "",
          "container_id": "dd2f67ad",
          "end": "1730334843.266146",
          "is_cold": false,
          "request_id": "ac625e8c-33af-44e3-b26d-db0089bcb8b2",
          "result": {
            "measurement": {
              "compute_time": 10.0,
              "graph_generating_time": 292.0
            },
            "output": [
              [
                0,
                1,
                2,
                3,
                4,
                5,
                6,
                7,
                8,
                9
              ],
              [
                0,
                1,
                10
              ],
              [
                0,
                0,
                0,
                0,
                0,
                0,
                0,
                0,
                0,
                0
              ]
            ]
          },
          "results_time": 0
        },
        "provider_times": {
          "execution": 0,
          "initialization": 0
        },
        "request_id": "ac625e8c-33af-44e3-b26d-db0089bcb8b2",
        "stats": {
          "cold_start": false,
          "failure": false,
          "memory_used": null
        },
        "times": {
          "benchmark": 327,
          "client": 315155,
          "client_begin": "2024-10-31 00:34:02.932864",
          "client_end": "2024-10-31 00:34:03.248019",
          "http_first_byte_return": 0.315117,
          "http_startup": 0.26128,
          "initialization": 0
        }
      },
      "b5c87a85-ec09-46ef-b124-81b1bc8cf551": {
        "billing": {
          "_billed_time": null,
          "_gb_seconds": 0,
          "_memory": null
        },
        "output": {
          "begin": "1730334843.257989",
          "cold_start_var": "",
          "container_id": "ae561099",
          "end": "1730334843.258252",
          "is_cold": false,
          "request_id": "b5c87a85-ec09-46ef-b124-81b1bc8cf551",
          "result": {
            "measurement": {
              "compute_time": 8.0,
              "graph_generating_time": 231.0
            },
            "output": [
              [
                0,
                1,
                2,
                3,
                4,
                5,
                6,
                7,
                8,
                9
              ],
              [
                0,
                1,
                10
              ],
              [
                0,
                0,
                0,
                0,
                0,
                0,
                0,
                0,
                0,
                0
              ]
            ]
          },
          "results_time": 0
        },
        "provider_times": {
          "execution": 0,
          "initialization": 0
        },
        "request_id": "b5c87a85-ec09-46ef-b124-81b1bc8cf551",
        "stats": {
          "cold_start": false,
          "failure": false,
          "memory_used": null
        },
        "times": {
          "benchmark": 263,
          "client": 261094,
          "client_begin": "2024-10-31 00:34:02.980959",
          "client_end": "2024-10-31 00:34:03.242053",
          "http_first_byte_return": 0.261057,
          "http_startup": 0.210299,
          "initialization": 0
        }
      },
      "b611658a-5873-4bca-b89f-709cdf40449c": {
        "billing": {
          "_billed_time": null,
          "_gb_seconds": 0,
          "_memory": null
        },
        "output": {
          "begin": "1730334843.286693",
          "cold_start_var": "",
          "container_id": "ae561099",
          "end": "1730334843.286951",
          "is_cold": false,
          "request_id": "b611658a-5873-4bca-b89f-709cdf40449c",
          "result": {
            "measurement": {
              "compute_time": 7.0,
              "graph_generating_time": 224.0
            },
            "output": [
              [
                0,
                1,
                2,
                3,
                4,
                5,
                6,
                7,
                8,
                9
              ],
              [
                0,
                1,
                10
              ],
              [
                0,
                0,
                0,
                0,
                0,
                0,
                0,
                0,
                0,
                0
              ]
            ]
          },
          "results_time": 0
        },
        "provider_times": {
          "execution": 0,
          "initialization": 0
        },
        "request_id": "b611658a-5873-4bca-b89f-709cdf40449c",
        "stats": {
          "cold_start": false,
          "failure": false,
          "memory_used": null
        },
        "times": {
          "benchmark": 258,
          "client": 286851,
          "client_begin": "2024-10-31 00:34:02.980900",
          "client_end": "2024-10-31 00:34:03.267751",
          "http_first_byte_return": 0.286821,
          "http_startup": 0.23503,
          "initialization": 0
        }
      },
      "bdaf35ea-344c-4fa8-af6a-4d35d4cdcf2c": {
        "billing": {
          "_billed_time": null,
          "_gb_seconds": 0,
          "_memory": null
        },
        "output": {
          "begin": "1730334843.298597",
          "cold_start_var": "",
          "container_id": "6e9c30f4",
          "end": "1730334843.298913",
          "is_cold": false,
          "request_id": "bdaf35ea-344c-4fa8-af6a-4d35d4cdcf2c",
          "result": {
            "measurement": {
              "compute_time": 10.0,
              "graph_generating_time": 280.0
            },
            "output": [
              [
                0,
                1,
                2,
                3,
                4,
                5,
                6,
                7,
                8,
                9
              ],
              [
                0,
                1,
                10
              ],
              [
                0,
                0,
                0,
                0,
                0,
                0,
                0,
                0,
                0,
                0
              ]
            ]
          },
          "results_time": 0
        },
        "provider_times": {
          "execution": 0,
          "initialization": 0
        },
        "request_id": "bdaf35ea-344c-4fa8-af6a-4d35d4cdcf2c",
        "stats": {
          "cold_start": false,
          "failure": false,
          "memory_used": null
        },
        "times": {
          "benchmark": 316,
          "client": 284701,
          "client_begin": "2024-10-31 00:34:02.995161",
          "client_end": "2024-10-31 00:34:03.279862",
          "http_first_byte_return": 0.284668,
          "http_startup": 0.229705,
          "initialization": 0
        }
      },
      "c4e03f28-e0a0-4b4c-a230-8980f353dfbf": {
        "billing": {
          "_billed_time": null,
          "_gb_seconds": 0,
          "_memory": null
        },
        "output": {
          "begin": "1730334843.168974",
          "cold_start_var": "",
          "container_id": "ae561099",
          "end": "1730334843.169226",
          "is_cold": false,
          "request_id": "c4e03f28-e0a0-4b4c-a230-8980f353dfbf",
          "result": {
            "measurement": {
              "compute_time": 8.0,
              "graph_generating_time": 223.0
            },
            "output": [
              [
                0,
                1,
                2,
                3,
                4,
                5,
                6,
                7,
                8,
                9
              ],
              [
                0,
                1,
                10
              ],
              [
                0,
                0,
                0,
                0,
                0,
                0,
                0,
                0,
                0,
                0
              ]
            ]
          },
          "results_time": 0
        },
        "provider_times": {
          "execution": 0,
          "initialization": 0
        },
        "request_id": "c4e03f28-e0a0-4b4c-a230-8980f353dfbf",
        "stats": {
          "cold_start": false,
          "failure": false,
          "memory_used": null
        },
        "times": {
          "benchmark": 252,
          "client": 247836,
          "client_begin": "2024-10-31 00:34:02.906371",
          "client_end": "2024-10-31 00:34:03.154207",
          "http_first_byte_return": 0.246492,
          "http_startup": 0.20083,
          "initialization": 0
        }
      },
      "cc432368-3df0-48a9-ada2-6f66ad71cab8": {
        "billing": {
          "_billed_time": null,
          "_gb_seconds": 0,
          "_memory": null
        },
        "output": {
          "begin": "1730334843.292421",
          "cold_start_var": "",
          "container_id": "09fbb43a",
          "end": "1730334843.292713",
          "is_cold": false,
          "request_id": "cc432368-3df0-48a9-ada2-6f66ad71cab8",
          "result": {
            "measurement": {
              "compute_time": 10.0,
              "graph_generating_time": 258.0
            },
            "output": [
              [
                0,
                1,
                2,
                3,
                4,
                5,
                6,
                7,
                8,
                9
              ],
              [
                0,
                1,
                10
              ],
              [
                0,
                0,
                0,
                0,
                0,
                0,
                0,
                0,
                0,
                0
              ]
            ]
          },
          "results_time": 0
        },
        "provider_times": {
          "execution": 0,
          "initialization": 0
        },
        "request_id": "cc432368-3df0-48a9-ada2-6f66ad71cab8",
        "stats": {
          "cold_start": false,
          "failure": false,
          "memory_used": null
        },
        "times": {
          "benchmark": 292,
          "client": 338760,
          "client_begin": "2024-10-31 00:34:02.936920",
          "client_end": "2024-10-31 00:34:03.275680",
          "http_first_byte_return": 0.338727,
          "http_startup": 0.274955,
          "initialization": 0
        }
      },
      "d07f5c6a-b48a-43e7-a125-cbbf7547604d": {
        "billing": {
          "_billed_time": null,
          "_gb_seconds": 0,
          "_memory": null
        },
        "output": {
          "begin": "1730334843.271728",
          "cold_start_var": "",
          "container_id": "ae561099",
          "end": "1730334843.271977",
          "is_cold": false,
          "request_id": "d07f5c6a-b48a-43e7-a125-cbbf7547604d",
          "result": {
            "measurement": {
              "compute_time": 8.0,
              "graph_generating_time": 219.0
            },
            "output": [
              [
                0,
                1,
                2,
                3,
                4,
                5,
                6,
                7,
                8,
                9
              ],
              [
                0,
                1,
                10
              ],
              [
                0,
                0,
                0,
                0,
                0,
                0,
                0,
                0,
                0,
                0
              ]
            ]
          },
          "results_time": 0
        },
        "provider_times": {
          "execution": 0,
          "initialization": 0
        },
        "request_id": "d07f5c6a-b48a-43e7-a125-cbbf7547604d",
        "stats": {
          "cold_start": false,
          "failure": false,
          "memory_used": null
        },
        "times": {
          "benchmark": 249,
          "client": 298989,
          "client_begin": "2024-10-31 00:34:02.952851",
          "client_end": "2024-10-31 00:34:03.251840",
          "http_first_byte_return": 0.298952,
          "http_startup": 0.255888,
          "initialization": 0
        }
      },
      "d9abcac4-4401-4656-a6dc-9dea316cb2c5": {
        "billing": {
          "_billed_time": null,
          "_gb_seconds": 0,
          "_memory": null
        },
        "output": {
          "begin": "1730334843.130341",
          "cold_start_var": "",
          "container_id": "ae561099",
          "end": "1730334843.130623",
          "is_cold": false,
          "request_id": "d9abcac4-4401-4656-a6dc-9dea316cb2c5",
          "result": {
            "measurement": {
              "compute_time": 9.0,
              "graph_generating_time": 249.0
            },
            "output": [
              [
                0,
                1,
                2,
                3,
                4,
                5,
                6,
                7,
                8,
                9
              ],
              [
                0,
                1,
                10
              ],
              [
                0,
                0,
                0,
                0,
                0,
                0,
                0,
                0,
                0,
                0
              ]
            ]
          },
          "results_time": 0
        },
        "provider_times": {
          "execution": 0,
          "initialization": 0
        },
        "request_id": "d9abcac4-4401-4656-a6dc-9dea316cb2c5",
        "stats": {
          "cold_start": false,
          "failure": false,
          "memory_used": null
        },
        "times": {
          "benchmark": 282,
          "client": 257310,
          "client_begin": "2024-10-31 00:34:02.895560",
          "client_end": "2024-10-31 00:34:03.152870",
          "http_first_byte_return": 0.257253,
          "http_startup": 0.170048,
          "initialization": 0
        }
      },
      "dd48ffcd-6627-4583-8121-b66df349f338": {
        "billing": {
          "_billed_time": null,
          "_gb_seconds": 0,
          "_memory": null
        },
        "output": {
          "begin": "1730334843.213772",
          "cold_start_var": "",
          "container_id": "dd2f67ad",
          "end": "1730334843.214081",
          "is_cold": false,
          "request_id": "dd48ffcd-6627-4583-8121-b66df349f338",
          "result": {
            "measurement": {
              "compute_time": 9.0,
              "graph_generating_time": 259.0
            },
            "output": [
              [
                0,
                1,
                2,
                3,
                4,
                5,
                6,
                7,
                8,
                9
              ],
              [
                0,
                1,
                10
              ],
              [
                0,
                0,
                0,
                0,
                0,
                0,
                0,
                0,
                0,
                0
              ]
            ]
          },
          "results_time": 0
        },
        "provider_times": {
          "execution": 0,
          "initialization": 0
        },
        "request_id": "dd48ffcd-6627-4583-8121-b66df349f338",
        "stats": {
          "cold_start": false,
          "failure": false,
          "memory_used": null
        },
        "times": {
          "benchmark": 309,
          "client": 293650,
          "client_begin": "2024-10-31 00:34:02.903197",
          "client_end": "2024-10-31 00:34:03.196847",
          "http_first_byte_return": 0.293602,
          "http_startup": 0.24527,
          "initialization": 0
        }
      },
      "deb529ca-a5d4-4a2d-97f4-a06a004e8030": {
        "billing": {
          "_billed_time": null,
          "_gb_seconds": 0,
          "_memory": null
        },
        "output": {
          "begin": "1730334843.298394",
          "cold_start_var": "",
          "container_id": "29d7f0ae",
          "end": "1730334843.298602",
          "is_cold": false,
          "request_id": "deb529ca-a5d4-4a2d-97f4-a06a004e8030",
          "result": {
            "measurement": {
              "compute_time": 7.0,
              "graph_generating_time": 185.0
            },
            "output": [
              [
                0,
                1,
                2,
                3,
                4,
                5,
                6,
                7,
                8,
                9
              ],
              [
                0,
                1,
                10
              ],
              [
                0,
                0,
                0,
                0,
                0,
                0,
                0,
                0,
                0,
                0
              ]
            ]
          },
          "results_time": 0
        },
        "provider_times": {
          "execution": 0,
          "initialization": 0
        },
        "request_id": "deb529ca-a5d4-4a2d-97f4-a06a004e8030",
        "stats": {
          "cold_start": false,
          "failure": false,
          "memory_used": null
        },
        "times": {
          "benchmark": 208,
          "client": 276302,
          "client_begin": "2024-10-31 00:34:03.004888",
          "client_end": "2024-10-31 00:34:03.281190",
          "http_first_byte_return": 0.27627,
          "http_startup": 0.22275,
          "initialization": 0
        }
      },
      "e39c0d42-5aaf-4d3b-a0d5-cd3454c38618": {
        "billing": {
          "_billed_time": null,
          "_gb_seconds": 0,
          "_memory": null
        },
        "output": {
          "begin": "1730334843.350659",
          "cold_start_var": "",
          "container_id": "dd2f67ad",
          "end": "1730334843.350948",
          "is_cold": false,
          "request_id": "e39c0d42-5aaf-4d3b-a0d5-cd3454c38618",
          "result": {
            "measurement": {
              "compute_time": 9.0,
              "graph_generating_time": 255.0
            },
            "output": [
              [
                0,
                1,
                2,
                3,
                4,
                5,
                6,
                7,
                8,
                9
              ],
              [
                0,
                1,
                10
              ],
              [
                0,
                0,
                0,
                0,
                0,
                0,
                0,
                0,
                0,
                0
              ]
            ]
          },
          "results_time": 0
        },
        "provider_times": {
          "execution": 0,
          "initialization": 0
        },
        "request_id": "e39c0d42-5aaf-4d3b-a0d5-cd3454c38618",
        "stats": {
          "cold_start": false,
          "failure": false,
          "memory_used": null
        },
        "times": {
          "benchmark": 289,
          "client": 340671,
          "client_begin": "2024-10-31 00:34:02.992072",
          "client_end": "2024-10-31 00:34:03.332743",
          "http_first_byte_return": 0.34064,
          "http_startup": 0.295065,
          "initialization": 0
        }
      },
      "e40330e6-4002-4fd9-ad14-1dd0ea021c7e": {
        "billing": {
          "_billed_time": null,
          "_gb_seconds": 0,
          "_memory": null
        },
        "output": {
          "begin": "1730334843.167647",
          "cold_start_var": "",
          "container_id": "dd2f67ad",
          "end": "1730334843.167944",
          "is_cold": false,
          "request_id": "e40330e6-4002-4fd9-ad14-1dd0ea021c7e",
          "result": {
            "measurement": {
              "compute_time": 10.0,
              "graph_generating_time": 264.0
            },
            "output": [
              [
                0,
                1,
                2,
                3,
                4,
                5,
                6,
                7,
                8,
                9
              ],
              [
                0,
                1,
                10
              ],
              [
                0,
                0,
                0,
                0,
                0,
                0,
                0,
                0,
                0,
                0
              ]
            ]
          },
          "results_time": 0
        },
        "provider_times": {
          "execution": 0,
          "initialization": 0
        },
        "request_id": "e40330e6-4002-4fd9-ad14-1dd0ea021c7e",
        "stats": {
          "cold_start": false,
          "failure": false,
          "memory_used": null
        },
        "times": {
          "benchmark": 297,
          "client": 233147,
          "client_begin": "2024-10-31 00:34:02.918332",
          "client_end": "2024-10-31 00:34:03.151479",
          "http_first_byte_return": 0.233112,
          "http_startup": 0.187215,
          "initialization": 0
        }
      },
      "ecb8a2e4-597a-4582-80ae-bd21d93ed915": {
        "billing": {
          "_billed_time": null,
          "_gb_seconds": 0,
          "_memory": null
        },
        "output": {
          "begin": "1730334843.202142",
          "cold_start_var": "",
          "container_id": "298d1c73",
          "end": "1730334843.202460",
          "is_cold": false,
          "request_id": "ecb8a2e4-597a-4582-80ae-bd21d93ed915",
          "result": {
            "measurement": {
              "compute_time": 9.0,
              "graph_generating_time": 263.0
            },
            "output": [
              [
                0,
                1,
                2,
                3,
                4,
                5,
                6,
                7,
                8,
                9
              ],
              [
                0,
                1,
                10
              ],
              [
                0,
                0,
                0,
                0,
                0,
                0,
                0,
                0,
                0,
                0
              ]
            ]
          },
          "results_time": 0
        },
        "provider_times": {
          "execution": 0,
          "initialization": 0
        },
        "request_id": "ecb8a2e4-597a-4582-80ae-bd21d93ed915",
        "stats": {
          "cold_start": false,
          "failure": false,
          "memory_used": null
        },
        "times": {
          "benchmark": 318,
          "client": 273508,
          "client_begin": "2024-10-31 00:34:02.910296",
          "client_end": "2024-10-31 00:34:03.183804",
          "http_first_byte_return": 0.273461,
          "http_startup": 0.224249,
          "initialization": 0
        }
      },
      "ef1375af-e849-4166-a705-b2051eefb882": {
        "billing": {
          "_billed_time": null,
          "_gb_seconds": 0,
          "_memory": null
        },
        "output": {
          "begin": "1730334843.238095",
          "cold_start_var": "",
          "container_id": "dd2f67ad",
          "end": "1730334843.238383",
          "is_cold": false,
          "request_id": "ef1375af-e849-4166-a705-b2051eefb882",
          "result": {
            "measurement": {
              "compute_time": 9.0,
              "graph_generating_time": 256.0
            },
            "output": [
              [
                0,
                1,
                2,
                3,
                4,
                5,
                6,
                7,
                8,
                9
              ],
              [
                0,
                1,
                10
              ],
              [
                0,
                0,
                0,
                0,
                0,
                0,
                0,
                0,
                0,
                0
              ]
            ]
          },
          "results_time": 0
        },
        "provider_times": {
          "execution": 0,
          "initialization": 0
        },
        "request_id": "ef1375af-e849-4166-a705-b2051eefb882",
        "stats": {
          "cold_start": false,
          "failure": false,
          "memory_used": null
        },
        "times": {
          "benchmark": 288,
          "client": 294780,
          "client_begin": "2024-10-31 00:34:02.924611",
          "client_end": "2024-10-31 00:34:03.219391",
          "http_first_byte_return": 0.294735,
          "http_startup": 0.248537,
          "initialization": 0
        }
      },
      "f8fd2e9a-3b86-49de-8ca6-a788f94f55e0": {
        "billing": {
          "_billed_time": null,
          "_gb_seconds": 0,
          "_memory": null
        },
        "output": {
          "begin": "1730334843.353286",
          "cold_start_var": "",
          "container_id": "09fbb43a",
          "end": "1730334843.353608",
          "is_cold": false,
          "request_id": "f8fd2e9a-3b86-49de-8ca6-a788f94f55e0",
          "result": {
            "measurement": {
              "compute_time": 9.0,
              "graph_generating_time": 272.0
            },
            "output": [
              [
                0,
                1,
                2,
                3,
                4,
                5,
                6,
                7,
                8,
                9
              ],
              [
                0,
                1,
                10
              ],
              [
                0,
                0,
                0,
                0,
                0,
                0,
                0,
                0,
                0,
                0
              ]
            ]
          },
          "results_time": 0
        },
        "provider_times": {
          "execution": 0,
          "initialization": 0
        },
        "request_id": "f8fd2e9a-3b86-49de-8ca6-a788f94f55e0",
        "stats": {
          "cold_start": false,
          "failure": false,
          "memory_used": null
        },
        "times": {
          "benchmark": 322,
          "client": 355314,
          "client_begin": "2024-10-31 00:34:02.981012",
          "client_end": "2024-10-31 00:34:03.336326",
          "http_first_byte_return": 0.355287,
          "http_startup": 0.306942,
          "initialization": 0
        }
      },
      "fbc25ce3-799e-4b5c-823a-379f5d5d5416": {
        "billing": {
          "_billed_time": null,
          "_gb_seconds": 0,
          "_memory": null
        },
        "output": {
          "begin": "1730334843.164473",
          "cold_start_var": "",
          "container_id": "29d7f0ae",
          "end": "1730334843.164665",
          "is_cold": false,
          "request_id": "fbc25ce3-799e-4b5c-823a-379f5d5d5416",
          "result": {
            "measurement": {
              "compute_time": 7.0,
              "graph_generating_time": 169.0
            },
            "output": [
              [
                0,
                1,
                2,
                3,
                4,
                5,
                6,
                7,
                8,
                9
              ],
              [
                0,
                1,
                10
              ],
              [
                0,
                0,
                0,
                0,
                0,
                0,
                0,
                0,
                0,
                0
              ]
            ]
          },
          "results_time": 0
        },
        "provider_times": {
          "execution": 0,
          "initialization": 0
        },
        "request_id": "fbc25ce3-799e-4b5c-823a-379f5d5d5416",
        "stats": {
          "cold_start": false,
          "failure": false,
          "memory_used": null
        },
        "times": {
          "benchmark": 192,
          "client": 231504,
          "client_begin": "2024-10-31 00:34:02.913932",
          "client_end": "2024-10-31 00:34:03.145436",
          "http_first_byte_return": 0.23146,
          "http_startup": 0.189247,
          "initialization": 0
        }
      }
    }
  },
  "_metrics": {},
  "begin_time": 1730334827.435643,
  "config": {
    "deployment": {
      "credentials": {
        "account_id": "314211295665"
      },
      "name": "aws",
      "region": "us-east-1",
      "resources": {
        "http-apis": {
          "120_uploader_python_3_8-http-api": {
            "arn": "arn:aws:execute-api:us-east-1:314211295665:orle8njuxg",
            "endpoint": "https://orle8njuxg.execute-api.us-east-1.amazonaws.com"
          },
          "210_thumbnailer_python_3_8-http-api": {
            "arn": "arn:aws:execute-api:us-east-1:314211295665:1owsl69vx2",
            "endpoint": "https://1owsl69vx2.execute-api.us-east-1.amazonaws.com"
          },
          "220_video_processing_python_3_8-http-api": {
            "arn": "arn:aws:execute-api:us-east-1:314211295665:r0135su3ef",
            "endpoint": "https://r0135su3ef.execute-api.us-east-1.amazonaws.com"
          },
          "311_compression_python_3_8-http-api": {
            "arn": "arn:aws:execute-api:us-east-1:314211295665:xtmhwxb7j4",
            "endpoint": "https://xtmhwxb7j4.execute-api.us-east-1.amazonaws.com"
          },
          "501_graph_pagerank_python_3_8-http-api": {
            "arn": "arn:aws:execute-api:us-east-1:314211295665:0i4buwihqd",
            "endpoint": "https://0i4buwihqd.execute-api.us-east-1.amazonaws.com"
          },
          "502_graph_mst_python_3_8-http-api": {
            "arn": "arn:aws:execute-api:us-east-1:314211295665:u5fm1u42s1",
            "endpoint": "https://u5fm1u42s1.execute-api.us-east-1.amazonaws.com"
          },
          "503_graph_bfs_python_3_8-http-api": {
            "arn": "arn:aws:execute-api:us-east-1:314211295665:lwb2q068wg",
            "endpoint": "https://lwb2q068wg.execute-api.us-east-1.amazonaws.com"
          }
        },
        "lambda-role": "arn:aws:iam::314211295665:role/sebs-lambda-role"
      }
    },
    "experiments": {
      "architecture": "x86_64",
      "download_results": true,
      "experiments": {
        "eviction-model": {
          "function_copy_idx": 0,
          "invocations": 1,
          "repetitions": 5,
          "sleep": 1
        },
        "invocation-overhead": {
          "N": 20,
          "code_begin": 1048576,
          "code_end": 261619712,
          "code_points": 20,
          "payload_begin": 1024,
          "payload_end": 6251000,
          "payload_points": 20,
          "repetitions": 5,
          "type": "payload"
        },
        "network-ping-pong": {
          "invocations": 50,
          "repetitions": 1000,
          "threads": 1
        },
        "perf-cost": {
          "benchmark": "503.graph-bfs",
          "concurrent-invocations": 50,
          "experiments": [
            "cold",
            "warm"
          ],
          "input-size": "test",
          "memory-sizes": [
            128,
            256,
            512,
            1024
          ],
          "repetitions": 50
        }
      },
      "flags": {},
      "runtime": {
        "language": "python",
        "version": "3.8"
      },
      "update_code": false,
      "update_storage": false
    }
  },
  "end_time": 1730334848.33842,
  "result_bucket": null,
  "statistics": {
    "cold_count": 0,
    "failures": [],
    "failures_count": 0,
    "incorrect": [],
    "incorrect_count": 0,
    "samples_generated": 50
  }
}