{
  "_invocations": {
    "502_graph_mst_python_3_8": {
      "009a008d-e401-4ad7-923d-0840534f867d": {
        "billing": {
          "_billed_time": 3,
          "_gb_seconds": 384,
          "_memory": 128
        },
        "output": {
          "begin": "1730333151.376187",
          "cold_start_var": "",
          "container_id": "064018ec",
          "end": "1730333151.376472",
          "is_cold": false,
          "request_id": "009a008d-e401-4ad7-923d-0840534f867d",
          "result": {
            "measurement": {
              "compute_time": 13.0,
              "graph_generating_time": 248.0
            }
          },
          "results_time": 0
        },
        "provider_times": {
          "execution": 2150,
          "initialization": 0
        },
        "request_id": "009a008d-e401-4ad7-923d-0840534f867d",
        "stats": {
          "cold_start": false,
          "failure": false,
          "memory_used": 52.0
        },
        "times": {
          "benchmark": 285,
          "client": 305808,
          "client_begin": "2024-10-31 00:05:51.060920",
          "client_end": "2024-10-31 00:05:51.366728",
          "http_first_byte_return": 0.305763,
          "http_startup": 0.258325,
          "initialization": 0
        }
      },
      "06906676-4ab7-43e0-a624-9a462d0b6f65": {
        "billing": {
          "_billed_time": 4,
          "_gb_seconds": 512,
          "_memory": 128
        },
        "output": {
          "begin": "1730333151.378212",
          "cold_start_var": "",
          "container_id": "bb500ab3",
          "end": "1730333151.378509",
          "is_cold": false,
          "request_id": "06906676-4ab7-43e0-a624-9a462d0b6f65",
          "result": {
            "measurement": {
              "compute_time": 14.0,
              "graph_generating_time": 259.0
            }
          },
          "results_time": 0
        },
        "provider_times": {
          "execution": 3090,
          "initialization": 0
        },
        "request_id": "06906676-4ab7-43e0-a624-9a462d0b6f65",
        "stats": {
          "cold_start": false,
          "failure": false,
          "memory_used": 51.0
        },
        "times": {
          "benchmark": 297,
          "client": 354739,
          "client_begin": "2024-10-31 00:05:51.016856",
          "client_end": "2024-10-31 00:05:51.371595",
          "http_first_byte_return": 0.354705,
          "http_startup": 0.299665,
          "initialization": 0
        }
      },
      "0fbd2f7e-071d-43ef-83d9-ad13a7495a53": {
        "billing": {
          "_billed_time": 3,
          "_gb_seconds": 384,
          "_memory": 128
        },
        "output": {
          "begin": "1730333151.342072",
          "cold_start_var": "",
          "container_id": "6e39c289",
          "end": "1730333151.342371",
          "is_cold": false,
          "request_id": "0fbd2f7e-071d-43ef-83d9-ad13a7495a53",
          "result": {
            "measurement": {
              "compute_time": 12.0,
              "graph_generating_time": 261.0
            }
          },
          "results_time": 0
        },
        "provider_times": {
          "execution": 2060,
          "initialization": 0
        },
        "request_id": "0fbd2f7e-071d-43ef-83d9-ad13a7495a53",
        "stats": {
          "cold_start": false,
          "failure": false,
          "memory_used": 52.0
        },
        "times": {
          "benchmark": 299,
          "client": 339625,
          "client_begin": "2024-10-31 00:05:50.992733",
          "client_end": "2024-10-31 00:05:51.332358",
          "http_first_byte_return": 0.339566,
          "http_startup": 0.292916,
          "initialization": 0
        }
      },
      "1838e136-ba51-4384-9f49-a8879e630fb5": {
        "billing": {
          "_billed_time": 3,
          "_gb_seconds": 384,
          "_memory": 128
        },
        "output": {
          "begin": "1730333151.388879",
          "cold_start_var": "",
          "container_id": "c71a78c1",
          "end": "1730333151.389183",
          "is_cold": false,
          "request_id": "1838e136-ba51-4384-9f49-a8879e630fb5",
          "result": {
            "measurement": {
              "compute_time": 14.0,
              "graph_generating_time": 265.0
            }
          },
          "results_time": 0
        },
        "provider_times": {
          "execution": 2070,
          "initialization": 0
        },
        "request_id": "1838e136-ba51-4384-9f49-a8879e630fb5",
        "stats": {
          "cold_start": false,
          "failure": false,
          "memory_used": 51.0
        },
        "times": {
          "benchmark": 304,
          "client": 327981,
          "client_begin": "2024-10-31 00:05:51.051981",
          "client_end": "2024-10-31 00:05:51.379962",
          "http_first_byte_return": 0.327944,
          "http_startup": 0.272207,
          "initialization": 0
        }
      },
      "2d60e4fe-6868-46c3-b7ce-649f95776d7f": {
        "billing": {
          "_billed_time": 13,
          "_gb_seconds": 1664,
          "_memory": 128
        },
        "output": {
          "begin": "1730333151.416985",
          "cold_start_var": "",
          "container_id": "92b22886",
          "end": "1730333151.417277",
          "is_cold": false,
          "request_id": "2d60e4fe-6868-46c3-b7ce-649f95776d7f",
          "result": {
            "measurement": {
              "compute_time": 12.0,
              "graph_generating_time": 255.0
            }
          },
          "results_time": 0
        },
        "provider_times": {
          "execution": 12340,
          "initialization": 0
        },
        "request_id": "2d60e4fe-6868-46c3-b7ce-649f95776d7f",
        "stats": {
          "cold_start": false,
          "failure": false,
          "memory_used": 52.0
        },
        "times": {
          "benchmark": 292,
          "client": 372990,
          "client_begin": "2024-10-31 00:05:51.036006",
          "client_end": "2024-10-31 00:05:51.408996",
          "http_first_byte_return": 0.372942,
          "http_startup": 0.311138,
          "initialization": 0
        }
      },
      "2f03c2a5-ae06-4334-9eb2-ced77d8e826e": {
        "billing": {
          "_billed_time": 3,
          "_gb_seconds": 384,
          "_memory": 128
        },
        "output": {
          "begin": "1730333151.393797",
          "cold_start_var": "",
          "container_id": "93983ae8",
          "end": "1730333151.394095",
          "is_cold": false,
          "request_id": "2f03c2a5-ae06-4334-9eb2-ced77d8e826e",
          "result": {
            "measurement": {
              "compute_time": 13.0,
              "graph_generating_time": 258.0
            }
          },
          "results_time": 0
        },
        "provider_times": {
          "execution": 2029,
          "initialization": 0
        },
        "request_id": "2f03c2a5-ae06-4334-9eb2-ced77d8e826e",
        "stats": {
          "cold_start": false,
          "failure": false,
          "memory_used": 51.0
        },
        "times": {
          "benchmark": 298,
          "client": 344093,
          "client_begin": "2024-10-31 00:05:51.039174",
          "client_end": "2024-10-31 00:05:51.383267",
          "http_first_byte_return": 0.344058,
          "http_startup": 0.284562,
          "initialization": 0
        }
      },
      "37680f00-d457-4192-bc73-9eea5c0a13bb": {
        "billing": {
          "_billed_time": 3,
          "_gb_seconds": 384,
          "_memory": 128
        },
        "output": {
          "begin": "1730333151.376740",
          "cold_start_var": "",
          "container_id": "2dc4fa11",
          "end": "1730333151.377039",
          "is_cold": false,
          "request_id": "37680f00-d457-4192-bc73-9eea5c0a13bb",
          "result": {
            "measurement": {
              "compute_time": 13.0,
              "graph_generating_time": 261.0
            }
          },
          "results_time": 0
        },
        "provider_times": {
          "execution": 2020,
          "initialization": 0
        },
        "request_id": "37680f00-d457-4192-bc73-9eea5c0a13bb",
        "stats": {
          "cold_start": false,
          "failure": false,
          "memory_used": 52.0
        },
        "times": {
          "benchmark": 299,
          "client": 364317,
          "client_begin": "2024-10-31 00:05:51.002082",
          "client_end": "2024-10-31 00:05:51.366399",
          "http_first_byte_return": 0.364276,
          "http_startup": 0.313723,
          "initialization": 0
        }
      },
      "3c2baddb-d1c4-49a1-8d55-664af086716b": {
        "billing": {
          "_billed_time": 15,
          "_gb_seconds": 1920,
          "_memory": 128
        },
        "output": {
          "begin": "1730333151.420507",
          "cold_start_var": "",
          "container_id": "bb500ab3",
          "end": "1730333151.420809",
          "is_cold": false,
          "request_id": "3c2baddb-d1c4-49a1-8d55-664af086716b",
          "result": {
            "measurement": {
              "compute_time": 13.0,
              "graph_generating_time": 262.0
            }
          },
          "results_time": 0
        },
        "provider_times": {
          "execution": 14110,
          "initialization": 0
        },
        "request_id": "3c2baddb-d1c4-49a1-8d55-664af086716b",
        "stats": {
          "cold_start": false,
          "failure": false,
          "memory_used": 51.0
        },
        "times": {
          "benchmark": 302,
          "client": 409448,
          "client_begin": "2024-10-31 00:05:51.012896",
          "client_end": "2024-10-31 00:05:51.422344",
          "http_first_byte_return": 0.409412,
          "http_startup": 0.334255,
          "initialization": 0
        }
      },
      "3d76b3e4-0dd2-40e4-ae6a-35f127b6e4b0": {
        "billing": {
          "_billed_time": 3,
          "_gb_seconds": 384,
          "_memory": 128
        },
        "output": {
          "begin": "1730333151.276464",
          "cold_start_var": "",
          "container_id": "064018ec",
          "end": "1730333151.276774",
          "is_cold": false,
          "request_id": "3d76b3e4-0dd2-40e4-ae6a-35f127b6e4b0",
          "result": {
            "measurement": {
              "compute_time": 14.0,
              "graph_generating_time": 271.0
            }
          },
          "results_time": 0
        },
        "provider_times": {
          "execution": 2020,
          "initialization": 0
        },
        "request_id": "3d76b3e4-0dd2-40e4-ae6a-35f127b6e4b0",
        "stats": {
          "cold_start": false,
          "failure": false,
          "memory_used": 52.0
        },
        "times": {
          "benchmark": 310,
          "client": 267158,
          "client_begin": "2024-10-31 00:05:50.998965",
          "client_end": "2024-10-31 00:05:51.266123",
          "http_first_byte_return": 0.267081,
          "http_startup": 0.214711,
          "initialization": 0
        }
      },
      "3f0d5e2e-84dd-4d59-8901-141d2dc19525": {
        "billing": {
          "_billed_time": 13,
          "_gb_seconds": 1664,
          "_memory": 128
        },
        "output": {
          "begin": "1730333151.385460",
          "cold_start_var": "",
          "container_id": "bac50f63",
          "end": "1730333151.385749",
          "is_cold": false,
          "request_id": "3f0d5e2e-84dd-4d59-8901-141d2dc19525",
          "result": {
            "measurement": {
              "compute_time": 12.0,
              "graph_generating_time": 252.0
            }
          },
          "results_time": 0
        },
        "provider_times": {
          "execution": 12350,
          "initialization": 0
        },
        "request_id": "3f0d5e2e-84dd-4d59-8901-141d2dc19525",
        "stats": {
          "cold_start": false,
          "failure": false,
          "memory_used": 51.0
        },
        "times": {
          "benchmark": 289,
          "client": 306294,
          "client_begin": "2024-10-31 00:05:51.071946",
          "client_end": "2024-10-31 00:05:51.378240",
          "http_first_byte_return": 0.30625,
          "http_startup": 0.246936,
          "initialization": 0
        }
      },
      "430fa6de-44fe-48ef-bd82-652bcb97f1ed": {
        "billing": {
          "_billed_time": 2,
          "_gb_seconds": 256,
          "_memory": 128
        },
        "output": {
          "begin": "1730333151.394929",
          "cold_start_var": "",
          "container_id": "2dc4fa11",
          "end": "1730333151.395213",
          "is_cold": false,
          "request_id": "430fa6de-44fe-48ef-bd82-652bcb97f1ed",
          "result": {
            "measurement": {
              "compute_time": 11.0,
              "graph_generating_time": 248.0
            }
          },
          "results_time": 0
        },
        "provider_times": {
          "execution": 1930,
          "initialization": 0
        },
        "request_id": "430fa6de-44fe-48ef-bd82-652bcb97f1ed",
        "stats": {
          "cold_start": false,
          "failure": false,
          "memory_used": 52.0
        },
        "times": {
          "benchmark": 284,
          "client": 353624,
          "client_begin": "2024-10-31 00:05:51.032894",
          "client_end": "2024-10-31 00:05:51.386518",
          "http_first_byte_return": 0.353588,
          "http_startup": 0.296118,
          "initialization": 0
        }
      },
      "49c86e7c-4b39-4434-8851-ff004ed6c342": {
        "billing": {
          "_billed_time": 3,
          "_gb_seconds": 384,
          "_memory": 128
        },
        "output": {
          "begin": "1730333151.308596",
          "cold_start_var": "",
          "container_id": "782ed509",
          "end": "1730333151.308881",
          "is_cold": false,
          "request_id": "49c86e7c-4b39-4434-8851-ff004ed6c342",
          "result": {
            "measurement": {
              "compute_time": 12.0,
              "graph_generating_time": 248.0
            }
          },
          "results_time": 0
        },
        "provider_times": {
          "execution": 2380,
          "initialization": 0
        },
        "request_id": "49c86e7c-4b39-4434-8851-ff004ed6c342",
        "stats": {
          "cold_start": false,
          "failure": false,
          "memory_used": 51.0
        },
        "times": {
          "benchmark": 285,
          "client": 321096,
          "client_begin": "2024-10-31 00:05:50.979559",
          "client_end": "2024-10-31 00:05:51.300655",
          "http_first_byte_return": 0.321032,
          "http_startup": 0.271291,
          "initialization": 0
        }
      },
      "4a668d74-8ffe-4403-945b-1ccc5e6719f4": {
        "billing": {
          "_billed_time": 14,
          "_gb_seconds": 1792,
          "_memory": 128
        },
        "output": {
          "begin": "1730333151.417987",
          "cold_start_var": "",
          "container_id": "38322744",
          "end": "1730333151.418283",
          "is_cold": false,
          "request_id": "4a668d74-8ffe-4403-945b-1ccc5e6719f4",
          "result": {
            "measurement": {
              "compute_time": 13.0,
              "graph_generating_time": 259.0
            }
          },
          "results_time": 0
        },
        "provider_times": {
          "execution": 13030,
          "initialization": 0
        },
        "request_id": "4a668d74-8ffe-4403-945b-1ccc5e6719f4",
        "stats": {
          "cold_start": false,
          "failure": false,
          "memory_used": 51.0
        },
        "times": {
          "benchmark": 296,
          "client": 352220,
          "client_begin": "2024-10-31 00:05:51.056943",
          "client_end": "2024-10-31 00:05:51.409163",
          "http_first_byte_return": 0.352182,
          "http_startup": 0.287155,
          "initialization": 0
        }
      },
      "4d068e9b-a4ee-460a-9216-fe3cf8f5bd13": {
        "billing": {
          "_billed_time": 10,
          "_gb_seconds": 1280,
          "_memory": 128
        },
        "output": {
          "begin": "1730333151.415101",
          "cold_start_var": "",
          "container_id": "b4093d54",
          "end": "1730333151.415389",
          "is_cold": false,
          "request_id": "4d068e9b-a4ee-460a-9216-fe3cf8f5bd13",
          "result": {
            "measurement": {
              "compute_time": 12.0,
              "graph_generating_time": 253.0
            }
          },
          "results_time": 0
        },
        "provider_times": {
          "execution": 9070,
          "initialization": 0
        },
        "request_id": "4d068e9b-a4ee-460a-9216-fe3cf8f5bd13",
        "stats": {
          "cold_start": false,
          "failure": false,
          "memory_used": 51.0
        },
        "times": {
          "benchmark": 288,
          "client": 380855,
          "client_begin": "2024-10-31 00:05:51.031998",
          "client_end": "2024-10-31 00:05:51.412853",
          "http_first_byte_return": 0.380821,
          "http_startup": 0.309026,
          "initialization": 0
        }
      },
      "53a43e1d-722c-47cb-87db-43c9314951ee": {
        "billing": {
          "_billed_time": 15,
          "_gb_seconds": 1920,
          "_memory": 128
        },
        "output": {
          "begin": "1730333151.397539",
          "cold_start_var": "",
          "container_id": "92b22886",
          "end": "1730333151.397882",
          "is_cold": false,
          "request_id": "53a43e1d-722c-47cb-87db-43c9314951ee",
          "result": {
            "measurement": {
              "compute_time": 13.0,
              "graph_generating_time": 303.0
            }
          },
          "results_time": 0
        },
        "provider_times": {
          "execution": 14310,
          "initialization": 0
        },
        "request_id": "53a43e1d-722c-47cb-87db-43c9314951ee",
        "stats": {
          "cold_start": false,
          "failure": false,
          "memory_used": 51.0
        },
        "times": {
          "benchmark": 343,
          "client": 383311,
          "client_begin": "2024-10-31 00:05:51.004929",
          "client_end": "2024-10-31 00:05:51.388240",
          "http_first_byte_return": 0.383271,
          "http_startup": 0.310331,
          "initialization": 0
        }
      },
      "53d6d8f2-d875-4fc1-b4a8-f1990ad2bb17": {
        "billing": {
          "_billed_time": 3,
          "_gb_seconds": 384,
          "_memory": 128
        },
        "output": {
          "begin": "1730333151.312764",
          "cold_start_var": "",
          "container_id": "6e39c289",
          "end": "1730333151.313067",
          "is_cold": false,
          "request_id": "53d6d8f2-d875-4fc1-b4a8-f1990ad2bb17",
          "result": {
            "measurement": {
              "compute_time": 13.0,
              "graph_generating_time": 264.0
            }
          },
          "results_time": 0
        },
        "provider_times": {
          "execution": 2140,
          "initialization": 0
        },
        "request_id": "53d6d8f2-d875-4fc1-b4a8-f1990ad2bb17",
        "stats": {
          "cold_start": false,
          "failure": false,
          "memory_used": 52.0
        },
        "times": {
          "benchmark": 303,
          "client": 309739,
          "client_begin": "2024-10-31 00:05:50.992860",
          "client_end": "2024-10-31 00:05:51.302599",
          "http_first_byte_return": 0.309703,
          "http_startup": 0.259595,
          "initialization": 0
        }
      },
      "55af89d1-940d-41b7-beb8-b706edb67e19": {
        "billing": {
          "_billed_time": 3,
          "_gb_seconds": 384,
          "_memory": 128
        },
        "output": {
          "begin": "1730333151.385732",
          "cold_start_var": "",
          "container_id": "31418804",
          "end": "1730333151.386017",
          "is_cold": false,
          "request_id": "55af89d1-940d-41b7-beb8-b706edb67e19",
          "result": {
            "measurement": {
              "compute_time": 13.0,
              "graph_generating_time": 250.0
            }
          },
          "results_time": 0
        },
        "provider_times": {
          "execution": 2200,
          "initialization": 0
        },
        "request_id": "55af89d1-940d-41b7-beb8-b706edb67e19",
        "stats": {
          "cold_start": false,
          "failure": false,
          "memory_used": 51.0
        },
        "times": {
          "benchmark": 285,
          "client": 367290,
          "client_begin": "2024-10-31 00:05:51.008873",
          "client_end": "2024-10-31 00:05:51.376163",
          "http_first_byte_return": 0.367255,
          "http_startup": 0.313914,
          "initialization": 0
        }
      },
      "56940755-f5b3-4411-af00-c32331e8c885": {
        "billing": {
          "_billed_time": 15,
          "_gb_seconds": 1920,
          "_memory": 128
        },
        "output": {
          "begin": "1730333151.394580",
          "cold_start_var": "",
          "container_id": "6e39c289",
          "end": "1730333151.394875",
          "is_cold": false,
          "request_id": "56940755-f5b3-4411-af00-c32331e8c885",
          "result": {
            "measurement": {
              "compute_time": 12.0,
              "graph_generating_time": 257.0
            }
          },
          "results_time": 0
        },
        "provider_times": {
          "execution": 14850,
          "initialization": 0
        },
        "request_id": "56940755-f5b3-4411-af00-c32331e8c885",
        "stats": {
          "cold_start": false,
          "failure": false,
          "memory_used": 52.0
        },
        "times": {
          "benchmark": 295,
          "client": 409466,
          "client_begin": "2024-10-31 00:05:50.974849",
          "client_end": "2024-10-31 00:05:51.384315",
          "http_first_byte_return": 0.40941,
          "http_startup": 0.334593,
          "initialization": 0
        }
      },
      "6529a3a2-3ec6-4d1f-9cb4-f3365f05cc1d": {
        "billing": {
          "_billed_time": 15,
          "_gb_seconds": 1920,
          "_memory": 128
        },
        "output": {
          "begin": "1730333151.416220",
          "cold_start_var": "",
          "container_id": "9ebf416d",
          "end": "1730333151.416524",
          "is_cold": false,
          "request_id": "6529a3a2-3ec6-4d1f-9cb4-f3365f05cc1d",
          "result": {
            "measurement": {
              "compute_time": 13.0,
              "graph_generating_time": 267.0
            }
          },
          "results_time": 0
        },
        "provider_times": {
          "execution": 14380,
          "initialization": 0
        },
        "request_id": "6529a3a2-3ec6-4d1f-9cb4-f3365f05cc1d",
        "stats": {
          "cold_start": false,
          "failure": false,
          "memory_used": 52.0
        },
        "times": {
          "benchmark": 304,
          "client": 430043,
          "client_begin": "2024-10-31 00:05:50.989803",
          "client_end": "2024-10-31 00:05:51.419846",
          "http_first_byte_return": 0.430007,
          "http_startup": 0.363502,
          "initialization": 0
        }
      },
      "687d404c-10b5-4eb7-ae6f-a2d1d6b6502f": {
        "billing": {
          "_billed_time": 2,
          "_gb_seconds": 256,
          "_memory": 128
        },
        "output": {
          "begin": "1730333151.377273",
          "cold_start_var": "",
          "container_id": "92b22886",
          "end": "1730333151.377588",
          "is_cold": false,
          "request_id": "687d404c-10b5-4eb7-ae6f-a2d1d6b6502f",
          "result": {
            "measurement": {
              "compute_time": 12.0,
              "graph_generating_time": 276.0
            }
          },
          "results_time": 0
        },
        "provider_times": {
          "execution": 1980,
          "initialization": 0
        },
        "request_id": "687d404c-10b5-4eb7-ae6f-a2d1d6b6502f",
        "stats": {
          "cold_start": false,
          "failure": false,
          "memory_used": 51.0
        },
        "times": {
          "benchmark": 315,
          "client": 319076,
          "client_begin": "2024-10-31 00:05:51.048860",
          "client_end": "2024-10-31 00:05:51.367936",
          "http_first_byte_return": 0.319034,
          "http_startup": 0.271378,
          "initialization": 0
        }
      },
      "691b1043-51da-4a2f-9d75-4ac8a5e479b0": {
        "billing": {
          "_billed_time": 22,
          "_gb_seconds": 2816,
          "_memory": 128
        },
        "output": {
          "begin": "1730333151.354848",
          "cold_start_var": "",
          "container_id": "6e39c289",
          "end": "1730333151.355148",
          "is_cold": false,
          "request_id": "691b1043-51da-4a2f-9d75-4ac8a5e479b0",
          "result": {
            "measurement": {
              "compute_time": 13.0,
              "graph_generating_time": 259.0
            }
          },
          "results_time": 0
        },
        "provider_times": {
          "execution": 21000,
          "initialization": 0
        },
        "request_id": "691b1043-51da-4a2f-9d75-4ac8a5e479b0",
        "stats": {
          "cold_start": false,
          "failure": false,
          "memory_used": 52.0
        },
        "times": {
          "benchmark": 300,
          "client": 377547,
          "client_begin": "2024-10-31 00:05:50.986311",
          "client_end": "2024-10-31 00:05:51.363858",
          "http_first_byte_return": 0.377502,
          "http_startup": 0.302884,
          "initialization": 0
        }
      },
      "6b8df438-a666-4c92-95bd-78776acf2236": {
        "billing": {
          "_billed_time": 3,
          "_gb_seconds": 384,
          "_memory": 128
        },
        "output": {
          "begin": "1730333151.402250",
          "cold_start_var": "",
          "container_id": "31418804",
          "end": "1730333151.402570",
          "is_cold": false,
          "request_id": "6b8df438-a666-4c92-95bd-78776acf2236",
          "result": {
            "measurement": {
              "compute_time": 13.0,
              "graph_generating_time": 282.0
            }
          },
          "results_time": 0
        },
        "provider_times": {
          "execution": 2000,
          "initialization": 0
        },
        "request_id": "6b8df438-a666-4c92-95bd-78776acf2236",
        "stats": {
          "cold_start": false,
          "failure": false,
          "memory_used": 51.0
        },
        "times": {
          "benchmark": 320,
          "client": 317071,
          "client_begin": "2024-10-31 00:05:51.075074",
          "client_end": "2024-10-31 00:05:51.392145",
          "http_first_byte_return": 0.317035,
          "http_startup": 0.259823,
          "initialization": 0
        }
      },
      "6d46327e-c1fb-4300-a9b2-f81117a64ed1": {
        "billing": {
          "_billed_time": 3,
          "_gb_seconds": 384,
          "_memory": 128
        },
        "output": {
          "begin": "1730333151.307776",
          "cold_start_var": "",
          "container_id": "064018ec",
          "end": "1730333151.308065",
          "is_cold": false,
          "request_id": "6d46327e-c1fb-4300-a9b2-f81117a64ed1",
          "result": {
            "measurement": {
              "compute_time": 13.0,
              "graph_generating_time": 252.0
            }
          },
          "results_time": 0
        },
        "provider_times": {
          "execution": 2150,
          "initialization": 0
        },
        "request_id": "6d46327e-c1fb-4300-a9b2-f81117a64ed1",
        "stats": {
          "cold_start": false,
          "failure": false,
          "memory_used": 52.0
        },
        "times": {
          "benchmark": 289,
          "client": 309736,
          "client_begin": "2024-10-31 00:05:50.987979",
          "client_end": "2024-10-31 00:05:51.297715",
          "http_first_byte_return": 0.309673,
          "http_startup": 0.262099,
          "initialization": 0
        }
      },
      "73927f78-c108-4935-a21a-c8633c2ac016": {
        "billing": {
          "_billed_time": 3,
          "_gb_seconds": 384,
          "_memory": 128
        },
        "output": {
          "begin": "1730333151.193036",
          "cold_start_var": "",
          "container_id": "064018ec",
          "end": "1730333151.193326",
          "is_cold": false,
          "request_id": "73927f78-c108-4935-a21a-c8633c2ac016",
          "result": {
            "measurement": {
              "compute_time": 13.0,
              "graph_generating_time": 250.0
            }
          },
          "results_time": 0
        },
        "provider_times": {
          "execution": 2390,
          "initialization": 0
        },
        "request_id": "73927f78-c108-4935-a21a-c8633c2ac016",
        "stats": {
          "cold_start": false,
          "failure": false,
          "memory_used": 52.0
        },
        "times": {
          "benchmark": 290,
          "client": 194589,
          "client_begin": "2024-10-31 00:05:50.988856",
          "client_end": "2024-10-31 00:05:51.183445",
          "http_first_byte_return": 0.194517,
          "http_startup": 0.141935,
          "initialization": 0
        }
      },
      "788f4aa2-f8ab-40fb-b2d8-5d864c2dc6bc": {
        "billing": {
          "_billed_time": 7,
          "_gb_seconds": 896,
          "_memory": 128
        },
        "output": {
          "begin": "1730333151.388347",
          "cold_start_var": "",
          "container_id": "870d96bc",
          "end": "1730333151.388645",
          "is_cold": false,
          "request_id": "788f4aa2-f8ab-40fb-b2d8-5d864c2dc6bc",
          "result": {
            "measurement": {
              "compute_time": 12.0,
              "graph_generating_time": 261.0
            }
          },
          "results_time": 0
        },
        "provider_times": {
          "execution": 6150,
          "initialization": 0
        },
        "request_id": "788f4aa2-f8ab-40fb-b2d8-5d864c2dc6bc",
        "stats": {
          "cold_start": false,
          "failure": false,
          "memory_used": 51.0
        },
        "times": {
          "benchmark": 298,
          "client": 338924,
          "client_begin": "2024-10-31 00:05:51.044863",
          "client_end": "2024-10-31 00:05:51.383787",
          "http_first_byte_return": 0.338873,
          "http_startup": 0.28469,
          "initialization": 0
        }
      },
      "87831d42-9e2f-465f-bea9-120d0b504f3e": {
        "billing": {
          "_billed_time": 3,
          "_gb_seconds": 384,
          "_memory": 128
        },
        "output": {
          "begin": "1730333151.422525",
          "cold_start_var": "",
          "container_id": "31418804",
          "end": "1730333151.422822",
          "is_cold": false,
          "request_id": "87831d42-9e2f-465f-bea9-120d0b504f3e",
          "result": {
            "measurement": {
              "compute_time": 11.0,
              "graph_generating_time": 262.0
            }
          },
          "results_time": 0
        },
        "provider_times": {
          "execution": 2120,
          "initialization": 0
        },
        "request_id": "87831d42-9e2f-465f-bea9-120d0b504f3e",
        "stats": {
          "cold_start": false,
          "failure": false,
          "memory_used": 51.0
        },
        "times": {
          "benchmark": 297,
          "client": 372560,
          "client_begin": "2024-10-31 00:05:51.044912",
          "client_end": "2024-10-31 00:05:51.417472",
          "http_first_byte_return": 0.372523,
          "http_startup": 0.304919,
          "initialization": 0
        }
      },
      "907cb58d-b3b9-4952-980e-3789a8e7c53c": {
        "billing": {
          "_billed_time": 10,
          "_gb_seconds": 1280,
          "_memory": 128
        },
        "output": {
          "begin": "1730333151.308249",
          "cold_start_var": "",
          "container_id": "92b22886",
          "end": "1730333151.308587",
          "is_cold": false,
          "request_id": "907cb58d-b3b9-4952-980e-3789a8e7c53c",
          "result": {
            "measurement": {
              "compute_time": 13.0,
              "graph_generating_time": 300.0
            }
          },
          "results_time": 0
        },
        "provider_times": {
          "execution": 9530,
          "initialization": 0
        },
        "request_id": "907cb58d-b3b9-4952-980e-3789a8e7c53c",
        "stats": {
          "cold_start": false,
          "failure": false,
          "memory_used": 51.0
        },
        "times": {
          "benchmark": 338,
          "client": 304860,
          "client_begin": "2024-10-31 00:05:50.994335",
          "client_end": "2024-10-31 00:05:51.299195",
          "http_first_byte_return": 0.304821,
          "http_startup": 0.254953,
          "initialization": 0
        }
      },
      "a194d2cc-dca8-4323-8977-fd5a9b70370f": {
        "billing": {
          "_billed_time": 20,
          "_gb_seconds": 2560,
          "_memory": 128
        },
        "output": {
          "begin": "1730333151.394200",
          "cold_start_var": "",
          "container_id": "bb500ab3",
          "end": "1730333151.394505",
          "is_cold": false,
          "request_id": "a194d2cc-dca8-4323-8977-fd5a9b70370f",
          "result": {
            "measurement": {
              "compute_time": 14.0,
              "graph_generating_time": 264.0
            }
          },
          "results_time": 0
        },
        "provider_times": {
          "execution": 19910,
          "initialization": 0
        },
        "request_id": "a194d2cc-dca8-4323-8977-fd5a9b70370f",
        "stats": {
          "cold_start": false,
          "failure": false,
          "memory_used": 51.0
        },
        "times": {
          "benchmark": 305,
          "client": 326250,
          "client_begin": "2024-10-31 00:05:51.061052",
          "client_end": "2024-10-31 00:05:51.387302",
          "http_first_byte_return": 0.326211,
          "http_startup": 0.263923,
          "initialization": 0
        }
      },
      "a31750ec-9462-4870-9c55-5fd0d0d25965": {
        "billing": {
          "_billed_time": 15,
          "_gb_seconds": 1920,
          "_memory": 128
        },
        "output": {
          "begin": "1730333151.409599",
          "cold_start_var": "",
          "container_id": "9ebf416d",
          "end": "1730333151.409906",
          "is_cold": false,
          "request_id": "a31750ec-9462-4870-9c55-5fd0d0d25965",
          "result": {
            "measurement": {
              "compute_time": 13.0,
              "graph_generating_time": 268.0
            }
          },
          "results_time": 0
        },
        "provider_times": {
          "execution": 14870,
          "initialization": 0
        },
        "request_id": "a31750ec-9462-4870-9c55-5fd0d0d25965",
        "stats": {
          "cold_start": false,
          "failure": false,
          "memory_used": 52.0
        },
        "times": {
          "benchmark": 307,
          "client": 352068,
          "client_begin": "2024-10-31 00:05:51.048011",
          "client_end": "2024-10-31 00:05:51.400079",
          "http_first_byte_return": 0.352036,
          "http_startup": 0.291916,
          "initialization": 0
        }
      },
      "b1f189b2-19c8-469a-b28f-8451f2e4142c": {
        "billing": {
          "_billed_time": 2,
          "_gb_seconds": 256,
          "_memory": 128
        },
        "output": {
          "begin": "1730333151.378632",
          "cold_start_var": "",
          "container_id": "bac50f63",
          "end": "1730333151.378918",
          "is_cold": false,
          "request_id": "b1f189b2-19c8-469a-b28f-8451f2e4142c",
          "result": {
            "measurement": {
              "compute_time": 13.0,
              "graph_generating_time": 250.0
            }
          },
          "results_time": 0
        },
        "provider_times": {
          "execution": 1870,
          "initialization": 0
        },
        "request_id": "b1f189b2-19c8-469a-b28f-8451f2e4142c",
        "stats": {
          "cold_start": false,
          "failure": false,
          "memory_used": 51.0
        },
        "times": {
          "benchmark": 286,
          "client": 363441,
          "client_begin": "2024-10-31 00:05:51.006263",
          "client_end": "2024-10-31 00:05:51.369704",
          "http_first_byte_return": 0.363399,
          "http_startup": 0.317043,
          "initialization": 0
        }
      },
      "b44f9684-ba3f-482c-9f45-b64e3ab74ab1": {
        "billing": {
          "_billed_time": 3,
          "_gb_seconds": 384,
          "_memory": 128
        },
        "output": {
          "begin": "1730333151.361788",
          "cold_start_var": "",
          "container_id": "92b22886",
          "end": "1730333151.362085",
          "is_cold": false,
          "request_id": "b44f9684-ba3f-482c-9f45-b64e3ab74ab1",
          "result": {
            "measurement": {
              "compute_time": 13.0,
              "graph_generating_time": 259.0
            }
          },
          "results_time": 0
        },
        "provider_times": {
          "execution": 2000,
          "initialization": 0
        },
        "request_id": "b44f9684-ba3f-482c-9f45-b64e3ab74ab1",
        "stats": {
          "cold_start": false,
          "failure": false,
          "memory_used": 51.0
        },
        "times": {
          "benchmark": 297,
          "client": 375933,
          "client_begin": "2024-10-31 00:05:50.975687",
          "client_end": "2024-10-31 00:05:51.351620",
          "http_first_byte_return": 0.375875,
          "http_startup": 0.327475,
          "initialization": 0
        }
      },
      "b6ec2cf7-6516-496a-becc-c42d3509ea8b": {
        "billing": {
          "_billed_time": 32,
          "_gb_seconds": 4096,
          "_memory": 128
        },
        "output": {
          "begin": "1730333151.417673",
          "cold_start_var": "",
          "container_id": "bac50f63",
          "end": "1730333151.418065",
          "is_cold": false,
          "request_id": "b6ec2cf7-6516-496a-becc-c42d3509ea8b",
          "result": {
            "measurement": {
              "compute_time": 16.0,
              "graph_generating_time": 348.0
            }
          },
          "results_time": 0
        },
        "provider_times": {
          "execution": 31110,
          "initialization": 0
        },
        "request_id": "b6ec2cf7-6516-496a-becc-c42d3509ea8b",
        "stats": {
          "cold_start": false,
          "failure": false,
          "memory_used": 51.0
        },
        "times": {
          "benchmark": 392,
          "client": 361361,
          "client_begin": "2024-10-31 00:05:51.048910",
          "client_end": "2024-10-31 00:05:51.410271",
          "http_first_byte_return": 0.361324,
          "http_startup": 0.299938,
          "initialization": 0
        }
      },
      "c59f1dae-dfbc-4423-9633-13e17b4c8181": {
        "billing": {
          "_billed_time": 3,
          "_gb_seconds": 384,
          "_memory": 128
        },
        "output": {
          "begin": "1730333151.414289",
          "cold_start_var": "",
          "container_id": "782ed509",
          "end": "1730333151.414632",
          "is_cold": false,
          "request_id": "c59f1dae-dfbc-4423-9633-13e17b4c8181",
          "result": {
            "measurement": {
              "compute_time": 16.0,
              "graph_generating_time": 302.0
            }
          },
          "results_time": 0
        },
        "provider_times": {
          "execution": 2150,
          "initialization": 0
        },
        "request_id": "c59f1dae-dfbc-4423-9633-13e17b4c8181",
        "stats": {
          "cold_start": false,
          "failure": false,
          "memory_used": 52.0
        },
        "times": {
          "benchmark": 343,
          "client": 404716,
          "client_begin": "2024-10-31 00:05:51.000844",
          "client_end": "2024-10-31 00:05:51.405560",
          "http_first_byte_return": 0.404676,
          "http_startup": 0.339593,
          "initialization": 0
        }
      },
      "c878a702-b61e-4f5b-a865-69a0da90c721": {
        "billing": {
          "_billed_time": 12,
          "_gb_seconds": 1536,
          "_memory": 128
        },
        "output": {
          "begin": "1730333151.325867",
          "cold_start_var": "",
          "container_id": "92b22886",
          "end": "1730333151.326166",
          "is_cold": false,
          "request_id": "c878a702-b61e-4f5b-a865-69a0da90c721",
          "result": {
            "measurement": {
              "compute_time": 12.0,
              "graph_generating_time": 261.0
            }
          },
          "results_time": 0
        },
        "provider_times": {
          "execution": 11700,
          "initialization": 0
        },
        "request_id": "c878a702-b61e-4f5b-a865-69a0da90c721",
        "stats": {
          "cold_start": false,
          "failure": false,
          "memory_used": 51.0
        },
        "times": {
          "benchmark": 299,
          "client": 316089,
          "client_begin": "2024-10-31 00:05:50.999682",
          "client_end": "2024-10-31 00:05:51.315771",
          "http_first_byte_return": 0.316044,
          "http_startup": 0.251986,
          "initialization": 0
        }
      },
      "cbb0e18c-329e-4757-af2a-35e53f679fab": {
        "billing": {
          "_billed_time": 2,
          "_gb_seconds": 256,
          "_memory": 128
        },
        "output": {
          "begin": "1730333151.389674",
          "cold_start_var": "",
          "container_id": "9ebf416d",
          "end": "1730333151.389979",
          "is_cold": false,
          "request_id": "cbb0e18c-329e-4757-af2a-35e53f679fab",
          "result": {
            "measurement": {
              "compute_time": 14.0,
              "graph_generating_time": 269.0
            }
          },
          "results_time": 0
        },
        "provider_times": {
          "execution": 1970,
          "initialization": 0
        },
        "request_id": "cbb0e18c-329e-4757-af2a-35e53f679fab",
        "stats": {
          "cold_start": false,
          "failure": false,
          "memory_used": 52.0
        },
        "times": {
          "benchmark": 305,
          "client": 344502,
          "client_begin": "2024-10-31 00:05:51.036058",
          "client_end": "2024-10-31 00:05:51.380560",
          "http_first_byte_return": 0.344468,
          "http_startup": 0.287896,
          "initialization": 0
        }
      },
      "cf924f76-90a5-4c18-92b5-792f64cebad5": {
        "billing": {
          "_billed_time": 10,
          "_gb_seconds": 1280,
          "_memory": 128
        },
        "output": {
          "begin": "1730333151.364843",
          "cold_start_var": "",
          "container_id": "782ed509",
          "end": "1730333151.365174",
          "is_cold": false,
          "request_id": "cf924f76-90a5-4c18-92b5-792f64cebad5",
          "result": {
            "measurement": {
              "compute_time": 15.0,
              "graph_generating_time": 290.0
            }
          },
          "results_time": 0
        },
        "provider_times": {
          "execution": 9080,
          "initialization": 0
        },
        "request_id": "cf924f76-90a5-4c18-92b5-792f64cebad5",
        "stats": {
          "cold_start": false,
          "failure": false,
          "memory_used": 51.0
        },
        "times": {
          "benchmark": 331,
          "client": 374158,
          "client_begin": "2024-10-31 00:05:50.980380",
          "client_end": "2024-10-31 00:05:51.354538",
          "http_first_byte_return": 0.374115,
          "http_startup": 0.327959,
          "initialization": 0
        }
      },
      "cfa38d80-0928-4a6f-8ea9-5bc8657959ca": {
        "billing": {
          "_billed_time": 7,
          "_gb_seconds": 896,
          "_memory": 128
        },
        "output": {
          "begin": "1730333151.408159",
          "cold_start_var": "",
          "container_id": "6e39c289",
          "end": "1730333151.408456",
          "is_cold": false,
          "request_id": "cfa38d80-0928-4a6f-8ea9-5bc8657959ca",
          "result": {
            "measurement": {
              "compute_time": 12.0,
              "graph_generating_time": 260.0
            }
          },
          "results_time": 0
        },
        "provider_times": {
          "execution": 6590,
          "initialization": 0
        },
        "request_id": "cfa38d80-0928-4a6f-8ea9-5bc8657959ca",
        "stats": {
          "cold_start": false,
          "failure": false,
          "memory_used": 52.0
        },
        "times": {
          "benchmark": 297,
          "client": 328837,
          "client_begin": "2024-10-31 00:05:51.068848",
          "client_end": "2024-10-31 00:05:51.397685",
          "http_first_byte_return": 0.328804,
          "http_startup": 0.280886,
          "initialization": 0
        }
      },
      "e0f82af3-18ac-4595-b467-6a1bb893f538": {
        "billing": {
          "_billed_time": 2,
          "_gb_seconds": 256,
          "_memory": 128
        },
        "output": {
          "begin": "1730333151.382358",
          "cold_start_var": "",
          "container_id": "9ebf416d",
          "end": "1730333151.382663",
          "is_cold": false,
          "request_id": "e0f82af3-18ac-4595-b467-6a1bb893f538",
          "result": {
            "measurement": {
              "compute_time": 13.0,
              "graph_generating_time": 266.0
            }
          },
          "results_time": 0
        },
        "provider_times": {
          "execution": 2000,
          "initialization": 0
        },
        "request_id": "e0f82af3-18ac-4595-b467-6a1bb893f538",
        "stats": {
          "cold_start": false,
          "failure": false,
          "memory_used": 51.0
        },
        "times": {
          "benchmark": 305,
          "client": 308828,
          "client_begin": "2024-10-31 00:05:51.064030",
          "client_end": "2024-10-31 00:05:51.372858",
          "http_first_byte_return": 0.308727,
          "http_startup": 0.251012,
          "initialization": 0
        }
      },
      "e1321168-8b58-46d5-a53e-8a2a14c99650": {
        "billing": {
          "_billed_time": 2,
          "_gb_seconds": 256,
          "_memory": 128
        },
        "output": {
          "begin": "1730333151.398141",
          "cold_start_var": "",
          "container_id": "c71a78c1",
          "end": "1730333151.398447",
          "is_cold": false,
          "request_id": "e1321168-8b58-46d5-a53e-8a2a14c99650",
          "result": {
            "measurement": {
              "compute_time": 13.0,
              "graph_generating_time": 256.0
            }
          },
          "results_time": 0
        },
        "provider_times": {
          "execution": 1940,
          "initialization": 0
        },
        "request_id": "e1321168-8b58-46d5-a53e-8a2a14c99650",
        "stats": {
          "cold_start": false,
          "failure": false,
          "memory_used": 51.0
        },
        "times": {
          "benchmark": 306,
          "client": 358884,
          "client_begin": "2024-10-31 00:05:51.028882",
          "client_end": "2024-10-31 00:05:51.387766",
          "http_first_byte_return": 0.358847,
          "http_startup": 0.316381,
          "initialization": 0
        }
      },
      "e3e0da82-61be-4784-a7a2-208b504609a4": {
        "billing": {
          "_billed_time": 3,
          "_gb_seconds": 384,
          "_memory": 128
        },
        "output": {
          "begin": "1730333151.382193",
          "cold_start_var": "",
          "container_id": "93983ae8",
          "end": "1730333151.382491",
          "is_cold": false,
          "request_id": "e3e0da82-61be-4784-a7a2-208b504609a4",
          "result": {
            "measurement": {
              "compute_time": 18.0,
              "graph_generating_time": 255.0
            }
          },
          "results_time": 0
        },
        "provider_times": {
          "execution": 2320,
          "initialization": 0
        },
        "request_id": "e3e0da82-61be-4784-a7a2-208b504609a4",
        "stats": {
          "cold_start": false,
          "failure": false,
          "memory_used": 51.0
        },
        "times": {
          "benchmark": 298,
          "client": 316353,
          "client_begin": "2024-10-31 00:05:51.055115",
          "client_end": "2024-10-31 00:05:51.371468",
          "http_first_byte_return": 0.316314,
          "http_startup": 0.266599,
          "initialization": 0
        }
      },
      "e52d15be-ae34-45c9-86b0-f264fbfaf7dd": {
        "billing": {
          "_billed_time": 15,
          "_gb_seconds": 1920,
          "_memory": 128
        },
        "output": {
          "begin": "1730333151.417105",
          "cold_start_var": "",
          "container_id": "c71a78c1",
          "end": "1730333151.417415",
          "is_cold": false,
          "request_id": "e52d15be-ae34-45c9-86b0-f264fbfaf7dd",
          "result": {
            "measurement": {
              "compute_time": 13.0,
              "graph_generating_time": 270.0
            }
          },
          "results_time": 0
        },
        "provider_times": {
          "execution": 14180,
          "initialization": 0
        },
        "request_id": "e52d15be-ae34-45c9-86b0-f264fbfaf7dd",
        "stats": {
          "cold_start": false,
          "failure": false,
          "memory_used": 51.0
        },
        "times": {
          "benchmark": 310,
          "client": 386983,
          "client_begin": "2024-10-31 00:05:51.019960",
          "client_end": "2024-10-31 00:05:51.406943",
          "http_first_byte_return": 0.386942,
          "http_startup": 0.323671,
          "initialization": 0
        }
      },
      "e5b85e13-21a6-4b29-be5f-96f369b959f2": {
        "billing": {
          "_billed_time": 2,
          "_gb_seconds": 256,
          "_memory": 128
        },
        "output": {
          "begin": "1730333151.398484",
          "cold_start_var": "",
          "container_id": "38322744",
          "end": "1730333151.398766",
          "is_cold": false,
          "request_id": "e5b85e13-21a6-4b29-be5f-96f369b959f2",
          "result": {
            "measurement": {
              "compute_time": 12.0,
              "graph_generating_time": 245.0
            }
          },
          "results_time": 0
        },
        "provider_times": {
          "execution": 1860,
          "initialization": 0
        },
        "request_id": "e5b85e13-21a6-4b29-be5f-96f369b959f2",
        "stats": {
          "cold_start": false,
          "failure": false,
          "memory_used": 51.0
        },
        "times": {
          "benchmark": 282,
          "client": 328861,
          "client_begin": "2024-10-31 00:05:51.060051",
          "client_end": "2024-10-31 00:05:51.388912",
          "http_first_byte_return": 0.328812,
          "http_startup": 0.277435,
          "initialization": 0
        }
      },
      "e790bbd5-3ebf-4de2-a9f4-14f40d0acf3a": {
        "billing": {
          "_billed_time": 2,
          "_gb_seconds": 256,
          "_memory": 128
        },
        "output": {
          "begin": "1730333151.387969",
          "cold_start_var": "",
          "container_id": "38322744",
          "end": "1730333151.388255",
          "is_cold": false,
          "request_id": "e790bbd5-3ebf-4de2-a9f4-14f40d0acf3a",
          "result": {
            "measurement": {
              "compute_time": 13.0,
              "graph_generating_time": 248.0
            }
          },
          "results_time": 0
        },
        "provider_times": {
          "execution": 1890,
          "initialization": 0
        },
        "request_id": "e790bbd5-3ebf-4de2-a9f4-14f40d0acf3a",
        "stats": {
          "cold_start": false,
          "failure": false,
          "memory_used": 51.0
        },
        "times": {
          "benchmark": 286,
          "client": 311983,
          "client_begin": "2024-10-31 00:05:51.067139",
          "client_end": "2024-10-31 00:05:51.379122",
          "http_first_byte_return": 0.311942,
          "http_startup": 0.25725,
          "initialization": 0
        }
      },
      "eab124ce-65d7-48f2-a470-64d628d47952": {
        "billing": {
          "_billed_time": 18,
          "_gb_seconds": 2304,
          "_memory": 128
        },
        "output": {
          "begin": "1730333151.387232",
          "cold_start_var": "",
          "container_id": "b4093d54",
          "end": "1730333151.387526",
          "is_cold": false,
          "request_id": "eab124ce-65d7-48f2-a470-64d628d47952",
          "result": {
            "measurement": {
              "compute_time": 13.0,
              "graph_generating_time": 256.0
            }
          },
          "results_time": 0
        },
        "provider_times": {
          "execution": 17650,
          "initialization": 0
        },
        "request_id": "eab124ce-65d7-48f2-a470-64d628d47952",
        "stats": {
          "cold_start": false,
          "failure": false,
          "memory_used": 51.0
        },
        "times": {
          "benchmark": 294,
          "client": 310567,
          "client_begin": "2024-10-31 00:05:51.067254",
          "client_end": "2024-10-31 00:05:51.377821",
          "http_first_byte_return": 0.310527,
          "http_startup": 0.250126,
          "initialization": 0
        }
      },
      "ed244f2a-fb7c-469d-a86e-5916007207ed": {
        "billing": {
          "_billed_time": 2,
          "_gb_seconds": 256,
          "_memory": 128
        },
        "output": {
          "begin": "1730333151.383332",
          "cold_start_var": "",
          "container_id": "064018ec",
          "end": "1730333151.383615",
          "is_cold": false,
          "request_id": "ed244f2a-fb7c-469d-a86e-5916007207ed",
          "result": {
            "measurement": {
              "compute_time": 13.0,
              "graph_generating_time": 246.0
            }
          },
          "results_time": 0
        },
        "provider_times": {
          "execution": 1940,
          "initialization": 0
        },
        "request_id": "ed244f2a-fb7c-469d-a86e-5916007207ed",
        "stats": {
          "cold_start": false,
          "failure": false,
          "memory_used": 52.0
        },
        "times": {
          "benchmark": 283,
          "client": 367158,
          "client_begin": "2024-10-31 00:05:51.006342",
          "client_end": "2024-10-31 00:05:51.373500",
          "http_first_byte_return": 0.367122,
          "http_startup": 0.316164,
          "initialization": 0
        }
      },
      "eda6814f-33a4-4c8a-bf7a-a357d435ef79": {
        "billing": {
          "_billed_time": 2,
          "_gb_seconds": 256,
          "_memory": 128
        },
        "output": {
          "begin": "1730333151.286509",
          "cold_start_var": "",
          "container_id": "064018ec",
          "end": "1730333151.286859",
          "is_cold": false,
          "request_id": "eda6814f-33a4-4c8a-bf7a-a357d435ef79",
          "result": {
            "measurement": {
              "compute_time": 15.0,
              "graph_generating_time": 308.0
            }
          },
          "results_time": 0
        },
        "provider_times": {
          "execution": 1960,
          "initialization": 0
        },
        "request_id": "eda6814f-33a4-4c8a-bf7a-a357d435ef79",
        "stats": {
          "cold_start": false,
          "failure": false,
          "memory_used": 52.0
        },
        "times": {
          "benchmark": 350,
          "client": 322058,
          "client_begin": "2024-10-31 00:05:50.984298",
          "client_end": "2024-10-31 00:05:51.306356",
          "http_first_byte_return": 0.322017,
          "http_startup": 0.245386,
          "initialization": 0
        }
      },
      "f56c158c-3b0f-4139-9528-fdb8559baaff": {
        "billing": {
          "_billed_time": 2,
          "_gb_seconds": 256,
          "_memory": 128
        },
        "output": {
          "begin": "1730333151.415533",
          "cold_start_var": "",
          "container_id": "2dc4fa11",
          "end": "1730333151.415818",
          "is_cold": false,
          "request_id": "f56c158c-3b0f-4139-9528-fdb8559baaff",
          "result": {
            "measurement": {
              "compute_time": 12.0,
              "graph_generating_time": 248.0
            }
          },
          "results_time": 0
        },
        "provider_times": {
          "execution": 1980,
          "initialization": 0
        },
        "request_id": "f56c158c-3b0f-4139-9528-fdb8559baaff",
        "stats": {
          "cold_start": false,
          "failure": false,
          "memory_used": 52.0
        },
        "times": {
          "benchmark": 285,
          "client": 366316,
          "client_begin": "2024-10-31 00:05:51.040852",
          "client_end": "2024-10-31 00:05:51.407168",
          "http_first_byte_return": 0.366278,
          "http_startup": 0.314815,
          "initialization": 0
        }
      },
      "f9bf20b4-7094-4bd5-99df-785408973158": {
        "billing": {
          "_billed_time": 21,
          "_gb_seconds": 2688,
          "_memory": 128
        },
        "output": {
          "begin": "1730333151.399833",
          "cold_start_var": "",
          "container_id": "064018ec",
          "end": "1730333151.400120",
          "is_cold": false,
          "request_id": "f9bf20b4-7094-4bd5-99df-785408973158",
          "result": {
            "measurement": {
              "compute_time": 13.0,
              "graph_generating_time": 248.0
            }
          },
          "results_time": 0
        },
        "provider_times": {
          "execution": 20220,
          "initialization": 0
        },
        "request_id": "f9bf20b4-7094-4bd5-99df-785408973158",
        "stats": {
          "cold_start": false,
          "failure": false,
          "memory_used": 52.0
        },
        "times": {
          "benchmark": 287,
          "client": 318651,
          "client_begin": "2024-10-31 00:05:51.071993",
          "client_end": "2024-10-31 00:05:51.390644",
          "http_first_byte_return": 0.318616,
          "http_startup": 0.246455,
          "initialization": 0
        }
      },
      "fe553a84-97ec-476e-84f2-84d379e124ff": {
        "billing": {
          "_billed_time": 2,
          "_gb_seconds": 256,
          "_memory": 128
        },
        "output": {
          "begin": "1730333151.379488",
          "cold_start_var": "",
          "container_id": "782ed509",
          "end": "1730333151.379778",
          "is_cold": false,
          "request_id": "fe553a84-97ec-476e-84f2-84d379e124ff",
          "result": {
            "measurement": {
              "compute_time": 14.0,
              "graph_generating_time": 252.0
            }
          },
          "results_time": 0
        },
        "provider_times": {
          "execution": 1950,
          "initialization": 0
        },
        "request_id": "fe553a84-97ec-476e-84f2-84d379e124ff",
        "stats": {
          "cold_start": false,
          "failure": false,
          "memory_used": 51.0
        },
        "times": {
          "benchmark": 290,
          "client": 373491,
          "client_begin": "2024-10-31 00:05:50.995858",
          "client_end": "2024-10-31 00:05:51.369349",
          "http_first_byte_return": 0.373458,
          "http_startup": 0.325869,
          "initialization": 0
        }
      },
      "fe5f7037-1c98-457b-8956-76ff2001c153": {
        "billing": {
          "_billed_time": 3,
          "_gb_seconds": 384,
          "_memory": 128
        },
        "output": {
          "begin": "1730333151.393894",
          "cold_start_var": "",
          "container_id": "782ed509",
          "end": "1730333151.394192",
          "is_cold": false,
          "request_id": "fe5f7037-1c98-457b-8956-76ff2001c153",
          "result": {
            "measurement": {
              "compute_time": 12.0,
              "graph_generating_time": 260.0
            }
          },
          "results_time": 0
        },
        "provider_times": {
          "execution": 2020,
          "initialization": 0
        },
        "request_id": "fe5f7037-1c98-457b-8956-76ff2001c153",
        "stats": {
          "cold_start": false,
          "failure": false,
          "memory_used": 51.0
        },
        "times": {
          "benchmark": 298,
          "client": 403628,
          "client_begin": "2024-10-31 00:05:50.981518",
          "client_end": "2024-10-31 00:05:51.385146",
          "http_first_byte_return": 0.40359,
          "http_startup": 0.338148,
          "initialization": 0
        }
      }
    }
  },
  "_metrics": {
    "502_graph_mst_python_3_8": {}
  },
  "begin_time": 1730333135.508723,
  "config": {
    "deployment": {
      "credentials": {
        "account_id": "314211295665"
      },
      "name": "aws",
      "region": "us-east-1",
      "resources": {
        "http-apis": {
          "120_uploader_python_3_8-http-api": {
            "arn": "arn:aws:execute-api:us-east-1:314211295665:orle8njuxg",
            "endpoint": "https://orle8njuxg.execute-api.us-east-1.amazonaws.com"
          },
          "210_thumbnailer_python_3_8-http-api": {
            "arn": "arn:aws:execute-api:us-east-1:314211295665:1owsl69vx2",
            "endpoint": "https://1owsl69vx2.execute-api.us-east-1.amazonaws.com"
          },
          "220_video_processing_python_3_8-http-api": {
            "arn": "arn:aws:execute-api:us-east-1:314211295665:r0135su3ef",
            "endpoint": "https://r0135su3ef.execute-api.us-east-1.amazonaws.com"
          },
          "311_compression_python_3_8-http-api": {
            "arn": "arn:aws:execute-api:us-east-1:314211295665:xtmhwxb7j4",
            "endpoint": "https://xtmhwxb7j4.execute-api.us-east-1.amazonaws.com"
          },
          "501_graph_pagerank_python_3_8-http-api": {
            "arn": "arn:aws:execute-api:us-east-1:314211295665:0i4buwihqd",
            "endpoint": "https://0i4buwihqd.execute-api.us-east-1.amazonaws.com"
          },
          "502_graph_mst_python_3_8-http-api": {
            "arn": "arn:aws:execute-api:us-east-1:314211295665:u5fm1u42s1",
            "endpoint": "https://u5fm1u42s1.execute-api.us-east-1.amazonaws.com"
          }
        },
        "lambda-role": "arn:aws:iam::314211295665:role/sebs-lambda-role"
      }
    },
    "experiments": {
      "architecture": "x86_64",
      "download_results": true,
      "experiments": {},
      "flags": {},
      "runtime": {
        "language": "python",
        "version": "3.8"
      },
      "update_code": false,
      "update_storage": false
    }
  },
  "end_time": 1730333156.424739,
  "result_bucket": null,
  "statistics": {
    "cold_count": 0,
    "failures": [],
    "failures_count": 0,
    "incorrect": [],
    "incorrect_count": 0,
    "samples_generated": 50
  }
}