{
  "_invocations": {
    "110_dynamic_html_python_3_8": {
      "03426125-66a6-4135-9d78-c3a0a10c198b": {
        "billing": {
          "_billed_time": 1011,
          "_gb_seconds": 129408,
          "_memory": 128
        },
        "output": {
          "begin": "1730496906.093329",
          "cold_start_var": "",
          "container_id": "6d724146",
          "end": "1730496907.026328",
          "is_cold": true,
          "request_id": "03426125-66a6-4135-9d78-c3a0a10c198b",
          "result": {},
          "results_time": 0
        },
        "provider_times": {
          "execution": 1010320,
          "initialization": 138160
        },
        "request_id": "03426125-66a6-4135-9d78-c3a0a10c198b",
        "stats": {
          "cold_start": true,
          "failure": false,
          "memory_used": 46.0
        },
        "times": {
          "benchmark": 932999,
          "client": 2403570,
          "client_begin": "2024-11-01 21:35:05.393286",
          "client_end": "2024-11-01 21:35:07.796856",
          "http_first_byte_return": 2.403509,
          "http_startup": 0.372529,
          "initialization": 0
        }
      },
      "03973a98-2b21-4a02-bcef-bf4be62c857a": {
        "billing": {
          "_billed_time": 958,
          "_gb_seconds": 122624,
          "_memory": 128
        },
        "output": {
          "begin": "1730496906.061133",
          "cold_start_var": "",
          "container_id": "68173d8f",
          "end": "1730496906.941810",
          "is_cold": true,
          "request_id": "03973a98-2b21-4a02-bcef-bf4be62c857a",
          "result": {},
          "results_time": 0
        },
        "provider_times": {
          "execution": 957840,
          "initialization": 130389
        },
        "request_id": "03973a98-2b21-4a02-bcef-bf4be62c857a",
        "stats": {
          "cold_start": true,
          "failure": false,
          "memory_used": 46.0
        },
        "times": {
          "benchmark": 880677,
          "client": 2357386,
          "client_begin": "2024-11-01 21:35:05.424713",
          "client_end": "2024-11-01 21:35:07.782099",
          "http_first_byte_return": 2.357317,
          "http_startup": 0.325665,
          "initialization": 0
        }
      },
      "06f24a5a-241b-4dcf-9a15-4c8b3f478784": {
        "billing": {
          "_billed_time": 1028,
          "_gb_seconds": 131584,
          "_memory": 128
        },
        "output": {
          "begin": "1730496906.109573",
          "cold_start_var": "",
          "container_id": "ec9fc722",
          "end": "1730496907.059686",
          "is_cold": true,
          "request_id": "06f24a5a-241b-4dcf-9a15-4c8b3f478784",
          "result": {},
          "results_time": 0
        },
        "provider_times": {
          "execution": 1027829,
          "initialization": 136030
        },
        "request_id": "06f24a5a-241b-4dcf-9a15-4c8b3f478784",
        "stats": {
          "cold_start": true,
          "failure": false,
          "memory_used": 46.0
        },
        "times": {
          "benchmark": 950113,
          "client": 2413039,
          "client_begin": "2024-11-01 21:35:05.441076",
          "client_end": "2024-11-01 21:35:07.854115",
          "http_first_byte_return": 2.412968,
          "http_startup": 0.328717,
          "initialization": 0
        }
      },
      "08a8c985-9018-45bd-92d7-51ff7e6a8dc7": {
        "billing": {
          "_billed_time": 1052,
          "_gb_seconds": 134656,
          "_memory": 128
        },
        "output": {
          "begin": "1730496906.059867",
          "cold_start_var": "",
          "container_id": "9ab7564d",
          "end": "1730496907.033103",
          "is_cold": true,
          "request_id": "08a8c985-9018-45bd-92d7-51ff7e6a8dc7",
          "result": {},
          "results_time": 0
        },
        "provider_times": {
          "execution": 1051170,
          "initialization": 137030
        },
        "request_id": "08a8c985-9018-45bd-92d7-51ff7e6a8dc7",
        "stats": {
          "cold_start": true,
          "failure": false,
          "memory_used": 46.0
        },
        "times": {
          "benchmark": 973236,
          "client": 2397623,
          "client_begin": "2024-11-01 21:35:05.392495",
          "client_end": "2024-11-01 21:35:07.790118",
          "http_first_byte_return": 2.397583,
          "http_startup": 0.366177,
          "initialization": 0
        }
      },
      "09fd3035-e6b9-4252-9aa1-66b690a2f566": {
        "billing": {
          "_billed_time": 1040,
          "_gb_seconds": 133120,
          "_memory": 128
        },
        "output": {
          "begin": "1730496906.032186",
          "cold_start_var": "",
          "container_id": "f699ad51",
          "end": "1730496906.994349",
          "is_cold": true,
          "request_id": "09fd3035-e6b9-4252-9aa1-66b690a2f566",
          "result": {},
          "results_time": 0
        },
        "provider_times": {
          "execution": 1039480,
          "initialization": 138060
        },
        "request_id": "09fd3035-e6b9-4252-9aa1-66b690a2f566",
        "stats": {
          "cold_start": true,
          "failure": false,
          "memory_used": 46.0
        },
        "times": {
          "benchmark": 962163,
          "client": 2357252,
          "client_begin": "2024-11-01 21:35:05.387894",
          "client_end": "2024-11-01 21:35:07.745146",
          "http_first_byte_return": 2.357212,
          "http_startup": 0.32597,
          "initialization": 0
        }
      },
      "0f661b6a-e84e-4547-90e3-5b97e6f32640": {
        "billing": {
          "_billed_time": 987,
          "_gb_seconds": 126336,
          "_memory": 128
        },
        "output": {
          "begin": "1730496906.017240",
          "cold_start_var": "",
          "container_id": "844dc371",
          "end": "1730496906.926090",
          "is_cold": true,
          "request_id": "0f661b6a-e84e-4547-90e3-5b97e6f32640",
          "result": {},
          "results_time": 0
        },
        "provider_times": {
          "execution": 986220,
          "initialization": 137680
        },
        "request_id": "0f661b6a-e84e-4547-90e3-5b97e6f32640",
        "stats": {
          "cold_start": true,
          "failure": false,
          "memory_used": 47.0
        },
        "times": {
          "benchmark": 908850,
          "client": 2358632,
          "client_begin": "2024-11-01 21:35:05.381079",
          "client_end": "2024-11-01 21:35:07.739711",
          "http_first_byte_return": 2.358564,
          "http_startup": 0.330676,
          "initialization": 0
        }
      },
      "117b0c61-7793-4e28-809b-976d16443af9": {
        "billing": {
          "_billed_time": 973,
          "_gb_seconds": 124544,
          "_memory": 128
        },
        "output": {
          "begin": "1730496906.072946",
          "cold_start_var": "",
          "container_id": "b61c311d",
          "end": "1730496906.985691",
          "is_cold": true,
          "request_id": "117b0c61-7793-4e28-809b-976d16443af9",
          "result": {},
          "results_time": 0
        },
        "provider_times": {
          "execution": 972060,
          "initialization": 147260
        },
        "request_id": "117b0c61-7793-4e28-809b-976d16443af9",
        "stats": {
          "cold_start": true,
          "failure": false,
          "memory_used": 47.0
        },
        "times": {
          "benchmark": 912745,
          "client": 2352598,
          "client_begin": "2024-11-01 21:35:05.420984",
          "client_end": "2024-11-01 21:35:07.773582",
          "http_first_byte_return": 2.329202,
          "http_startup": 0.299147,
          "initialization": 0
        }
      },
      "11c782a1-43c0-45fb-ac31-d2457cccc68f": {
        "billing": {
          "_billed_time": 997,
          "_gb_seconds": 127616,
          "_memory": 128
        },
        "output": {
          "begin": "1730496906.058646",
          "cold_start_var": "",
          "container_id": "09c3c296",
          "end": "1730496906.977813",
          "is_cold": true,
          "request_id": "11c782a1-43c0-45fb-ac31-d2457cccc68f",
          "result": {},
          "results_time": 0
        },
        "provider_times": {
          "execution": 996700,
          "initialization": 137940
        },
        "request_id": "11c782a1-43c0-45fb-ac31-d2457cccc68f",
        "stats": {
          "cold_start": true,
          "failure": false,
          "memory_used": 46.0
        },
        "times": {
          "benchmark": 919167,
          "client": 2383315,
          "client_begin": "2024-11-01 21:35:05.407680",
          "client_end": "2024-11-01 21:35:07.790995",
          "http_first_byte_return": 2.383269,
          "http_startup": 0.351671,
          "initialization": 0
        }
      },
      "18491d54-c821-412d-b8f8-3540a3e2aafc": {
        "billing": {
          "_billed_time": 1010,
          "_gb_seconds": 129280,
          "_memory": 128
        },
        "output": {
          "begin": "1730496906.048032",
          "cold_start_var": "",
          "container_id": "d135776a",
          "end": "1730496906.998439",
          "is_cold": true,
          "request_id": "18491d54-c821-412d-b8f8-3540a3e2aafc",
          "result": {},
          "results_time": 0
        },
        "provider_times": {
          "execution": 1009680,
          "initialization": 136990
        },
        "request_id": "18491d54-c821-412d-b8f8-3540a3e2aafc",
        "stats": {
          "cold_start": true,
          "failure": false,
          "memory_used": 47.0
        },
        "times": {
          "benchmark": 950407,
          "client": 2311229,
          "client_begin": "2024-11-01 21:35:05.449094",
          "client_end": "2024-11-01 21:35:07.760323",
          "http_first_byte_return": 2.311187,
          "http_startup": 0.265656,
          "initialization": 0
        }
      },
      "184a2545-bd8c-459e-9b29-8308144ed370": {
        "billing": {
          "_billed_time": 1039,
          "_gb_seconds": 132992,
          "_memory": 128
        },
        "output": {
          "begin": "1730496906.084314",
          "cold_start_var": "",
          "container_id": "72e43121",
          "end": "1730496907.025779",
          "is_cold": true,
          "request_id": "184a2545-bd8c-459e-9b29-8308144ed370",
          "result": {},
          "results_time": 0
        },
        "provider_times": {
          "execution": 1038349,
          "initialization": 140220
        },
        "request_id": "184a2545-bd8c-459e-9b29-8308144ed370",
        "stats": {
          "cold_start": true,
          "failure": false,
          "memory_used": 47.0
        },
        "times": {
          "benchmark": 941465,
          "client": 2415978,
          "client_begin": "2024-11-01 21:35:05.444262",
          "client_end": "2024-11-01 21:35:07.860240",
          "http_first_byte_return": 2.415914,
          "http_startup": 0.31364,
          "initialization": 0
        }
      },
      "1f3309a9-5903-4483-b65a-f5ed67d5a22f": {
        "billing": {
          "_billed_time": 1038,
          "_gb_seconds": 132864,
          "_memory": 128
        },
        "output": {
          "begin": "1730496906.053632",
          "cold_start_var": "",
          "container_id": "6ab72d43",
          "end": "1730496907.014881",
          "is_cold": true,
          "request_id": "1f3309a9-5903-4483-b65a-f5ed67d5a22f",
          "result": {},
          "results_time": 0
        },
        "provider_times": {
          "execution": 1037960,
          "initialization": 132740
        },
        "request_id": "1f3309a9-5903-4483-b65a-f5ed67d5a22f",
        "stats": {
          "cold_start": true,
          "failure": false,
          "memory_used": 47.0
        },
        "times": {
          "benchmark": 961249,
          "client": 2362620,
          "client_begin": "2024-11-01 21:35:05.401820",
          "client_end": "2024-11-01 21:35:07.764440",
          "http_first_byte_return": 2.362538,
          "http_startup": 0.333206,
          "initialization": 0
        }
      },
      "2d57c683-90d5-4a88-99c5-ded2a5f59ca3": {
        "billing": {
          "_billed_time": 1014,
          "_gb_seconds": 129792,
          "_memory": 128
        },
        "output": {
          "begin": "1730496905.996878",
          "cold_start_var": "",
          "container_id": "4a6767fd",
          "end": "1730496906.932776",
          "is_cold": true,
          "request_id": "2d57c683-90d5-4a88-99c5-ded2a5f59ca3",
          "result": {},
          "results_time": 0
        },
        "provider_times": {
          "execution": 1013260,
          "initialization": 134680
        },
        "request_id": "2d57c683-90d5-4a88-99c5-ded2a5f59ca3",
        "stats": {
          "cold_start": true,
          "failure": false,
          "memory_used": 46.0
        },
        "times": {
          "benchmark": 935898,
          "client": 2346038,
          "client_begin": "2024-11-01 21:35:05.374660",
          "client_end": "2024-11-01 21:35:07.720698",
          "http_first_byte_return": 2.345977,
          "http_startup": 0.316519,
          "initialization": 0
        }
      },
      "2fdaa333-1abb-4107-98e1-67aeeb2f4f48": {
        "billing": {
          "_billed_time": 968,
          "_gb_seconds": 123904,
          "_memory": 128
        },
        "output": {
          "begin": "1730496906.108207",
          "cold_start_var": "",
          "container_id": "36ac1e0c",
          "end": "1730496907.016480",
          "is_cold": true,
          "request_id": "2fdaa333-1abb-4107-98e1-67aeeb2f4f48",
          "result": {},
          "results_time": 0
        },
        "provider_times": {
          "execution": 967750,
          "initialization": 136880
        },
        "request_id": "2fdaa333-1abb-4107-98e1-67aeeb2f4f48",
        "stats": {
          "cold_start": true,
          "failure": false,
          "memory_used": 46.0
        },
        "times": {
          "benchmark": 908273,
          "client": 2334998,
          "client_begin": "2024-11-01 21:35:05.450250",
          "client_end": "2024-11-01 21:35:07.785248",
          "http_first_byte_return": 2.331111,
          "http_startup": 0.302539,
          "initialization": 0
        }
      },
      "313e14a6-520d-4736-8b52-15f7d753694f": {
        "billing": {
          "_billed_time": 968,
          "_gb_seconds": 123904,
          "_memory": 128
        },
        "output": {
          "begin": "1730496906.021787",
          "cold_start_var": "",
          "container_id": "47952b30",
          "end": "1730496906.930992",
          "is_cold": true,
          "request_id": "313e14a6-520d-4736-8b52-15f7d753694f",
          "result": {},
          "results_time": 0
        },
        "provider_times": {
          "execution": 967850,
          "initialization": 138120
        },
        "request_id": "313e14a6-520d-4736-8b52-15f7d753694f",
        "stats": {
          "cold_start": true,
          "failure": false,
          "memory_used": 46.0
        },
        "times": {
          "benchmark": 909205,
          "client": 2306544,
          "client_begin": "2024-11-01 21:35:05.447601",
          "client_end": "2024-11-01 21:35:07.754145",
          "http_first_byte_return": 2.3065,
          "http_startup": 0.266324,
          "initialization": 0
        }
      },
      "34740c17-d92a-4c20-9652-e3813a0a9534": {
        "billing": {
          "_billed_time": 1010,
          "_gb_seconds": 129280,
          "_memory": 128
        },
        "output": {
          "begin": "1730496906.001471",
          "cold_start_var": "",
          "container_id": "8f3c1777",
          "end": "1730496906.952188",
          "is_cold": true,
          "request_id": "34740c17-d92a-4c20-9652-e3813a0a9534",
          "result": {},
          "results_time": 0
        },
        "provider_times": {
          "execution": 1009610,
          "initialization": 140790
        },
        "request_id": "34740c17-d92a-4c20-9652-e3813a0a9534",
        "stats": {
          "cold_start": true,
          "failure": false,
          "memory_used": 46.0
        },
        "times": {
          "benchmark": 950717,
          "client": 2322086,
          "client_begin": "2024-11-01 21:35:05.372506",
          "client_end": "2024-11-01 21:35:07.694592",
          "http_first_byte_return": 2.321539,
          "http_startup": 0.290291,
          "initialization": 0
        }
      },
      "3aa162c2-4898-463f-aad3-8af20a639e24": {
        "billing": {
          "_billed_time": 1019,
          "_gb_seconds": 130432,
          "_memory": 128
        },
        "output": {
          "begin": "1730496906.059364",
          "cold_start_var": "",
          "container_id": "5f935aed",
          "end": "1730496907.000708",
          "is_cold": true,
          "request_id": "3aa162c2-4898-463f-aad3-8af20a639e24",
          "result": {},
          "results_time": 0
        },
        "provider_times": {
          "execution": 1018570,
          "initialization": 140740
        },
        "request_id": "3aa162c2-4898-463f-aad3-8af20a639e24",
        "stats": {
          "cold_start": true,
          "failure": false,
          "memory_used": 46.0
        },
        "times": {
          "benchmark": 941344,
          "client": 2389488,
          "client_begin": "2024-11-01 21:35:05.397699",
          "client_end": "2024-11-01 21:35:07.787187",
          "http_first_byte_return": 2.389453,
          "http_startup": 0.357359,
          "initialization": 0
        }
      },
      "3f88d659-26a7-4870-89c9-afb6d708e2dc": {
        "billing": {
          "_billed_time": 1030,
          "_gb_seconds": 131840,
          "_memory": 128
        },
        "output": {
          "begin": "1730496906.020841",
          "cold_start_var": "",
          "container_id": "3d7c1324",
          "end": "1730496906.973604",
          "is_cold": true,
          "request_id": "3f88d659-26a7-4870-89c9-afb6d708e2dc",
          "result": {},
          "results_time": 0
        },
        "provider_times": {
          "execution": 1029640,
          "initialization": 135460
        },
        "request_id": "3f88d659-26a7-4870-89c9-afb6d708e2dc",
        "stats": {
          "cold_start": true,
          "failure": false,
          "memory_used": 47.0
        },
        "times": {
          "benchmark": 952763,
          "client": 2339883,
          "client_begin": "2024-11-01 21:35:05.409655",
          "client_end": "2024-11-01 21:35:07.749538",
          "http_first_byte_return": 2.339842,
          "http_startup": 0.309425,
          "initialization": 0
        }
      },
      "4476eac3-3411-41f8-9ce9-f56d4aa71f18": {
        "billing": {
          "_billed_time": 951,
          "_gb_seconds": 121728,
          "_memory": 128
        },
        "output": {
          "begin": "1730496906.055633",
          "cold_start_var": "",
          "container_id": "2bdd7f47",
          "end": "1730496906.928557",
          "is_cold": true,
          "request_id": "4476eac3-3411-41f8-9ce9-f56d4aa71f18",
          "result": {},
          "results_time": 0
        },
        "provider_times": {
          "execution": 950330,
          "initialization": 130180
        },
        "request_id": "4476eac3-3411-41f8-9ce9-f56d4aa71f18",
        "stats": {
          "cold_start": true,
          "failure": false,
          "memory_used": 47.0
        },
        "times": {
          "benchmark": 872924,
          "client": 2403000,
          "client_begin": "2024-11-01 21:35:05.383157",
          "client_end": "2024-11-01 21:35:07.786157",
          "http_first_byte_return": 2.402961,
          "http_startup": 0.371261,
          "initialization": 0
        }
      },
      "4642c4cf-5aad-4a4a-9bb8-b7a3c782a7ee": {
        "billing": {
          "_billed_time": 990,
          "_gb_seconds": 126720,
          "_memory": 128
        },
        "output": {
          "begin": "1730496906.064167",
          "cold_start_var": "",
          "container_id": "815d85db",
          "end": "1730496906.977899",
          "is_cold": true,
          "request_id": "4642c4cf-5aad-4a4a-9bb8-b7a3c782a7ee",
          "result": {},
          "results_time": 0
        },
        "provider_times": {
          "execution": 989700,
          "initialization": 149550
        },
        "request_id": "4642c4cf-5aad-4a4a-9bb8-b7a3c782a7ee",
        "stats": {
          "cold_start": true,
          "failure": false,
          "memory_used": 46.0
        },
        "times": {
          "benchmark": 913732,
          "client": 2335757,
          "client_begin": "2024-11-01 21:35:05.417775",
          "client_end": "2024-11-01 21:35:07.753532",
          "http_first_byte_return": 2.335712,
          "http_startup": 0.306388,
          "initialization": 0
        }
      },
      "50fd51a0-f20e-4e95-8c67-ec04ca8eaba4": {
        "billing": {
          "_billed_time": 1031,
          "_gb_seconds": 131968,
          "_memory": 128
        },
        "output": {
          "begin": "1730496906.010375",
          "cold_start_var": "",
          "container_id": "c2ce5062",
          "end": "1730496906.963431",
          "is_cold": true,
          "request_id": "50fd51a0-f20e-4e95-8c67-ec04ca8eaba4",
          "result": {},
          "results_time": 0
        },
        "provider_times": {
          "execution": 1030440,
          "initialization": 140180
        },
        "request_id": "50fd51a0-f20e-4e95-8c67-ec04ca8eaba4",
        "stats": {
          "cold_start": true,
          "failure": false,
          "memory_used": 47.0
        },
        "times": {
          "benchmark": 953056,
          "client": 2341862,
          "client_begin": "2024-11-01 21:35:05.404995",
          "client_end": "2024-11-01 21:35:07.746857",
          "http_first_byte_return": 2.341783,
          "http_startup": 0.312954,
          "initialization": 0
        }
      },
      "52a003df-a1c3-4747-925e-b7fc4701433a": {
        "billing": {
          "_billed_time": 1089,
          "_gb_seconds": 139392,
          "_memory": 128
        },
        "output": {
          "begin": "1730496906.091905",
          "cold_start_var": "",
          "container_id": "44dbc610",
          "end": "1730496907.122016",
          "is_cold": true,
          "request_id": "52a003df-a1c3-4747-925e-b7fc4701433a",
          "result": {},
          "results_time": 0
        },
        "provider_times": {
          "execution": 1088610,
          "initialization": 150230
        },
        "request_id": "52a003df-a1c3-4747-925e-b7fc4701433a",
        "stats": {
          "cold_start": true,
          "failure": false,
          "memory_used": 46.0
        },
        "times": {
          "benchmark": 1030111,
          "client": 2330142,
          "client_begin": "2024-11-01 21:35:05.454023",
          "client_end": "2024-11-01 21:35:07.784165",
          "http_first_byte_return": 2.330077,
          "http_startup": 0.301735,
          "initialization": 0
        }
      },
      "53a3cdbc-3136-4051-b91a-5cd307f6869c": {
        "billing": {
          "_billed_time": 1013,
          "_gb_seconds": 129664,
          "_memory": 128
        },
        "output": {
          "begin": "1730496906.092489",
          "cold_start_var": "",
          "container_id": "c5f487d0",
          "end": "1730496907.046898",
          "is_cold": true,
          "request_id": "53a3cdbc-3136-4051-b91a-5cd307f6869c",
          "result": {},
          "results_time": 0
        },
        "provider_times": {
          "execution": 1012990,
          "initialization": 144300
        },
        "request_id": "53a3cdbc-3136-4051-b91a-5cd307f6869c",
        "stats": {
          "cold_start": true,
          "failure": false,
          "memory_used": 46.0
        },
        "times": {
          "benchmark": 954409,
          "client": 2359179,
          "client_begin": "2024-11-01 21:35:05.454719",
          "client_end": "2024-11-01 21:35:07.813898",
          "http_first_byte_return": 2.356488,
          "http_startup": 0.302006,
          "initialization": 0
        }
      },
      "591fc80b-32b0-475d-be48-3a5590065cc8": {
        "billing": {
          "_billed_time": 1036,
          "_gb_seconds": 132608,
          "_memory": 128
        },
        "output": {
          "begin": "1730496905.984495",
          "cold_start_var": "",
          "container_id": "61a3bf06",
          "end": "1730496906.923537",
          "is_cold": true,
          "request_id": "591fc80b-32b0-475d-be48-3a5590065cc8",
          "result": {},
          "results_time": 0
        },
        "provider_times": {
          "execution": 1035780,
          "initialization": 140670
        },
        "request_id": "591fc80b-32b0-475d-be48-3a5590065cc8",
        "stats": {
          "cold_start": true,
          "failure": false,
          "memory_used": 47.0
        },
        "times": {
          "benchmark": 939042,
          "client": 2259596,
          "client_begin": "2024-11-01 21:35:05.421037",
          "client_end": "2024-11-01 21:35:07.680633",
          "http_first_byte_return": 2.259453,
          "http_startup": 0.225306,
          "initialization": 0
        }
      },
      "5c57427f-3882-4f4d-80fd-1055932dc070": {
        "billing": {
          "_billed_time": 977,
          "_gb_seconds": 125056,
          "_memory": 128
        },
        "output": {
          "begin": "1730496905.858899",
          "cold_start_var": "",
          "container_id": "f3fadff3",
          "end": "1730496906.758264",
          "is_cold": true,
          "request_id": "5c57427f-3882-4f4d-80fd-1055932dc070",
          "result": {},
          "results_time": 0
        },
        "provider_times": {
          "execution": 976720,
          "initialization": 135780
        },
        "request_id": "5c57427f-3882-4f4d-80fd-1055932dc070",
        "stats": {
          "cold_start": true,
          "failure": false,
          "memory_used": 46.0
        },
        "times": {
          "benchmark": 899365,
          "client": 2214436,
          "client_begin": "2024-11-01 21:35:05.369315",
          "client_end": "2024-11-01 21:35:07.583751",
          "http_first_byte_return": 2.214382,
          "http_startup": 0.145005,
          "initialization": 0
        }
      },
      "5f5c594d-ea26-4ebe-869a-3dd434d7a1a9": {
        "billing": {
          "_billed_time": 997,
          "_gb_seconds": 127616,
          "_memory": 128
        },
        "output": {
          "begin": "1730496905.998064",
          "cold_start_var": "",
          "container_id": "5d335d98",
          "end": "1730496906.916637",
          "is_cold": true,
          "request_id": "5f5c594d-ea26-4ebe-869a-3dd434d7a1a9",
          "result": {},
          "results_time": 0
        },
        "provider_times": {
          "execution": 996370,
          "initialization": 134390
        },
        "request_id": "5f5c594d-ea26-4ebe-869a-3dd434d7a1a9",
        "stats": {
          "cold_start": true,
          "failure": false,
          "memory_used": 47.0
        },
        "times": {
          "benchmark": 918573,
          "client": 2327794,
          "client_begin": "2024-11-01 21:35:05.387705",
          "client_end": "2024-11-01 21:35:07.715499",
          "http_first_byte_return": 2.327683,
          "http_startup": 0.299727,
          "initialization": 0
        }
      },
      "69130ac9-8132-4cd0-9a2a-2009610e818e": {
        "billing": {
          "_billed_time": 1004,
          "_gb_seconds": 128512,
          "_memory": 128
        },
        "output": {
          "begin": "1730496906.098734",
          "cold_start_var": "",
          "container_id": "61980beb",
          "end": "1730496907.043715",
          "is_cold": true,
          "request_id": "69130ac9-8132-4cd0-9a2a-2009610e818e",
          "result": {},
          "results_time": 0
        },
        "provider_times": {
          "execution": 1003880,
          "initialization": 140920
        },
        "request_id": "69130ac9-8132-4cd0-9a2a-2009610e818e",
        "stats": {
          "cold_start": true,
          "failure": false,
          "memory_used": 46.0
        },
        "times": {
          "benchmark": 944981,
          "client": 2369456,
          "client_begin": "2024-11-01 21:35:05.444317",
          "client_end": "2024-11-01 21:35:07.813773",
          "http_first_byte_return": 2.369405,
          "http_startup": 0.317906,
          "initialization": 0
        }
      },
      "6bbcf899-d003-4f5e-9b57-d33a67ff0fff": {
        "billing": {
          "_billed_time": 1009,
          "_gb_seconds": 129152,
          "_memory": 128
        },
        "output": {
          "begin": "1730496906.088626",
          "cold_start_var": "",
          "container_id": "3f521931",
          "end": "1730496907.038294",
          "is_cold": true,
          "request_id": "6bbcf899-d003-4f5e-9b57-d33a67ff0fff",
          "result": {},
          "results_time": 0
        },
        "provider_times": {
          "execution": 1008900,
          "initialization": 144480
        },
        "request_id": "6bbcf899-d003-4f5e-9b57-d33a67ff0fff",
        "stats": {
          "cold_start": true,
          "failure": false,
          "memory_used": 46.0
        },
        "times": {
          "benchmark": 949668,
          "client": 2360672,
          "client_begin": "2024-11-01 21:35:05.454861",
          "client_end": "2024-11-01 21:35:07.815533",
          "http_first_byte_return": 2.360635,
          "http_startup": 0.298963,
          "initialization": 0
        }
      },
      "795a25ed-a7c0-4a2b-9516-9b0624c3f095": {
        "billing": {
          "_billed_time": 1039,
          "_gb_seconds": 132992,
          "_memory": 128
        },
        "output": {
          "begin": "1730496906.062123",
          "cold_start_var": "",
          "container_id": "5bd57cd3",
          "end": "1730496907.021885",
          "is_cold": true,
          "request_id": "795a25ed-a7c0-4a2b-9516-9b0624c3f095",
          "result": {},
          "results_time": 0
        },
        "provider_times": {
          "execution": 1038450,
          "initialization": 146670
        },
        "request_id": "795a25ed-a7c0-4a2b-9516-9b0624c3f095",
        "stats": {
          "cold_start": true,
          "failure": false,
          "memory_used": 46.0
        },
        "times": {
          "benchmark": 959762,
          "client": 2362542,
          "client_begin": "2024-11-01 21:35:05.392355",
          "client_end": "2024-11-01 21:35:07.754897",
          "http_first_byte_return": 2.362496,
          "http_startup": 0.333901,
          "initialization": 0
        }
      },
      "79ddc3d5-efd0-469d-9532-b1ca595a8df4": {
        "billing": {
          "_billed_time": 960,
          "_gb_seconds": 122880,
          "_memory": 128
        },
        "output": {
          "begin": "1730496905.994189",
          "cold_start_var": "",
          "container_id": "1489c5aa",
          "end": "1730496906.877831",
          "is_cold": true,
          "request_id": "79ddc3d5-efd0-469d-9532-b1ca595a8df4",
          "result": {},
          "results_time": 0
        },
        "provider_times": {
          "execution": 959910,
          "initialization": 130880
        },
        "request_id": "79ddc3d5-efd0-469d-9532-b1ca595a8df4",
        "stats": {
          "cold_start": true,
          "failure": false,
          "memory_used": 47.0
        },
        "times": {
          "benchmark": 883642,
          "client": 2359993,
          "client_begin": "2024-11-01 21:35:05.379852",
          "client_end": "2024-11-01 21:35:07.739845",
          "http_first_byte_return": 2.359856,
          "http_startup": 0.329062,
          "initialization": 0
        }
      },
      "7ba13c99-9014-4bd2-9fbc-d393ce7734ff": {
        "billing": {
          "_billed_time": 1019,
          "_gb_seconds": 130432,
          "_memory": 128
        },
        "output": {
          "begin": "1730496906.091260",
          "cold_start_var": "",
          "container_id": "6e305157",
          "end": "1730496907.032611",
          "is_cold": true,
          "request_id": "7ba13c99-9014-4bd2-9fbc-d393ce7734ff",
          "result": {},
          "results_time": 0
        },
        "provider_times": {
          "execution": 1018870,
          "initialization": 138200
        },
        "request_id": "7ba13c99-9014-4bd2-9fbc-d393ce7734ff",
        "stats": {
          "cold_start": true,
          "failure": false,
          "memory_used": 46.0
        },
        "times": {
          "benchmark": 941351,
          "client": 2420740,
          "client_begin": "2024-11-01 21:35:05.441309",
          "client_end": "2024-11-01 21:35:07.862049",
          "http_first_byte_return": 2.420688,
          "http_startup": 0.314454,
          "initialization": 0
        }
      },
      "8342d0fc-8e3f-4df1-a975-2d79d58ddff7": {
        "billing": {
          "_billed_time": 996,
          "_gb_seconds": 127488,
          "_memory": 128
        },
        "output": {
          "begin": "1730496905.937369",
          "cold_start_var": "",
          "container_id": "68f7bb4e",
          "end": "1730496906.854325",
          "is_cold": true,
          "request_id": "8342d0fc-8e3f-4df1-a975-2d79d58ddff7",
          "result": {},
          "results_time": 0
        },
        "provider_times": {
          "execution": 995540,
          "initialization": 137450
        },
        "request_id": "8342d0fc-8e3f-4df1-a975-2d79d58ddff7",
        "stats": {
          "cold_start": true,
          "failure": false,
          "memory_used": 46.0
        },
        "times": {
          "benchmark": 916956,
          "client": 2275213,
          "client_begin": "2024-11-01 21:35:05.390111",
          "client_end": "2024-11-01 21:35:07.665324",
          "http_first_byte_return": 2.271134,
          "http_startup": 0.240184,
          "initialization": 0
        }
      },
      "87328520-fb14-4322-83a7-cba8697c5a94": {
        "billing": {
          "_billed_time": 1021,
          "_gb_seconds": 130688,
          "_memory": 128
        },
        "output": {
          "begin": "1730496906.096873",
          "cold_start_var": "",
          "container_id": "285515ef",
          "end": "1730496907.039413",
          "is_cold": true,
          "request_id": "87328520-fb14-4322-83a7-cba8697c5a94",
          "result": {},
          "results_time": 0
        },
        "provider_times": {
          "execution": 1020210,
          "initialization": 132220
        },
        "request_id": "87328520-fb14-4322-83a7-cba8697c5a94",
        "stats": {
          "cold_start": true,
          "failure": false,
          "memory_used": 47.0
        },
        "times": {
          "benchmark": 942540,
          "client": 2407437,
          "client_begin": "2024-11-01 21:35:05.454775",
          "client_end": "2024-11-01 21:35:07.862212",
          "http_first_byte_return": 2.407397,
          "http_startup": 0.300319,
          "initialization": 0
        }
      },
      "87d16eef-b407-45c4-bd85-3eaa55144cd7": {
        "billing": {
          "_billed_time": 986,
          "_gb_seconds": 126208,
          "_memory": 128
        },
        "output": {
          "begin": "1730496906.112324",
          "cold_start_var": "",
          "container_id": "98ade2b8",
          "end": "1730496907.039803",
          "is_cold": true,
          "request_id": "87d16eef-b407-45c4-bd85-3eaa55144cd7",
          "result": {},
          "results_time": 0
        },
        "provider_times": {
          "execution": 985980,
          "initialization": 157330
        },
        "request_id": "87d16eef-b407-45c4-bd85-3eaa55144cd7",
        "stats": {
          "cold_start": true,
          "failure": false,
          "memory_used": 46.0
        },
        "times": {
          "benchmark": 927479,
          "client": 2350827,
          "client_begin": "2024-11-01 21:35:05.449023",
          "client_end": "2024-11-01 21:35:07.799850",
          "http_first_byte_return": 2.350725,
          "http_startup": 0.318872,
          "initialization": 0
        }
      },
      "8ae7a37b-031b-4eb4-937f-950b085ab948": {
        "billing": {
          "_billed_time": 1035,
          "_gb_seconds": 132480,
          "_memory": 128
        },
        "output": {
          "begin": "1730496905.863992",
          "cold_start_var": "",
          "container_id": "aed30658",
          "end": "1730496906.821321",
          "is_cold": true,
          "request_id": "8ae7a37b-031b-4eb4-937f-950b085ab948",
          "result": {},
          "results_time": 0
        },
        "provider_times": {
          "execution": 1034599,
          "initialization": 138850
        },
        "request_id": "8ae7a37b-031b-4eb4-937f-950b085ab948",
        "stats": {
          "cold_start": true,
          "failure": false,
          "memory_used": 47.0
        },
        "times": {
          "benchmark": 957329,
          "client": 2263601,
          "client_begin": "2024-11-01 21:35:05.395374",
          "client_end": "2024-11-01 21:35:07.658975",
          "http_first_byte_return": 2.26347,
          "http_startup": 0.183269,
          "initialization": 0
        }
      },
      "8fa12691-3ba2-46a2-b64d-58cd458073cb": {
        "billing": {
          "_billed_time": 1018,
          "_gb_seconds": 130304,
          "_memory": 128
        },
        "output": {
          "begin": "1730496906.079070",
          "cold_start_var": "",
          "container_id": "75283786",
          "end": "1730496907.037606",
          "is_cold": true,
          "request_id": "8fa12691-3ba2-46a2-b64d-58cd458073cb",
          "result": {},
          "results_time": 0
        },
        "provider_times": {
          "execution": 1017760,
          "initialization": 145140
        },
        "request_id": "8fa12691-3ba2-46a2-b64d-58cd458073cb",
        "stats": {
          "cold_start": true,
          "failure": false,
          "memory_used": 46.0
        },
        "times": {
          "benchmark": 958536,
          "client": 2317090,
          "client_begin": "2024-11-01 21:35:05.444432",
          "client_end": "2024-11-01 21:35:07.761522",
          "http_first_byte_return": 2.317054,
          "http_startup": 0.288091,
          "initialization": 0
        }
      },
      "9fab1278-dc1b-49af-82e5-0edec1fb8ef2": {
        "billing": {
          "_billed_time": 1014,
          "_gb_seconds": 129792,
          "_memory": 128
        },
        "output": {
          "begin": "1730496906.056271",
          "cold_start_var": "",
          "container_id": "e4ecaca7",
          "end": "1730496906.986343",
          "is_cold": true,
          "request_id": "9fab1278-dc1b-49af-82e5-0edec1fb8ef2",
          "result": {},
          "results_time": 0
        },
        "provider_times": {
          "execution": 1013570,
          "initialization": 142600
        },
        "request_id": "9fab1278-dc1b-49af-82e5-0edec1fb8ef2",
        "stats": {
          "cold_start": true,
          "failure": false,
          "memory_used": 47.0
        },
        "times": {
          "benchmark": 930072,
          "client": 2409144,
          "client_begin": "2024-11-01 21:35:05.400936",
          "client_end": "2024-11-01 21:35:07.810080",
          "http_first_byte_return": 2.409066,
          "http_startup": 0.333725,
          "initialization": 0
        }
      },
      "a8660254-bac7-43d3-ac51-ac1e32e4a750": {
        "billing": {
          "_billed_time": 1018,
          "_gb_seconds": 130304,
          "_memory": 128
        },
        "output": {
          "begin": "1730496905.757986",
          "cold_start_var": "",
          "container_id": "afb5f8dc",
          "end": "1730496906.697834",
          "is_cold": true,
          "request_id": "a8660254-bac7-43d3-ac51-ac1e32e4a750",
          "result": {},
          "results_time": 0
        },
        "provider_times": {
          "execution": 1017120,
          "initialization": 136350
        },
        "request_id": "a8660254-bac7-43d3-ac51-ac1e32e4a750",
        "stats": {
          "cold_start": true,
          "failure": false,
          "memory_used": 46.0
        },
        "times": {
          "benchmark": 939848,
          "client": 2211317,
          "client_begin": "2024-11-01 21:35:05.368576",
          "client_end": "2024-11-01 21:35:07.579893",
          "http_first_byte_return": 2.211103,
          "http_startup": 0.090281,
          "initialization": 0
        }
      },
      "a8834d8b-4241-4bc3-9647-f737811226f4": {
        "billing": {
          "_billed_time": 991,
          "_gb_seconds": 126848,
          "_memory": 128
        },
        "output": {
          "begin": "1730496906.037711",
          "cold_start_var": "",
          "container_id": "5f06c09c",
          "end": "1730496906.950344",
          "is_cold": true,
          "request_id": "a8834d8b-4241-4bc3-9647-f737811226f4",
          "result": {},
          "results_time": 0
        },
        "provider_times": {
          "execution": 990240,
          "initialization": 136630
        },
        "request_id": "a8834d8b-4241-4bc3-9647-f737811226f4",
        "stats": {
          "cold_start": true,
          "failure": false,
          "memory_used": 46.0
        },
        "times": {
          "benchmark": 912633,
          "client": 2312590,
          "client_begin": "2024-11-01 21:35:05.437944",
          "client_end": "2024-11-01 21:35:07.750534",
          "http_first_byte_return": 2.312548,
          "http_startup": 0.285417,
          "initialization": 0
        }
      },
      "aa67a9f5-cdd7-4e46-83c0-dd5b4bb907cd": {
        "billing": {
          "_billed_time": 1027,
          "_gb_seconds": 131456,
          "_memory": 128
        },
        "output": {
          "begin": "1730496906.102415",
          "cold_start_var": "",
          "container_id": "5679e227",
          "end": "1730496907.051723",
          "is_cold": true,
          "request_id": "aa67a9f5-cdd7-4e46-83c0-dd5b4bb907cd",
          "result": {},
          "results_time": 0
        },
        "provider_times": {
          "execution": 1026400,
          "initialization": 141120
        },
        "request_id": "aa67a9f5-cdd7-4e46-83c0-dd5b4bb907cd",
        "stats": {
          "cold_start": true,
          "failure": false,
          "memory_used": 46.0
        },
        "times": {
          "benchmark": 949308,
          "client": 2392340,
          "client_begin": "2024-11-01 21:35:05.401622",
          "client_end": "2024-11-01 21:35:07.793962",
          "http_first_byte_return": 2.39228,
          "http_startup": 0.363508,
          "initialization": 0
        }
      },
      "c130c845-c3ab-46ac-b71b-13dd19a5a9e5": {
        "billing": {
          "_billed_time": 1020,
          "_gb_seconds": 130560,
          "_memory": 128
        },
        "output": {
          "begin": "1730496906.064565",
          "cold_start_var": "",
          "container_id": "e2907867",
          "end": "1730496907.005856",
          "is_cold": true,
          "request_id": "c130c845-c3ab-46ac-b71b-13dd19a5a9e5",
          "result": {},
          "results_time": 0
        },
        "provider_times": {
          "execution": 1019700,
          "initialization": 135300
        },
        "request_id": "c130c845-c3ab-46ac-b71b-13dd19a5a9e5",
        "stats": {
          "cold_start": true,
          "failure": false,
          "memory_used": 47.0
        },
        "times": {
          "benchmark": 941291,
          "client": 2406461,
          "client_begin": "2024-11-01 21:35:05.424847",
          "client_end": "2024-11-01 21:35:07.831308",
          "http_first_byte_return": 2.406407,
          "http_startup": 0.326151,
          "initialization": 0
        }
      },
      "c594dcca-a009-4aba-a352-ebb136fed434": {
        "billing": {
          "_billed_time": 979,
          "_gb_seconds": 125312,
          "_memory": 128
        },
        "output": {
          "begin": "1730496906.041425",
          "cold_start_var": "",
          "container_id": "284d0418",
          "end": "1730496906.942787",
          "is_cold": true,
          "request_id": "c594dcca-a009-4aba-a352-ebb136fed434",
          "result": {},
          "results_time": 0
        },
        "provider_times": {
          "execution": 978620,
          "initialization": 129320
        },
        "request_id": "c594dcca-a009-4aba-a352-ebb136fed434",
        "stats": {
          "cold_start": true,
          "failure": false,
          "memory_used": 46.0
        },
        "times": {
          "benchmark": 901362,
          "client": 2367900,
          "client_begin": "2024-11-01 21:35:05.397538",
          "client_end": "2024-11-01 21:35:07.765438",
          "http_first_byte_return": 2.367857,
          "http_startup": 0.336087,
          "initialization": 0
        }
      },
      "c68c5044-5755-418c-867c-42d14b17c6fd": {
        "billing": {
          "_billed_time": 964,
          "_gb_seconds": 123392,
          "_memory": 128
        },
        "output": {
          "begin": "1730496906.070575",
          "cold_start_var": "",
          "container_id": "0b44c25b",
          "end": "1730496906.974916",
          "is_cold": true,
          "request_id": "c68c5044-5755-418c-867c-42d14b17c6fd",
          "result": {},
          "results_time": 0
        },
        "provider_times": {
          "execution": 963310,
          "initialization": 135800
        },
        "request_id": "c68c5044-5755-418c-867c-42d14b17c6fd",
        "stats": {
          "cold_start": true,
          "failure": false,
          "memory_used": 46.0
        },
        "times": {
          "benchmark": 904341,
          "client": 2340437,
          "client_begin": "2024-11-01 21:35:05.445520",
          "client_end": "2024-11-01 21:35:07.785957",
          "http_first_byte_return": 2.340391,
          "http_startup": 0.310938,
          "initialization": 0
        }
      },
      "caef51b9-4f7f-4bf8-a710-ed6cee95950c": {
        "billing": {
          "_billed_time": 1001,
          "_gb_seconds": 128128,
          "_memory": 128
        },
        "output": {
          "begin": "1730496906.045117",
          "cold_start_var": "",
          "container_id": "d2204509",
          "end": "1730496906.986304",
          "is_cold": true,
          "request_id": "caef51b9-4f7f-4bf8-a710-ed6cee95950c",
          "result": {},
          "results_time": 0
        },
        "provider_times": {
          "execution": 1000900,
          "initialization": 138810
        },
        "request_id": "caef51b9-4f7f-4bf8-a710-ed6cee95950c",
        "stats": {
          "cold_start": true,
          "failure": false,
          "memory_used": 47.0
        },
        "times": {
          "benchmark": 941187,
          "client": 2332625,
          "client_begin": "2024-11-01 21:35:05.441151",
          "client_end": "2024-11-01 21:35:07.773776",
          "http_first_byte_return": 2.332582,
          "http_startup": 0.3002,
          "initialization": 0
        }
      },
      "cd8c7e1b-93bf-4ffd-a90e-df254d97e2da": {
        "billing": {
          "_billed_time": 1007,
          "_gb_seconds": 128896,
          "_memory": 128
        },
        "output": {
          "begin": "1730496906.008707",
          "cold_start_var": "",
          "container_id": "329242b3",
          "end": "1730496906.937530",
          "is_cold": true,
          "request_id": "cd8c7e1b-93bf-4ffd-a90e-df254d97e2da",
          "result": {},
          "results_time": 0
        },
        "provider_times": {
          "execution": 1006140,
          "initialization": 138940
        },
        "request_id": "cd8c7e1b-93bf-4ffd-a90e-df254d97e2da",
        "stats": {
          "cold_start": true,
          "failure": false,
          "memory_used": 46.0
        },
        "times": {
          "benchmark": 928823,
          "client": 2373630,
          "client_begin": "2024-11-01 21:35:05.449520",
          "client_end": "2024-11-01 21:35:07.823150",
          "http_first_byte_return": 2.368522,
          "http_startup": 0.261732,
          "initialization": 0
        }
      },
      "d4c0498e-ee38-4737-b815-6e4bf304c5f6": {
        "billing": {
          "_billed_time": 998,
          "_gb_seconds": 127744,
          "_memory": 128
        },
        "output": {
          "begin": "1730496906.076463",
          "cold_start_var": "",
          "container_id": "e1cb94df",
          "end": "1730496906.996161",
          "is_cold": true,
          "request_id": "d4c0498e-ee38-4737-b815-6e4bf304c5f6",
          "result": {},
          "results_time": 0
        },
        "provider_times": {
          "execution": 997030,
          "initialization": 127590
        },
        "request_id": "d4c0498e-ee38-4737-b815-6e4bf304c5f6",
        "stats": {
          "cold_start": true,
          "failure": false,
          "memory_used": 46.0
        },
        "times": {
          "benchmark": 919698,
          "client": 2401674,
          "client_begin": "2024-11-01 21:35:05.387628",
          "client_end": "2024-11-01 21:35:07.789302",
          "http_first_byte_return": 2.401322,
          "http_startup": 0.366542,
          "initialization": 0
        }
      },
      "dfcc9836-684b-47b8-88b7-9b01e5f78f26": {
        "billing": {
          "_billed_time": 1017,
          "_gb_seconds": 130176,
          "_memory": 128
        },
        "output": {
          "begin": "1730496906.014332",
          "cold_start_var": "",
          "container_id": "90e62984",
          "end": "1730496906.953673",
          "is_cold": true,
          "request_id": "dfcc9836-684b-47b8-88b7-9b01e5f78f26",
          "result": {},
          "results_time": 0
        },
        "provider_times": {
          "execution": 1016560,
          "initialization": 140170
        },
        "request_id": "dfcc9836-684b-47b8-88b7-9b01e5f78f26",
        "stats": {
          "cold_start": true,
          "failure": false,
          "memory_used": 47.0
        },
        "times": {
          "benchmark": 939341,
          "client": 2358599,
          "client_begin": "2024-11-01 21:35:05.385907",
          "client_end": "2024-11-01 21:35:07.744506",
          "http_first_byte_return": 2.35854,
          "http_startup": 0.326998,
          "initialization": 0
        }
      },
      "e0774fb6-d3f2-44a1-856a-f8179eddc678": {
        "billing": {
          "_billed_time": 1059,
          "_gb_seconds": 135552,
          "_memory": 128
        },
        "output": {
          "begin": "1730496906.128722",
          "cold_start_var": "",
          "container_id": "91cf413c",
          "end": "1730496907.109877",
          "is_cold": true,
          "request_id": "e0774fb6-d3f2-44a1-856a-f8179eddc678",
          "result": {},
          "results_time": 0
        },
        "provider_times": {
          "execution": 1058610,
          "initialization": 143300
        },
        "request_id": "e0774fb6-d3f2-44a1-856a-f8179eddc678",
        "stats": {
          "cold_start": true,
          "failure": false,
          "memory_used": 46.0
        },
        "times": {
          "benchmark": 981155,
          "client": 2364343,
          "client_begin": "2024-11-01 21:35:05.424637",
          "client_end": "2024-11-01 21:35:07.788980",
          "http_first_byte_return": 2.364305,
          "http_startup": 0.3357,
          "initialization": 0
        }
      },
      "eca7ceba-e831-4d14-b839-092797cffdf2": {
        "billing": {
          "_billed_time": 997,
          "_gb_seconds": 127616,
          "_memory": 128
        },
        "output": {
          "begin": "1730496905.988615",
          "cold_start_var": "",
          "container_id": "9942941e",
          "end": "1730496906.907421",
          "is_cold": true,
          "request_id": "eca7ceba-e831-4d14-b839-092797cffdf2",
          "result": {},
          "results_time": 0
        },
        "provider_times": {
          "execution": 996080,
          "initialization": 140240
        },
        "request_id": "eca7ceba-e831-4d14-b839-092797cffdf2",
        "stats": {
          "cold_start": true,
          "failure": false,
          "memory_used": 47.0
        },
        "times": {
          "benchmark": 918806,
          "client": 2262338,
          "client_begin": "2024-11-01 21:35:05.421520",
          "client_end": "2024-11-01 21:35:07.683858",
          "http_first_byte_return": 2.262246,
          "http_startup": 0.22857,
          "initialization": 0
        }
      },
      "f31c3f97-c940-4d89-a6e1-57c760ff606b": {
        "billing": {
          "_billed_time": 1001,
          "_gb_seconds": 128128,
          "_memory": 128
        },
        "output": {
          "begin": "1730496906.000151",
          "cold_start_var": "",
          "container_id": "b687e68e",
          "end": "1730496906.941476",
          "is_cold": true,
          "request_id": "f31c3f97-c940-4d89-a6e1-57c760ff606b",
          "result": {},
          "results_time": 0
        },
        "provider_times": {
          "execution": 1000000,
          "initialization": 132280
        },
        "request_id": "f31c3f97-c940-4d89-a6e1-57c760ff606b",
        "stats": {
          "cold_start": true,
          "failure": false,
          "memory_used": 46.0
        },
        "times": {
          "benchmark": 941325,
          "client": 2331899,
          "client_begin": "2024-11-01 21:35:05.377692",
          "client_end": "2024-11-01 21:35:07.709591",
          "http_first_byte_return": 2.331828,
          "http_startup": 0.304626,
          "initialization": 0
        }
      },
      "f3cb3a74-c0ef-41df-bb09-014749218b37": {
        "billing": {
          "_billed_time": 1002,
          "_gb_seconds": 128256,
          "_memory": 128
        },
        "output": {
          "begin": "1730496906.122736",
          "cold_start_var": "",
          "container_id": "b048f0ff",
          "end": "1730496907.046875",
          "is_cold": true,
          "request_id": "f3cb3a74-c0ef-41df-bb09-014749218b37",
          "result": {},
          "results_time": 0
        },
        "provider_times": {
          "execution": 1001500,
          "initialization": 138810
        },
        "request_id": "f3cb3a74-c0ef-41df-bb09-014749218b37",
        "stats": {
          "cold_start": true,
          "failure": false,
          "memory_used": 47.0
        },
        "times": {
          "benchmark": 924139,
          "client": 2351210,
          "client_begin": "2024-11-01 21:35:05.448861",
          "client_end": "2024-11-01 21:35:07.800071",
          "http_first_byte_return": 2.351081,
          "http_startup": 0.319864,
          "initialization": 0
        }
      }
    }
  },
  "_metrics": {
    "110_dynamic_html_python_3_8": {}
  },
  "begin_time": 1730496883.679901,
  "config": {
    "deployment": {
      "credentials": {
        "account_id": "314211295665"
      },
      "name": "aws",
      "region": "us-east-1",
      "resources": {
        "http-apis": {
          "110_dynamic_html_python_3_8-http-api": {
            "arn": "arn:aws:execute-api:us-east-1:314211295665:xb3dw1b4y9",
            "endpoint": "https://xb3dw1b4y9.execute-api.us-east-1.amazonaws.com"
          },
          "120_uploader_python_3_8-http-api": {
            "arn": "arn:aws:execute-api:us-east-1:314211295665:orle8njuxg",
            "endpoint": "https://orle8njuxg.execute-api.us-east-1.amazonaws.com"
          },
          "210_thumbnailer_python_3_8-http-api": {
            "arn": "arn:aws:execute-api:us-east-1:314211295665:1owsl69vx2",
            "endpoint": "https://1owsl69vx2.execute-api.us-east-1.amazonaws.com"
          },
          "220_video_processing_python_3_8-http-api": {
            "arn": "arn:aws:execute-api:us-east-1:314211295665:r0135su3ef",
            "endpoint": "https://r0135su3ef.execute-api.us-east-1.amazonaws.com"
          },
          "311_compression_python_3_8-http-api": {
            "arn": "arn:aws:execute-api:us-east-1:314211295665:xtmhwxb7j4",
            "endpoint": "https://xtmhwxb7j4.execute-api.us-east-1.amazonaws.com"
          },
          "501_graph_pagerank_python_3_8-http-api": {
            "arn": "arn:aws:execute-api:us-east-1:314211295665:0i4buwihqd",
            "endpoint": "https://0i4buwihqd.execute-api.us-east-1.amazonaws.com"
          },
          "502_graph_mst_python_3_8-http-api": {
            "arn": "arn:aws:execute-api:us-east-1:314211295665:u5fm1u42s1",
            "endpoint": "https://u5fm1u42s1.execute-api.us-east-1.amazonaws.com"
          },
          "503_graph_bfs_python_3_8-http-api": {
            "arn": "arn:aws:execute-api:us-east-1:314211295665:lwb2q068wg",
            "endpoint": "https://lwb2q068wg.execute-api.us-east-1.amazonaws.com"
          }
        },
        "lambda-role": "arn:aws:iam::314211295665:role/sebs-lambda-role"
      }
    },
    "experiments": {
      "architecture": "arm64",
      "download_results": true,
      "experiments": {},
      "flags": {},
      "runtime": {
        "language": "python",
        "version": "3.8"
      },
      "update_code": false,
      "update_storage": false
    }
  },
  "end_time": 1730496912.865261,
  "result_bucket": null,
  "statistics": {
    "cold_count": 50,
    "failures": [],
    "failures_count": 0,
    "incorrect": [],
    "incorrect_count": 0,
    "samples_generated": 50
  }
}